-- phpMyAdmin SQL Dump
-- version 5.2.2
-- https://www.phpmyadmin.net/
--
-- Host: localhost:3306
-- Generation Time: Oct 07, 2025 at 05:55 AM
-- Server version: 8.0.43-cll-lve
-- PHP Version: 8.4.11

SET SQL_MODE = "NO_AUTO_VALUE_ON_ZERO";
START TRANSACTION;
SET time_zone = "+00:00";


/*!40101 SET @OLD_CHARACTER_SET_CLIENT=@@CHARACTER_SET_CLIENT */;
/*!40101 SET @OLD_CHARACTER_SET_RESULTS=@@CHARACTER_SET_RESULTS */;
/*!40101 SET @OLD_COLLATION_CONNECTION=@@COLLATION_CONNECTION */;
/*!40101 SET NAMES utf8mb4 */;

--
-- Database: `syathibi_koperasi`
--

-- --------------------------------------------------------

--
-- Table structure for table `tbl_anggota`
--

CREATE TABLE `tbl_anggota` (
  `id` int NOT NULL,
  `no_agt` varchar(255) COLLATE utf8mb4_general_ci DEFAULT NULL,
  `name` varchar(255) COLLATE utf8mb4_general_ci DEFAULT NULL,
  `jk` varchar(255) COLLATE utf8mb4_general_ci DEFAULT NULL,
  `binbinti` varchar(255) COLLATE utf8mb4_general_ci DEFAULT NULL,
  `tmp_lahir` varchar(255) COLLATE utf8mb4_general_ci DEFAULT NULL,
  `tgl_lahir` date DEFAULT NULL,
  `nik` varchar(255) COLLATE utf8mb4_general_ci DEFAULT NULL,
  `alamat` varchar(255) COLLATE utf8mb4_general_ci DEFAULT NULL,
  `kongsi1` varchar(255) COLLATE utf8mb4_general_ci DEFAULT NULL,
  `kongsi2` varchar(255) COLLATE utf8mb4_general_ci DEFAULT NULL,
  `kongsi3` varchar(255) COLLATE utf8mb4_general_ci DEFAULT NULL,
  `no_telp` varchar(255) COLLATE utf8mb4_general_ci DEFAULT NULL,
  `status_iuran` int DEFAULT '1'
) ENGINE=InnoDB DEFAULT CHARSET=utf8mb4 COLLATE=utf8mb4_general_ci ROW_FORMAT=DYNAMIC;

--
-- Dumping data for table `tbl_anggota`
--

INSERT INTO `tbl_anggota` (`id`, `no_agt`, `name`, `jk`, `binbinti`, `tmp_lahir`, `tgl_lahir`, `nik`, `alamat`, `kongsi1`, `kongsi2`, `kongsi3`, `no_telp`, `status_iuran`) VALUES
(1, 'KSUA24100001', 'Saiful Anwar S.Pd.I.', 'laki', 'Bin Muhammad Basri', 'Purwodadi ', '1981-05-08', '3173060508790024', 'Kb. Dua Ratus Jakarta Barat', '', '', '', '081384076606', 2),
(2, 'KSUA24100002', 'Nanda Sabila Anwar', 'perempuan', 'Binti Saiful Anwar S.Pd.I.', 'Jakarta ', '2007-10-07', '3173065007070005', 'Kb. Dua Ratus Jakarta Barat', '', '', '', '081384076606', 2),
(3, 'KSUA24100003', 'Fathimah Anwar', 'perempuan', 'Binti Saiful Anwar S.Pd.I.', 'Jakarta ', '2007-03-27', '3173066703170017', 'Kb. Dua Ratus Jakarta Barat', '', '', '', '081384076606', 2),
(4, 'KSUA24100004', 'Juniarto', 'laki', 'Bin Turjono', 'Pekalongan ', '1971-03-04', '3173060304710004', 'Kebonduaratus No 25. Kamal.', '', '', '', '', 1),
(5, 'KSUA24100005', 'Ropiah', 'perempuan', 'Binti  Ropingi', 'Jakarta ', '1975-06-07', '3173064607750015', 'Kebon Dua Ratus Jakarta Barat', '', '', '', '085891435416', 1),
(6, 'KSUA24100006', 'Maemun', 'laki', 'Bin Sakat', 'Bojonegoro ', '1973-07-19', '3578172207830010', 'Kb. Dua Ratus Jakarta Barat', '', '', '', '', 2),
(7, 'KSUA24100007', 'Fitria Djuharia', 'perempuan', 'Binti Baiman Koham', 'Surabaya', '1982-07-30', '3578047007820012', 'Kb. Dua Ratus Jakarta Barat', '', '', '', '081282491460', 2),
(8, 'KSUA24100008', 'Yetti Rachmawati', 'perempuan', 'Binti Sukarmin', 'Cirebon ', '1977-02-22', '3173066202770007', 'Jakarta Barat', '', '', '', '08161451342', 2),
(9, 'KSUA24100009', 'Fatchul Munir', 'laki', 'Bin Hadi Noorohmad', 'Semarang ', '1976-05-11', '3173061105760004', 'Jakarta Barat', '', '', '', '085885330840', 2),
(10, 'KSUA24100010', 'Slamet Nur Hadi', 'laki', 'Bin Paino Prasetyo', 'Pasuruan ', '1989-12-19', '3514201912890002', 'Pergudangan PID Blok H No 4', '', '', '', '', 2),
(11, 'KSUA24100011', 'Bunga Tustiani', 'perempuan', 'Binti Asmo Wiharjo Samijo', 'Wonogiri ', '1992-08-11', '3312075108920003', 'Pergudangan PID Blok H No 4', '', '', '', '085280696884', 2),
(12, 'KSUA24100012', 'Mukhammad Syafii', 'laki', 'Bin Slamet Nur Hadi', 'Wonogiri ', '1992-08-01', '3312072812170002', 'Pergudangan PID Blok H No 4', '', '', '', '', 2),
(13, 'KSUA24100013', 'Mirda Baini', 'perempuan', 'Binti Muhzani', 'Tangerang ', '1982-07-18', '3603145807820006', 'Tangerang', '', '', '', '085730359885', 1),
(14, 'KSUA24100014', 'Dandi Putra Islami', 'laki', 'Bin Sardi', 'Tangerang ', '2006-01-25', '3603142501060002', 'Tangerang', '', '', '', '', 1),
(15, 'KSUA24100015', 'Uswatun khasanah', 'perempuan', 'Binti Djumadi', 'Purbalingga ', '1983-06-05', '3603144506830013', 'Perumahan Puri Kamal ', '', '', '', '087780325668', 2),
(16, 'KSUA24100016', 'Ai Laela', 'perempuan', 'Binti Indi Suhendi', 'Cianjur ', '1976-02-02', '3603144202760004', 'Jl. Keb. Mede Jakbar', '', '', '', '085776297080', 2),
(17, 'KSUA24100017', 'Alistina', 'perempuan', 'Binti Sugeng', 'Malang  ', '1980-11-02', '3173014211800015', 'Kp. Sawah Mede Jakbar', '', '', '', '087883653020', 2),
(18, 'KSUA24100018', 'Mochamad Saleh', 'laki', 'Bin Djunaedi', 'Jakarta  ', '1981-04-11', '3173011104810005', 'Kp. Sawah Mede Jakbar', '', '', '', '', 2),
(19, 'KSUA24100019', 'Mardi', 'laki', 'Bin Mahsan', 'Jakarta', '1990-05-12', '3173061205900009', 'Jakarta Barat', '', '', '', '', 1),
(20, 'KSUA24100020', 'Winda Rosita', 'perempuan', 'Binti Syarifudin', 'Jambi ', '1990-08-20', '3603146008900004', 'Dadap Tangerang', '', '', '', '0895324482058', 1),
(21, 'KSUA24100021', 'Heru herianto', 'laki', 'Bin A.Rozi', 'Jakarta ', '1984-04-02', '3173060204840007', 'Kp. DADAP ROMENE RT.01 / 011', '', '', '', '', 2),
(22, 'KSUA24100022', 'Aziz Purnama', 'laki', 'Bin Akhmad Nasrojikin', 'Tegal ', '2001-07-20', '3173062007010008', 'Kb. Dua Ratus Jakarta Barat', '', '', '', '', 2),
(23, 'KSUA24100023', 'Kusdiati', 'perempuan', 'Binti Salyo', 'Tegal ', '1976-04-13', '3173065304760010', 'Kp. Sawah Mede Jakbar', '', '', '', '087878614884', 2),
(24, 'KSUA24100024', 'Isa Yusuf', 'laki', 'Bin Yusuf', 'Brebes ', '1982-08-13', '3173011308821001', 'Jakarta Barat', '', '', '', '', 2),
(25, 'KSUA24100025', 'Tri Widianingsih', 'perempuan', 'Binti Tumino', 'Purworejo ', '1981-06-08', '31730148068110001', 'Kb. Dua Ratus Jakarta Barat', '', '', '', '082119088185', 2),
(26, 'KSUA24100026', 'Naning & Listy', 'perempuan', 'Binti Mulyono', 'Jakarta ', '1989-05-18', '3173085805890004', 'Jakarta Barat', '', '(CC) Naning Metriyani', '', '085772509313', 1),
(27, 'KSUA24100027', 'Suwanti', 'perempuan', 'Binti Kurdi', 'Jakarta ', '1961-08-18', '3173065808610003', 'Jakarta Barat', '', '', '', '081389140229', 1),
(28, 'KSUA24100028', 'Yasmirin', 'perempuan', 'Binti Supar (Alm)', 'Blora ', '1978-03-12', '3173065203780010', 'Kp. Belakang RawaTerong', '', '', '', '081225490252', 2),
(29, 'KSUA24100029', 'M. Carudin', 'laki', 'Bin Dakim', 'Brebes ', '1976-07-20', '3173062007760007', 'Kp. Belakang Rawa Terong', '', '', '', '', 2),
(30, 'KSUA24100030', 'Ridhan Maulana Al Fadhila', 'laki', 'Bin M. carudin', 'Brebes ', '2004-04-08', '3329160408040003', 'Kp. Belakang RawaTerong', '', '', '', '', 2),
(31, 'KSUA24100031', 'Rano Hertono', 'laki', 'Bin Herman', 'Tangerang', '1981-09-16', '3603141609810002', 'Jakarta Barat', '', '', '', '', 1),
(32, 'KSUA24100032', 'Nining Yuhaeni', 'perempuan', 'Binti Wastama', 'Indramayu ', '1983-11-11', '3603145111830001', 'Jakarta Barat', '', '', '', '0881012433458', 1),
(33, 'KSUA24100033', 'Kayyisah Hafidzah As shofa', 'perempuan', 'Binti Rano Hertono', 'Tangerang ', '2016-05-18', '3603145805160001', 'Jakarta Barat', '', '', '', '0881012433458', 1),
(34, 'KSUA24100034', 'Isabella Septiani', 'perempuan', 'Binti Juju Junaidi', 'Wonogiri ', '1993-09-26', '3312076609930002', 'Dadap Tangerang', '', '', '', '081348052665', 1),
(35, 'KSUA24100035', 'Aisyah', 'perempuan', 'Binti Aji', 'Indramayu ', '1992-04-21', '3212016104920002', 'Kp. Belakang', '(CC) Rohanah', '', '', '083819474085', 2),
(36, 'KSUA24100036', 'Farida', 'perempuan', 'Binti Muhammad Johar', 'Palembang', '1979-02-12', '3603145202790004', 'Perum Duta Bandara Permai', '', '', '', '082122246827', 2),
(37, 'KSUA24100037', 'Surifno', 'laki', 'Bin Ngadimin', 'Batang ', '1981-02-18', '3173061802810007', 'Batu Ceper Tangerang', '', '', '', '', 2),
(38, 'KSUA24100038', 'Dahliyah', 'perempuan', 'Binti Rasuli', 'Batang ', '1983-06-10', '3173065006830026', 'Batu Ceper Tangerang', '', '', '', '085771798524', 2),
(39, 'KSUA24100039', 'Permaisuri', 'perempuan', 'Binti Ahmad HS', 'Palembang ', '1973-06-27', '3172016706730008', 'Jakarta Barat', '', '', '', '081314756344', 1),
(40, 'KSUA24100040', 'Erah Nasaroh', 'perempuan', 'Binti Idris', 'Kuningan ', '1982-01-04', '3603144401820006', 'Perum Griya Dadap Tangerang', '', '', '', '085718782653', 1),
(41, 'KSUA24100041', 'Sunarti', 'perempuan', 'Binti Bibit Biyanto', 'Klaten ', '1976-05-26', '3603146605760001', 'Kp Kebon Besar Tangerang', '', '', '', '082386545304', 2),
(42, 'KSUA24100042', 'Marsan', 'laki', 'Bin Mardi', 'Jakarta ', '1988-10-03', '3173060310880007', 'Jakarta Barat', '', '', '', '', 1),
(43, 'KSUA24100043', 'Yanti Heryanti', 'perempuan', 'Binti Udi', 'Cirebon ', '1986-09-01', '3603144109860006', 'Cirebon', '', '', '', '081388883295', 1),
(44, 'KSUA24100044', 'Nadi Gunaedy', 'laki', 'Bin Ahman Dirin', 'Jakarta ', '1976-03-25', '31730625037660001', 'Jakarta Barat', '', '', '', '', 1),
(45, 'KSUA24100045', 'Anah', 'perempuan', 'Binti Aming', 'Jakarta ', '1977-06-15', '3173065506770007', 'Jakarta Barat', '', '', '', '089275772576', 1),
(46, 'KSUA24100046', 'Sana\'ah', 'perempuan', 'Binti Samid', 'Cirebon ', '1980-05-03', '3209385504820002', 'Tangerang', '', '', '', '083825148459', 1),
(47, 'KSUA24100047', 'Nuriah', 'perempuan', 'Binti Muhadi', 'Pemalang ', '1983-07-25', '3173066507830008', 'Jakarta Barat', '', '', '', '081310075383', 2),
(48, 'KSUA24100048', 'Muhammad Hamdany Munawwa', 'laki', 'Binti Fatchul Munir', ' Jakarta ', '2002-05-31', '3173063105020005', 'Jakarta/ Solo', '', '', '', '', 2),
(49, 'KSUA24100049', 'Neneng Helawati', 'perempuan', 'Binti Marwan Idrus', 'Tangerang ', '1983-03-23', '3603146303830007', 'Tangerang', '', '', '', '087826102431', 2),
(50, 'KSUA24100050', 'Dwi Suwita Handayani', 'perempuan', 'Binti Satari', 'Purworejo ', '1989-07-03', '3173014307890014', 'Duta Bandara Permao', '', '', '', '087878883237', 1),
(51, 'KSUA24100051', 'Endang Sulis', 'perempuan', 'Binti Jaid', 'Mengandungsari', '1981-02-09', '3173064902810010', 'Cluster Griya Dadap A8/21', '', '', '', '085711163328', 1),
(52, 'KSUA24100052', 'Tri Nuria', 'perempuan', 'Binti Marsudi', 'Telogorejo', '2002-11-02', '1807064211020003', 'Pergudangan Pantai Indah Dadap', '', '', '', '083852620417', 1),
(53, 'KSUA24100053', 'Putri Rodiati', 'perempuan', 'Binti Juremi', 'Buana Sakti ', '2003-03-25', '1807066503030003', 'Pergudangan Pantai Indah Dadap.png', '', '', '', '085781816495', 1),
(54, 'KSUA24100054', 'Nina Novita', 'perempuan', 'Binti Kateman', 'Jakarta ', '1983-11-23', '3173066311830011', 'Pergudangan pantai indah dadap', '', '', '', '081280084764', 1),
(55, 'KSUA24100055', 'Siti Kusriyah', 'perempuan', 'Binti Sarjono', 'Magelang ', '1979-08-07', '3173014708790009', 'Kebun Mede Kamal Jakarta Barat', '(CC) Sum Sumiati', '', '', '081311202788', 1),
(56, 'KSUA24100056', 'Kuliyah Rusyidah', 'perempuan', 'Binti Katemi', 'Magelang ', '1984-06-10', '3173065006840022', 'Jakarta ', '(CC) Santi', '', '', '081908662577', 1),
(57, 'KSUA24100057', 'Nurul Khotimah', 'perempuan', 'Binti Moh.Khaerudin', 'Kebumen', '1986-03-26', '3305016603860009', 'Perum.Dadap Indah BlokC3 No.18', '', '', '', '082111033972', 1),
(58, 'KSUA24100058', 'Mulyadi', 'laki', 'Bin Rohat', 'Pemalang ', '1977-05-25', '3173062505770017', 'Tangerang', '', '', '', '', 1),
(59, 'KSUA24100059', 'Megawati Turnip', 'perempuan', 'Binti Betin Turnip', 'Pematang Siantar ', '1975-09-15', '3173065509750017', 'Jakarta Barat', '', '', '', '0895340172091', 1),
(60, 'KSUA24100060', 'Priyati Sri Ekosani', 'perempuan', 'Binti Ahmad Makhali', 'Jakarta ', '1969-07-31', '3172017107690001', 'Jakarta Barat', '', '', '', '087887226581', 1),
(61, 'KSUA24100061', 'Mariya', 'perempuan', 'Binti Padli', 'Cirebon', '1984-04-02', '3209195107840008', 'Kayu Besar Jakarta Barat', '', '', '', '081514620945', 1),
(62, 'KSUA24100062', 'Jovan Abi Nugroho', 'laki', 'Bin Maemun', 'Surabaya ', '2007-05-17', '3578041705070005', 'Surabaya', '', '', '', '', 1),
(63, 'KSUA24100063', 'Turmiyati', 'perempuan', 'Binti Parto Diharjo (alm)', 'Jakarta ', '1976-06-12', '3173065206760024', 'Rawa Melati Jakbar', '(CC) Iis Masitoh', '(CC) Ani Kuswanti', '(CC) Chomsah Lusiah', '', 1),
(64, 'KSUA24100064', 'Aulia Nur Septiani ', 'perempuan', 'Binti Gimin', 'Jakarta ', '2006-09-06', '3603144609000006', 'Griya Dadap', '', '', '', '082122156560', 1),
(65, 'KSUA24100065', 'Mukhammad Syafii 2', 'laki', 'Slamet Nur Hadi', 'Wonogiri , 11-08-1992', '1992-08-11', '3312072812170002', 'Pergudangan PID Blok H No 4', '', '', '', '085280696884', 1),
(66, 'KSUA24100066', 'Sartini', 'perempuan', 'Binti Dul Basar', 'Jakarta ', '1974-04-10', '3173065004740006', 'Jakarta Barat', '', '', '', '089635813842', 1),
(67, 'KSUA24100067', 'Rakmadi', 'laki', 'Bin Kasnan', 'Brebes ', '1979-06-25', '3329142506790004', 'Pulogading', '', '', '', '', 1),
(68, 'KSUA24100068', 'Slamet Agung Wahono', 'laki', 'Bin Soetrisno', 'Grobogan ', '1991-10-31', '3315023110910002', 'Jln. Raya Dadap no 30 A', '', '', '', '', 1),
(69, 'KSUA24100069', 'Abdul Charis', 'laki', 'Bin Machfudz', 'Cirebon ', '1998-03-12', '3209311203980006', 'Jl. Kp. Sawah Jakarta Barat', '(CC) Edi Susanto', '', '', '', 1),
(70, 'KSUA24100070', 'Dela Nia Wati', 'perempuan', 'Binti Sardi', 'Makartitama ', '1995-04-22', '1805286204950001', 'Tangerang', '', '', '', '081219048537', 1),
(71, 'KSUA24100071', 'Maya Komala Sari', 'perempuan', 'Binti Fajri', 'Bogor ', '1982-07-14', '3201185407820003', 'Kalideres Jakarta Barat', '', '', '', '083130711582', 1),
(72, 'KSUA24100072', 'Mumus', 'laki', 'Bin Suanda', 'Lebak', '1999-07-24', '3602122407990001', 'Kp. Maraya', '', '', '', '', 1),
(73, 'KSUA24100073', 'M syabilan', 'laki', 'Bin Basrowi', 'Tangerang', '1982-09-07', '3603110709820012', 'Jakarta Barat', '', '', '', '', 1),
(74, 'KSUA24100074', 'Agus Triwibowo', 'laki', 'Bin Sri Suseno', 'Klaten ', '1985-09-23', '3310102309850001', 'Wonogiri,', '', '', '', '', 1),
(75, 'KSUA24100075', 'Ariswanto', 'laki', 'Bin Samdani', 'Brebes ', '1990-12-12', '3329101212900002', 'Dadap Tangerang', 'Muhamad Khariri', 'Aji Respati', 'Rusdi', '', 1),
(76, 'KSUA24100076', 'Sulami', 'perempuan', 'Binti Muhadi', 'Sragen ', '1974-10-15', '3603144202740002', 'Tangerang', '', '', '', '082122395392', 1),
(77, 'KSUA24100077', 'Siti Alwiyah', 'perempuan', 'Binti Darsono', 'Batang ', '1988-08-16', '3604205609880002', 'Jakarta Barat', '', '', '', '081218017651', 1),
(78, 'KSUA24100078', 'Mulhimmah', 'perempuan', 'Binti Ahmad Jazuli', 'Bekasi ', '1989-08-23', '3216016308890003', 'Bekasi', '', '', '', '087817061576', 1),
(79, 'KSUA24100079', 'Ipah aripah', 'perempuan', 'Binti Adzan sudjana', 'Jakarta ', '1974-01-12', '3173065201740006', ' Jl.Kampung Sawah Mede', '', '', '', '08881860927', 1),
(80, 'KSUA24100080', 'Ratmo', 'laki', 'Bin Sakiman', 'Wonogiri ', '1983-05-29', '3173062905830007', 'Jl. Kampung Sawah Mede', '', '', '', '', 1),
(81, 'KSUA24100081', 'Soleman', 'laki', 'Bin Sohid', 'Kebumen ', '1973-09-04', '3603140409730001', 'Tangerang', '', '', '', '', 1),
(82, 'KSUA24100082', 'Ipit Pitriyani', 'perempuan', 'Binti Nendi', 'Bogor ', '1988-03-05', '3201194503880009', 'Kali Deres Jakbar', '', '', '', '085772567748', 1),
(83, 'KSUA24100083', 'Erna Dwi Wulandari', 'perempuan', 'Binti Sugeng', 'Wonogiri ', '1992-12-28', '3312076812920001', 'Kp. Sawah Mede', '', '', '', '081283505909', 1),
(84, 'KSUA24100084', 'Sutarni', 'perempuan', 'Binti Kamijan', 'Wonogiri ', '1992-12-29', '3173067012700012', 'Kebon Mede', '(CC) Juniyati', '', '', '085770758525', 1),
(85, 'KSUA24100085', 'Sutini', 'perempuan', 'Binti Suwitotaruno', 'Wonogiri ', '1992-12-30', '3603144808720001', 'Tangerang', '', '', '', '085295395239', 1),
(86, 'KSUA24100086', 'Rastono', 'laki', 'Bin Raswid', 'Tegal', '1990-01-01', '1801130101900039', 'Tangerang', '', '', '', '', 1),
(87, 'KSUA24100087', 'Fadil Sumadiono', 'laki', 'Bin Sukardi', 'Jakarta ', '1973-11-21', '3174022111680002', 'Jakarta Selatan', '', '', '', '', 1),
(88, 'KSUA24100088', 'Rosika', 'perempuan', 'Binti Mursin Utama', 'Jakarta ', '1980-04-22', '3175016204800005', 'Kebon Mede Jakbar', '', '', '', '089526679573', 1),
(89, 'KSUA24100089', 'Yani', 'perempuan', 'Binti Saman', 'Tangerang ', '1988-06-09', '3603144906880003', 'Kp. Dadap Sawah Tangerang', '', '', '', '087889907664', 1),
(90, 'KSUA24100090', 'Heni Susanti', 'perempuan', 'Binti SADJI', 'Grobogan ', '1982-01-27', '3603146701820005', 'Tangerang', '(CC) Nur Janah', '', '', '085884543755', 1),
(91, 'KSUA24100091', 'Harsih Hastuti', 'perempuan', 'Binti Turiman mulyo sudarmo', 'Kebumen', '1994-02-05', '3305164502940001', 'Jln Kebon Mede Rt001/ Rw006 No 145', '', '', '', '08999207389', 1),
(92, 'KSUA24100092', 'Saiful Anwar S.Pd.I. ( 2 )', 'laki', 'Bin Muhammad Basri', 'Purwodadi', '1981-05-08', '3173060508790024', 'Kb. Dua Ratus Jakarta Barat', '', '', '', '081384076606', 1),
(93, 'KSUA24100093', 'Sairoh', 'perempuan', 'Binti Ramin', 'Indramayu ', '1977-01-05', '3212154501770004', 'Jakarta Barat', '', '', '', '081514296480', 1),
(94, 'KSUA24100094', 'Barokah', 'perempuan', 'Binti H. Abdurakhim', 'Pemalang ', '1969-06-12', '3173065206690002', 'Kamal Kali Deres Jakarta Barat', '', '', '', '085771392401', 1),
(95, 'KSUA24100095', 'Sri Haryati', 'perempuan', 'Binti Siman', 'Jakarta ', '1993-01-17', '3173065701930008', 'Jakarta Barat', '', '', '', '085778634882', 1),
(96, 'KSUA24100096', 'Ichlas Tawakal', 'laki', 'Binti Sjachrian Affandi', 'Bekasi ', '1991-03-28', '3275042803910014', 'Bekasi Selatan', '', '', '', '', 1),
(97, 'KSUA24100097', 'Sardi', 'laki', 'Bin Saripin', 'Tangerang, ', '1971-02-13', '3601174606990001', 'Kosambi , Tangerang, Banten', '(CC) Nadya Firda', '(CC) Rahayu Utami', '', '', 1),
(98, 'KSUA24100098', 'Mega Dwi Faujiah', 'perempuan', 'Binti Akhmad Nasrojikin', 'Tangerang ', '2007-06-11', '3173065106070008', 'Kalideres Jakarta Barat ', '', '', '', '087878614884', 1),
(99, 'KSUA24100099', 'Sahati ', 'perempuan', 'Binti Wiro utomo', 'Sleman ', '1968-03-23', '3173066203680004', 'Jakarta Barat', '', '', '', '089531004463', 1),
(100, 'KSUA24100100', 'Ananda Putri Alisa', 'perempuan', 'Binti Mochamad Saleh', 'Jakarta ', '2006-01-11', '3173015101061003', 'Kp. Sawah Mede', '', '', '', '087883653020', 1),
(101, 'KSUA24100101', 'Annisa Halwa', 'perempuan', 'Binti Fachrudin', 'Jakarta ', '2003-11-10', '3173065011030007', 'Jakarta Barat', '', '', '', '083811956146', 1),
(102, 'KSUA24100102', 'Teguh Pamuji', 'laki', 'Bin Sandarto (alm)', 'Kebumen ', '1982-08-04', '3305180408820002', 'Tangerang', '', '', '', '', 1),
(103, 'KSUA24100103', 'Darussalam', 'laki', 'Bin Sri Nurbaiti', 'jakarta ', '1985-03-28', '3173012803850021', 'Jakarta Barat', '', '', '', '', 1),
(104, 'KSUA24100104', 'Dada Wilda Munawar', 'laki', 'Bin Eddy Djunaedy (alm)', 'Cianjur ', '1969-06-08', '3603140806690003', 'Jl. Raya Dadap no 30 A', '', '', '', '', 1),
(105, 'KSUA24100105', 'Amirkan', 'laki', 'Bin Romdhon', 'Demak ', '1997-10-16', '3321121610970001', 'Lingkungan III Tegal Alur Jakbar', '(CC) Dede Suparno', '', '', '', 1),
(106, 'KSUA24100106', 'Siti Saniati', 'perempuan', 'Binti Sukoyo', 'Pekalongan ', '1985-01-31', '3326117101850021', 'DKI Jakarta', '', '', '', '085932975632', 1),
(107, 'KSUA24100107', 'Naila Khilya', 'perempuan', 'Binti Fachrudin', 'Jakarta ', '2006-06-21', '3173066106060002', 'Jakarta Barat', '', '', '', '085697669398', 1),
(108, 'KSUA24100108', 'Farida Nurul Huda', 'perempuan', 'Binti Baiman Koham', 'Surabaya ', '1984-06-07', '3578044706840003', 'Surabaya', '', '', '', '', 1),
(109, 'KSUA24100109', 'Muhamad Irfan', 'laki', 'Bin Iran', 'Bogor ', '1988-05-14', '3201151405880007', 'Kebon Mede', '', '', '', '', 1),
(110, 'KSUA24100110', 'Anita Fitria Hariwijaya', 'perempuan', 'Binti Sutiswo', 'Banjarnegara', '1989-05-08', '3173064805891002', 'Dadap Indah A2 No.4', '', '', '', '081339321308', 1),
(111, 'KSUA24100111', 'Nina Yuliasih', 'perempuan', 'Binti Agus Salim', 'Tangerang ', '1991-11-23', '3671086311910005', 'JL. Lingkungan 3, Rt.09/03 Tegal Alur', '', '', '', '085706317613', 1),
(112, 'KSUA24110112', 'Mufidah', 'perempuan', 'Binti No\'at', 'Pemalang ', '1983-02-10', '3173015002830010', 'Jl. Kampung Sawah Mede', 'CC. Murdaningrum', '', '', '08159557790', 1),
(117, 'OTHER', 'lainnya', NULL, NULL, NULL, NULL, NULL, NULL, NULL, NULL, NULL, NULL, 1);

-- --------------------------------------------------------

--
-- Table structure for table `tbl_barang`
--

CREATE TABLE `tbl_barang` (
  `id` int NOT NULL,
  `kode_barang` varchar(100) COLLATE utf8mb4_general_ci DEFAULT NULL,
  `nama_barang` varchar(100) COLLATE utf8mb4_general_ci DEFAULT NULL,
  `jenis` int DEFAULT NULL,
  `harga_beli` decimal(10,0) DEFAULT NULL,
  `harga_jual` decimal(10,0) DEFAULT NULL,
  `qty` decimal(10,0) DEFAULT NULL,
  `uom` varchar(100) COLLATE utf8mb4_general_ci DEFAULT NULL,
  `margin` decimal(10,0) DEFAULT NULL,
  `create_at` datetime DEFAULT NULL,
  `tgl_update_stock` datetime DEFAULT NULL,
  `set_diskon` decimal(10,0) DEFAULT '0',
  `min_qty` int DEFAULT '0',
  `status` int DEFAULT '1',
  `status_barang` int NOT NULL
) ENGINE=InnoDB DEFAULT CHARSET=utf8mb4 COLLATE=utf8mb4_general_ci ROW_FORMAT=DYNAMIC;

--
-- Dumping data for table `tbl_barang`
--

INSERT INTO `tbl_barang` (`id`, `kode_barang`, `nama_barang`, `jenis`, `harga_beli`, `harga_jual`, `qty`, `uom`, `margin`, `create_at`, `tgl_update_stock`, `set_diskon`, `min_qty`, `status`, `status_barang`) VALUES
(1, 'BRG-2502-0001', 'GULA', 1, 665000, 690000, 111, 'karung', 25000, '2025-02-27 08:53:35', '2025-03-20 22:33:18', NULL, NULL, 0, 1),
(2, 'BRG-2502-0002', 'GULA jangan di pakai', 1, 0, 0, 0, 'Kg', 0, '2025-02-27 08:57:23', '2025-07-26 22:00:58', NULL, NULL, 1, 1),
(3, 'BRG-2502-0003', 'Gula GMP 1KG', 1, 16500, 18000, 43, 'Kg', 0, '2025-02-27 08:57:49', '2025-09-27 13:05:03', NULL, NULL, 1, 2),
(4, 'BRG-2502-0004', 'INDOMIE AYAM SPESIAL @DOS', 1, 109000, 115000, 0, 'DOS', 0, '2025-02-27 08:58:11', '2025-09-27 13:23:48', NULL, NULL, 1, 2),
(5, 'BRG-2502-0005', 'INDOMIE GORENG DOS', 1, 115000, 120000, 0, 'DOS', 0, '2025-02-27 08:58:37', '2025-09-27 13:06:36', NULL, NULL, 1, 2),
(6, 'BRG-2502-0006', 'INDOMIE GORENG ECER / PCS', 1, 2900, 3500, 28, 'Pcs', 0, '2025-02-27 08:58:54', '2025-09-27 13:06:24', NULL, NULL, 1, 2),
(7, 'BRG-2502-0007', 'INDOMIE SOTO DOS', 1, 111000, 115000, 0, 'DOS', 0, '2025-02-27 09:00:12', '2025-09-27 13:16:47', NULL, NULL, 1, 2),
(8, 'BRG-2502-0008', 'KECAP SEDAP @520ml', 1, 7500, 8500, 0, 'Ml', 0, '2025-02-27 09:00:54', '2025-09-27 13:17:02', NULL, NULL, 1, 2),
(9, 'BRG-2502-0009', 'MINYAK KITA @1L (ecer) ', 1, 16500, 18000, 10, 'L', 0, '2025-02-27 09:01:17', '2025-09-27 13:18:22', NULL, NULL, 1, 2),
(10, 'BRG-2502-0010', 'MIKA TELOR PACK', 1, 25000, 30000, 0, 'Pack', 0, '2025-02-27 09:02:49', '2025-09-27 13:22:24', NULL, NULL, 1, 2),
(11, 'BRG-2502-0011', 'MIKA TELOR @pcs', 1, 950, 1000, 0, 'Pcs', 0, '2025-02-27 09:03:19', '2025-09-29 15:36:38', NULL, NULL, 1, 2),
(12, 'BRG-2502-0012', 'TELOR PETI @15Kg', 1, 425000, 430000, 0, 'KRAT', 0, '2025-02-27 09:03:49', '2025-09-29 13:43:02', NULL, NULL, 1, 2),
(13, 'BRG-2502-0013', 'TELOR ECER', 1, 158500, 160000, 0, 'Kg', 0, '2025-02-27 09:04:17', '2025-09-29 13:43:22', NULL, NULL, 1, 2),
(14, 'BRG-2502-0014', 'TERIGU LENCANA MERAH', 1, 110000, 115000, 0, 'Kg', 5000, '2025-02-27 09:05:22', '2025-02-27 09:05:22', 0, 0, 1, 2),
(15, 'BRG-2502-0015', 'TERIGU LENCANA MERAH', 1, 128000, 130000, 0, 'Kg', 2000, '2025-02-27 09:05:36', '2025-02-27 09:05:36', 0, 0, 1, 2),
(16, 'BRG-2502-0016', 'TROPICAL @ 2 LTR KRAT (6 PCS)', 1, 230000, 240000, 0, 'KRAT', 0, '2025-02-27 09:06:03', '2025-09-29 14:07:07', NULL, NULL, 1, 2),
(17, 'BRG-2502-0017', 'MINYAK TROPICAL @2L', 1, 38500, 41000, 18, 'L', 0, '2025-02-27 09:06:27', '2025-09-29 14:52:21', NULL, NULL, 1, 2),
(18, 'BRG-2502-0018', 'BERAS SYATHIBI @ 5 KG ', 1, 67500, 75000, 5, 'Kg', 0, '2025-02-27 09:12:50', '2025-09-29 14:53:22', NULL, NULL, 1, 2),
(19, 'BRG-2503-0019', 'BERAS ZAKAT FITRAH 2,7 KG', 1, 40000, 45000, 0, 'Pack', 5000, '2025-03-06 14:08:50', '2025-03-06 14:16:26', 0, 20, 1, 2),
(20, 'BRG-2503-0020', 'BERAS ZAKAT 2,7 KG (PANITIA)', 1, 40000, 43000, 0, 'Pack', 3000, '2025-03-06 14:12:45', '2025-03-25 13:33:14', NULL, NULL, 1, 2),
(21, 'BRG-2503-0021', 'BERAS SYATHIBI 10 LITER ', 1, 111600, 125000, 9, 'Pack', 0, '2025-03-07 21:02:46', '2025-09-29 15:12:54', NULL, NULL, 1, 2),
(22, 'BRG-2503-0022', 'BERAS 10 LITER (GROSER)', 1, 111600, 123000, 0, 'Pack', 0, '2025-03-07 21:16:19', '2025-09-29 15:14:38', NULL, NULL, 1, 2),
(23, 'BRG-2503-0023', 'AQUAVIT BOTOL 600 L ( DOS)', 1, 28000, 31000, 0, 'DOS', 0, '2025-03-09 11:26:24', '2025-09-29 15:14:58', NULL, NULL, 1, 2),
(24, 'BRG-2503-0024', 'KECAP NASIONAL 220 ML DOS ISI 24', 1, 148000, 150000, 0, 'Pack', 0, '2025-03-16 14:13:33', '2025-09-29 15:16:31', NULL, NULL, 1, 2),
(25, 'BRG-2503-0025', 'BERAS BARU ( TDK DI JUAL )', 1, 0, 670000, 0, 'Kg', 0, '2025-03-17 23:40:05', '2025-09-29 15:16:51', NULL, NULL, 1, 1),
(26, 'BRG-2503-0026', 'INDOMIE SOTO ECER ( jangan di pake )', 1, 2725, 2900, 0, 'Pcs', 0, '2025-03-26 12:04:38', '2025-09-29 15:18:18', NULL, NULL, 1, 1),
(27, 'BRG-2503-0027', 'BERAS  SYATHIBI 50 KG', 1, 685000, 730000, 0, 'karung', 0, '2025-03-26 12:59:09', '2025-09-29 15:18:40', NULL, NULL, 1, 2),
(28, 'BRG-2503-0028', 'BERAS SYATHIBI 20 KG', 1, 274000, 290000, 0, 'Kg', 0, '2025-03-28 13:14:39', '2025-09-29 15:20:29', NULL, NULL, 1, 2),
(29, 'BRG-2504-0029', 'KECAP NASIONAL 220 ML / PCS', 1, 6200, 7000, 2, 'Ml', 0, '2025-04-21 23:20:40', '2025-09-29 15:21:26', NULL, NULL, 1, 2),
(30, 'BRG-2504-0030', 'BERAS ECER ( JAMAAH)', 1, 13700, 15000, 0, 'Kg', 0, '2025-04-24 10:25:19', '2025-09-29 15:23:11', NULL, NULL, 1, 2),
(31, 'BRG-2504-0031', 'AQUAVIT BOTOL 600 ML', 1, 1170, 2000, 144, 'BTL', 0, '2025-04-30 14:08:06', '2025-09-29 15:23:27', NULL, NULL, 1, 2),
(32, 'BRG-2504-0032', 'AQUAVIT GELAS  ( DOS )', 1, 18000, 21000, 22, 'DOS', 0, '2025-04-30 14:53:07', '2025-09-29 15:24:13', NULL, NULL, 1, 2),
(33, 'BRG-2505-0033', 'Modal Awal Unit Usaha', 1, 0, 115000000, 0, 'Rp', 0, '2025-05-22 15:48:37', '2025-05-22 15:48:37', NULL, NULL, 0, 2),
(34, 'BRG-2505-0034', 'INDOMIE SOTO ECER / PCS', 1, 2850, 3000, 20, 'Pcs', 0, '2025-05-28 05:48:34', '2025-09-29 15:25:07', NULL, NULL, 1, 2),
(35, 'BRG-2506-0035', 'BERAS SYATHIBI 5 KG PAKET KUSUS', 1, 68500, 73000, 0, 'Kg', 0, '2025-06-02 23:57:49', '2025-09-29 15:25:44', NULL, NULL, 1, 2),
(36, 'BRG-2506-0036', 'BERAS SYATHIBI 25 KG', 1, 342500, 380000, 0, 'Kg', 0, '2025-06-12 19:14:59', '2025-09-29 15:27:12', NULL, NULL, 1, 2),
(37, 'BRG-2506-0037', 'MINYAK KITA 2 L DOS', 1, 195000, 210000, 0, 'DOS', 0, '2025-06-18 15:10:35', '2025-09-29 15:29:21', NULL, NULL, 1, 2),
(38, 'BRG-2506-0038', 'MINYAK KITA 2 LITER ECER', 1, 32500, 35000, 2, 'L', 0, '2025-06-22 12:45:31', '2025-09-29 15:30:06', NULL, NULL, 1, 2),
(39, 'BRG-2506-0039', 'MIKA TELOR', 1, 0, 50000, 1, 'Pack', 0, '2025-06-22 13:31:01', '2025-06-22 13:31:01', NULL, NULL, 0, 2),
(40, 'BRG-2506-0040', 'TEPUNG TERIGU SEGI TIGA BIRU 1KG', 1, 8600, 10000, 23, 'Kg', 0, '2025-06-26 16:14:43', '2025-09-29 15:31:56', NULL, NULL, 1, 2),
(41, 'BRG-2507-0041', 'BERAS ECER LITERAN', 1, 11050, 13000, 0, 'L', 0, '2025-07-02 17:00:04', '2025-09-29 15:33:03', NULL, NULL, 1, 2),
(42, 'BRG-2507-0042', 'MINYAK SUNCO 2L', 1, 36000, 41000, 1, 'L', 0, '2025-07-16 13:21:00', '2025-09-29 15:35:12', NULL, NULL, 1, 2),
(43, 'BRG-2507-0043', 'PRISTINNE PH 400 ML', 1, 2500, 4500, 17, 'BTL', 0, '2025-07-22 13:10:47', '2025-09-29 15:36:24', NULL, NULL, 1, 2),
(44, 'BRG-2507-0044', 'SUPER O2 600 ML', 1, 10000, 11500, 0, 'BTL', 0, '2025-07-22 13:11:51', '2025-09-29 15:37:05', NULL, NULL, 1, 2),
(45, 'BRG-2507-0045', 'SUPER O2 385 ML', 1, 5000, 6000, 0, 'BTL', 0, '2025-07-22 13:12:36', '2025-09-29 15:37:45', NULL, NULL, 1, 2),
(46, 'BRG-2507-0046', 'LARUTAN  350 ML', 1, 7000, 8000, 17, 'BTL', 0, '2025-07-22 13:20:15', '2025-09-29 15:38:01', NULL, NULL, 1, 2),
(47, 'BRG-2507-0047', 'TUJUH KURMA 189 ML', 1, 10000, 11000, 7, 'BTL', 0, '2025-07-22 13:21:14', '2025-09-29 15:38:19', NULL, NULL, 1, 2),
(48, 'BRG-2507-0048', 'KOPI ABC SUSU ', 1, 1600, 2000, 89, 'Pack', 0, '2025-07-22 13:22:48', '2025-09-29 15:38:39', NULL, NULL, 1, 2),
(49, 'BRG-2507-0049', 'GUDDAY MOCACINO ECER', 1, 1600, 2000, 47, 'Pack', 0, '2025-07-22 13:23:36', '2025-09-29 15:38:59', NULL, NULL, 1, 2),
(50, 'BRG-2507-0050', 'GARAM DAPUR 250 GRAM', 1, 4000, 5000, 36, 'Pack', 0, '2025-07-22 13:24:32', '2025-09-29 15:39:32', NULL, NULL, 1, 2),
(51, 'BRG-2507-0051', 'INDOMILK KIDS COKLAT', 1, 2300, 3000, 5, 'Pack', 0, '2025-07-22 13:25:50', '2025-09-29 15:41:54', NULL, NULL, 1, 2),
(52, 'BRG-2507-0052', 'INDOMILK KIDS STROBERY', 1, 2300, 3000, 14, 'Pack', 0, '2025-07-22 13:26:42', '2025-09-29 15:43:42', NULL, NULL, 1, 2),
(53, 'BRG-2507-0053', 'KOPI KAPAL API MIX ', 1, 1800, 2500, 26, 'Pack', 0, '2025-07-22 13:27:26', '2025-09-29 15:44:14', NULL, NULL, 1, 2),
(54, 'BRG-2507-0054', 'SUSU BERUANG', 1, 10000, 12000, 2, 'BTL', 0, '2025-07-22 13:28:18', '2025-09-29 15:45:04', NULL, NULL, 1, 2),
(55, 'BRG-2507-0055', 'TEH PUCUK', 1, 3000, 4000, 18, 'BTL', 0, '2025-07-22 13:28:58', '2025-09-29 15:45:18', NULL, NULL, 1, 2),
(56, 'BRG-2507-0056', 'LE MINERALE 600 ML', 1, 2000, 3000, 38, 'BTL', 0, '2025-07-22 13:29:45', '2025-09-29 15:45:33', NULL, NULL, 1, 2),
(57, 'BRG-2507-0057', 'LE MINERALE 330 ML', 1, 1200, 2000, 24, 'BTL', 0, '2025-07-22 13:30:27', '2025-09-29 15:45:50', NULL, NULL, 1, 2),
(58, 'BRG-2507-0058', 'KOPI ABC BOTOL', 1, 3000, 4000, 1, 'BTL', 0, '2025-07-22 13:31:07', '2025-09-29 15:46:03', NULL, NULL, 1, 2),
(59, 'BRG-2507-0059', 'YAKULT', 1, 2000, 3000, 6, 'BTL', 0, '2025-07-22 13:31:41', '2025-09-29 15:46:27', NULL, NULL, 1, 2),
(60, 'BRG-2507-0060', 'GOOD DAY BOTOL 250 ML', 1, 5000, 6000, 5, 'BTL', 0, '2025-07-28 13:21:21', '2025-09-29 15:46:44', NULL, NULL, 1, 2),
(61, 'BRG-2507-0061', 'KECAP BANGO 265 GRAM ', 1, 9000, 10000, 9, 'Pcs', 0, '2025-07-28 13:25:21', '2025-09-29 15:46:58', NULL, NULL, 1, 2),
(62, 'BRG-2508-0062', 'BERAS SYATHIBI MERAH  5 KG', 1, 7300, 78000, 5, 'Kg', 0, '2025-08-05 09:48:58', '2025-09-29 15:47:37', NULL, NULL, 1, 2),
(63, 'BRG-2508-0063', 'BERAS SYATHIBI MERAH 50 KG', 1, 70000, 720000, 0, 'karung', 0, '2025-08-05 10:06:25', '2025-09-29 15:48:07', NULL, NULL, 1, 2),
(64, 'BRG-2508-0064', 'KOPI KAPAL API RENTENG', 1, 16000, 18000, 4, 'Pack', 0, '2025-08-05 10:11:19', '2025-09-29 15:48:38', NULL, NULL, 1, 2),
(65, 'BRG-2508-0065', 'KOPI GOOD DAY RENTENG', 1, 16000, 18000, 5, 'Pack', 0, '2025-08-05 10:12:30', '2025-09-29 15:48:57', NULL, NULL, 1, 2),
(66, 'BRG-2508-0066', 'KOPI ABC SUSU RENTENG', 1, 17000, 19000, 0, 'Pcs', 0, '2025-08-05 10:13:13', '2025-09-29 15:49:16', NULL, NULL, 1, 2),
(67, 'BRG-2508-0067', 'CRYSTALIN 600ML', 1, 2500, 3000, 0, 'BTL', 0, '2025-08-11 18:40:43', '2025-09-29 15:49:28', NULL, NULL, 1, 2),
(68, 'BRG-2508-0068', 'BERAS AN DONG 5 KG', 1, 74000, 79000, 0, 'Kg', 0, '2025-08-12 13:46:16', '2025-09-29 15:49:54', NULL, NULL, 1, 2),
(69, 'BRG-2508-0069', 'AIR ALAM BTL 330 ML', 1, 1500, 2000, 0, 'BTL', 0, '2025-08-12 13:49:39', '2025-09-29 15:50:09', NULL, NULL, 1, 2),
(70, 'BRG-2508-0070', 'OASIS +  500 ML', 1, 5000, 6000, 0, 'BTL', 0, '2025-08-12 13:52:04', '2025-09-29 15:50:23', NULL, NULL, 1, 2),
(71, 'BRG-2508-0071', 'KOPI PAHIT ECER', 1, 1000, 1500, 49, 'Pcs', 0, '2025-08-25 21:36:50', '2025-09-29 15:50:38', NULL, NULL, 1, 2),
(72, 'BRG-2508-0072', 'KOPI PAHIT RENCENG', 1, 10000, 12000, 12, 'Pack', 0, '2025-08-25 21:38:23', '2025-09-29 15:50:51', NULL, NULL, 1, 2),
(73, 'BRG-2508-0073', 'TELOR KELOAN', 1, 28300, 30000, 0, 'Kg', 0, '2025-08-28 20:12:22', '2025-09-29 15:51:41', NULL, NULL, 1, 2),
(74, 'BRG-2509-0074', 'BERAS MERAH ECERAN  KG', 1, 14000, 15500, 19, 'Kg', 0, '2025-09-03 22:50:18', '2025-09-29 15:52:03', NULL, NULL, 1, 2),
(75, 'BRG-2509-0075', 'SARI KACANG HIJAU 250 ML', 1, 5000, 6000, 0, 'Pcs', 0, '2025-09-07 12:01:26', '2025-09-29 15:52:17', NULL, NULL, 1, 2),
(76, 'BRG-2509-0076', 'POCARI SWEAT', 1, 6000, 7000, 7, 'BTL', 0, '2025-09-08 17:53:51', '2025-09-29 15:52:39', NULL, NULL, 1, 2),
(77, 'BRG-2509-0077', 'BERAS MT ECERAN liter', 1, 11000, 12500, 0, 'L', 0, '2025-09-09 20:03:02', '2025-09-29 15:54:05', NULL, NULL, 1, 2),
(78, 'BRG-2509-0078', 'BERAS MERAH LITER', 1, 11300, 12500, 0, 'L', 0, '2025-09-09 20:06:06', '2025-09-29 15:54:40', NULL, NULL, 1, 2),
(79, 'BRG-2509-0079', 'INDOMIE AYAM SPECIAL ECER', 1, 2750, 3000, 25, 'Pcs', 0, '2025-09-10 15:45:41', '2025-09-29 15:55:04', NULL, NULL, 1, 2),
(80, 'BRG-2509-0080', 'BERAS HU ECER LITERAN', 1, 11000, 12000, 0, 'L', 0, '2025-09-11 19:04:41', '2025-09-29 15:55:28', NULL, NULL, 1, 2),
(81, 'BRG-2509-0081', 'BERAS HU ECER KILOAN', 1, 13600, 15000, 6, 'Kg', 0, '2025-09-14 10:48:55', '2025-09-29 15:55:53', NULL, NULL, 1, 2),
(82, 'BRG-2509-0082', 'MINYAK GRANCO 2 LITER', 1, 34000, 38000, 3, 'Pack', 0, '2025-09-21 10:38:20', '2025-09-29 15:56:24', NULL, NULL, 1, 2);

-- --------------------------------------------------------

--
-- Table structure for table `tbl_deposit`
--

CREATE TABLE `tbl_deposit` (
  `id` int NOT NULL,
  `anggota_id` int DEFAULT NULL,
  `nominal` decimal(10,0) DEFAULT NULL,
  `date` date DEFAULT NULL,
  `status` varchar(255) CHARACTER SET utf8mb4 COLLATE utf8mb4_general_ci DEFAULT NULL
) ENGINE=InnoDB DEFAULT CHARSET=utf8mb4 COLLATE=utf8mb4_0900_ai_ci;

--
-- Dumping data for table `tbl_deposit`
--

INSERT INTO `tbl_deposit` (`id`, `anggota_id`, `nominal`, `date`, `status`) VALUES
(1, 1, 500000, '2025-03-14', '1'),
(2, 2, 500000, '2025-03-14', '1'),
(3, 3, 500000, '2025-03-17', '1'),
(4, 4, 500000, '2025-03-17', '1'),
(5, 5, 500000, '2025-03-17', '1'),
(6, 6, 500000, '2025-03-17', '1'),
(7, 7, 500000, '2025-03-17', '1'),
(8, 8, 500000, '2025-03-17', '1'),
(9, 9, 500000, '2025-03-17', '1'),
(10, 10, 500000, '2025-03-17', '1'),
(11, 11, 500000, '2025-03-17', '1'),
(12, 12, 500000, '2025-03-17', '1'),
(13, 13, 500000, '2025-03-17', '1'),
(14, 20, 500000, '2025-03-17', '1'),
(15, 19, 500000, '2025-03-18', '1'),
(16, 18, 500000, '2025-03-18', '1'),
(17, 17, 500000, '2025-03-18', '1'),
(18, 16, 500000, '2025-03-18', '1'),
(19, 15, 500000, '2025-03-18', '1'),
(20, 14, 500000, '2025-03-18', '1'),
(21, 30, 500000, '2025-03-18', '1'),
(22, 29, 500000, '2025-03-18', '1'),
(23, 28, 500000, '2025-03-18', '1'),
(24, 27, 500000, '2025-03-18', '1'),
(25, 26, 500000, '2025-03-18', '1'),
(26, 25, 500000, '2025-03-18', '1'),
(27, 24, 500000, '2025-03-18', '1'),
(28, 23, 500000, '2025-03-18', '1'),
(29, 21, 500000, '2025-03-18', '1'),
(30, 22, 500000, '2025-03-18', '1'),
(31, 40, 500000, '2025-03-18', '1'),
(32, 39, 500000, '2025-03-18', '1'),
(33, 38, 500000, '2025-03-18', '1'),
(34, 37, 500000, '2025-03-18', '1'),
(35, 36, 500000, '2025-03-18', '1'),
(36, 31, 500000, '2025-03-18', '1'),
(37, 112, 500000, '2025-03-18', '1'),
(38, 111, 500000, '2025-03-18', '1'),
(39, 35, 500000, '2025-03-18', '1'),
(40, 34, 500000, '2025-03-18', '1'),
(41, 50, 500000, '2025-03-18', '1'),
(42, 33, 500000, '2025-03-18', '1'),
(43, 32, 500000, '2025-03-18', '1'),
(44, 49, 500000, '2025-03-18', '1'),
(45, 48, 500000, '2025-03-18', '1'),
(46, 47, 500000, '2025-03-18', '1'),
(47, 46, 500000, '2025-03-18', '1'),
(48, 45, 500000, '2025-03-18', '1'),
(49, 44, 500000, '2025-03-18', '1'),
(50, 41, 500000, '2025-03-18', '1'),
(51, 43, 500000, '2025-03-18', '1'),
(52, 42, 500000, '2025-03-18', '1'),
(53, 60, 500000, '2025-03-18', '1'),
(54, 59, 500000, '2025-03-18', '1'),
(55, 58, 500000, '2025-03-18', '1'),
(56, 57, 500000, '2025-03-18', '1'),
(57, 56, 500000, '2025-03-18', '1'),
(58, 55, 500000, '2025-03-18', '1'),
(59, 54, 500000, '2025-03-18', '1'),
(60, 53, 500000, '2025-03-18', '1'),
(61, 52, 500000, '2025-03-18', '1'),
(62, 51, 500000, '2025-03-18', '1'),
(63, 70, 500000, '2025-03-18', '1'),
(64, 110, 500000, '2025-03-18', '1'),
(65, 109, 500000, '2025-03-18', '1'),
(66, 108, 500000, '2025-03-18', '1'),
(67, 107, 500000, '2025-03-18', '1'),
(68, 106, 500000, '2025-03-18', '1'),
(69, 105, 500000, '2025-03-18', '1'),
(70, 104, 500000, '2025-03-18', '1'),
(71, 101, 500000, '2025-03-18', '1'),
(72, 103, 500000, '2025-03-18', '1'),
(73, 102, 500000, '2025-03-18', '1'),
(74, 100, 500000, '2025-03-18', '1'),
(75, 99, 500000, '2025-03-18', '1'),
(76, 98, 500000, '2025-03-18', '1'),
(77, 97, 500000, '2025-03-18', '1'),
(78, 96, 500000, '2025-03-18', '1'),
(79, 95, 500000, '2025-03-18', '1'),
(80, 94, 500000, '2025-03-18', '1'),
(81, 93, 500000, '2025-03-18', '1'),
(82, 92, 500000, '2025-03-18', '1'),
(83, 91, 500000, '2025-03-18', '1'),
(84, 90, 500000, '2025-03-18', '1'),
(85, 89, 500000, '2025-03-18', '1'),
(86, 88, 500000, '2025-03-18', '1'),
(87, 87, 500000, '2025-03-18', '1'),
(88, 86, 500000, '2025-03-18', '1'),
(89, 85, 500000, '2025-03-18', '1'),
(90, 80, 500000, '2025-03-18', '1'),
(91, 79, 500000, '2025-03-18', '1'),
(92, 78, 500000, '2025-03-18', '1'),
(93, 77, 500000, '2025-03-18', '1'),
(94, 76, 500000, '2025-03-18', '1'),
(95, 75, 500000, '2025-03-18', '1'),
(96, 74, 500000, '2025-03-18', '1'),
(97, 69, 500000, '2025-03-18', '1'),
(98, 68, 500000, '2025-03-18', '1'),
(99, 84, 500000, '2025-03-18', '1'),
(100, 73, 500000, '2025-03-18', '1'),
(101, 72, 500000, '2025-03-18', '1'),
(102, 71, 500000, '2025-03-18', '1'),
(103, 83, 500000, '2025-03-18', '1'),
(104, 82, 500000, '2025-03-18', '1'),
(105, 81, 500000, '2025-03-18', '1'),
(106, 67, 500000, '2025-03-18', '1'),
(107, 66, 500000, '2025-03-18', '1'),
(108, 61, 500000, '2025-03-18', '1'),
(109, 65, 500000, '2025-03-18', '1'),
(110, 64, 500000, '2025-03-18', '1'),
(111, 63, 500000, '2025-03-18', '1'),
(112, 62, 500000, '2025-03-18', '1');

-- --------------------------------------------------------

--
-- Table structure for table `tbl_dtl_trans`
--

CREATE TABLE `tbl_dtl_trans` (
  `id` int NOT NULL,
  `head_trans` int DEFAULT NULL,
  `kode_barang` varchar(255) COLLATE utf8mb4_general_ci DEFAULT NULL,
  `qty` varchar(255) COLLATE utf8mb4_general_ci DEFAULT NULL,
  `total_harga` varchar(255) COLLATE utf8mb4_general_ci DEFAULT NULL
) ENGINE=InnoDB DEFAULT CHARSET=utf8mb4 COLLATE=utf8mb4_general_ci ROW_FORMAT=DYNAMIC;

--
-- Dumping data for table `tbl_dtl_trans`
--

INSERT INTO `tbl_dtl_trans` (`id`, `head_trans`, `kode_barang`, `qty`, `total_harga`) VALUES
(20, 17, 'BRG-2502-0018', '1', '74000'),
(22, 19, 'BRG-2503-0021', '1', '122000'),
(23, 20, 'BRG-2503-0021', '1', '122000'),
(24, 21, 'BRG-2502-0017', '1', '40000'),
(25, 22, 'BRG-2503-0019', '4', '45000'),
(26, 22, 'BRG-2502-0017', '1', '40000'),
(27, 23, 'BRG-2502-0018', '3', '74000'),
(28, 24, 'BRG-2503-0019', '5', '45000'),
(29, 25, 'BRG-2502-0018', '2', '74000'),
(30, 26, 'BRG-2503-0022', '3', '119000'),
(31, 27, 'BRG-2502-0018', '1', '74000'),
(32, 27, 'BRG-2502-0017', '1', '40000'),
(33, 28, 'BRG-2503-0020', '6', '43000'),
(34, 29, 'BRG-2503-0020', '15', '43000'),
(35, 30, 'BRG-2503-0020', '5', '43000'),
(36, 31, 'BRG-2503-0021', '1', '122000'),
(37, 32, 'BRG-2503-0021', '1', '122000'),
(38, 33, 'BRG-2502-0018', '4', '74000'),
(39, 34, 'BRG-2503-0021', '1', '122000'),
(40, 35, 'BRG-2503-0020', '13', '43000'),
(41, 36, 'BRG-2503-0019', '7', '45000'),
(42, 37, 'BRG-2503-0019', '3', '45000'),
(43, 38, 'BRG-2503-0022', '3', '119000'),
(44, 38, 'BRG-2502-0017', '1', '40000'),
(45, 39, 'BRG-2503-0019', '4', '45000'),
(46, 40, 'BRG-2503-0022', '3', '119000'),
(47, 41, 'BRG-2502-0003', '25', '18000'),
(48, 42, 'BRG-2503-0022', '3', '119000'),
(49, 43, 'BRG-2502-0018', '1', '74000'),
(50, 43, 'BRG-2502-0017', '1', '40000'),
(51, 43, 'BRG-2502-0003', '1', '18000'),
(52, 44, 'BRG-2503-0021', '1', '122000'),
(53, 45, 'BRG-2503-0020', '15', '43000'),
(54, 46, 'BRG-2502-0018', '1', '74000'),
(55, 47, 'BRG-2502-0018', '5', '74000'),
(56, 47, 'BRG-2503-0020', '7', '43000'),
(57, 48, 'BRG-2502-0017', '1', '40000'),
(58, 49, 'BRG-2503-0019', '15', '45000'),
(59, 50, 'BRG-2503-0020', '31', '43000'),
(60, 51, 'BRG-2503-0020', '6', '43000'),
(61, 52, 'BRG-2503-0020', '10', '43000'),
(62, 52, 'BRG-2502-0018', '2', '74000'),
(63, 53, 'BRG-2502-0003', '25', '18000'),
(64, 54, 'BRG-2503-0021', '2', '122000'),
(65, 54, 'BRG-2503-0020', '20', '43000'),
(66, 55, 'BRG-2503-0022', '3', '119000'),
(67, 55, 'BRG-2502-0017', '2', '40000'),
(68, 56, 'BRG-2503-0019', '5', '45000'),
(69, 56, 'BRG-2502-0001', '1', '690000'),
(70, 57, 'BRG-2503-0021', '2', '122000'),
(71, 58, 'BRG-2503-0019', '4', '45000'),
(72, 59, 'BRG-2503-0020', '6', '43000'),
(74, 61, 'BRG-2502-0018', '1', '74000'),
(75, 61, 'BRG-2502-0017', '1', '40000'),
(76, 62, 'BRG-2502-0003', '1', '18000'),
(77, 63, 'BRG-2502-0001', '2', '690000'),
(78, 63, 'BRG-2503-0020', '4', '43000'),
(79, 64, 'BRG-2502-0018', '1', '74000'),
(80, 65, 'BRG-2502-0018', '20', '74000'),
(81, 66, 'BRG-2502-0018', '1', '74000'),
(82, 66, 'BRG-2502-0017', '1', '40000'),
(83, 67, 'BRG-2502-0018', '16', '74000'),
(84, 68, 'BRG-2503-0019', '2', '45000'),
(85, 69, 'BRG-2503-0019', '6', '45000'),
(86, 70, 'BRG-2503-0020', '4', '43000'),
(87, 71, 'BRG-2502-0003', '1', '18000'),
(88, 71, 'BRG-2502-0017', '1', '40000'),
(89, 72, 'BRG-2503-0020', '8', '43000'),
(94, 75, 'BRG-2503-0019', '3', '45000'),
(95, 76, 'BRG-2503-0019', '5', '45000'),
(96, 77, 'BRG-2503-0021', '1', '122000'),
(97, 78, 'BRG-2503-0021', '1', '122000'),
(99, 80, 'BRG-2503-0020', '10', '43000'),
(111, 92, 'BRG-2502-0001', '5', '690000'),
(116, 97, 'BRG-2503-0020', '11', '43000'),
(119, 100, 'BRG-2503-0019', '4', '45000'),
(120, 101, 'BRG-2503-0021', '1', '122000'),
(121, 101, 'BRG-2502-0018', '2', '74000'),
(122, 101, 'BRG-2502-0017', '6', '40000'),
(123, 102, 'BRG-2502-0003', '25', '18000'),
(124, 103, 'BRG-2502-0018', '1', '74000'),
(125, 104, 'BRG-2503-0020', '10', '43000'),
(126, 105, 'BRG-2503-0019', '1', '45000'),
(127, 105, 'BRG-2502-0018', '1', '74000'),
(128, 106, 'BRG-2503-0020', '17', '43000'),
(129, 107, 'BRG-2503-0020', '15', '43000'),
(130, 108, 'BRG-2503-0019', '4', '45000'),
(131, 109, 'BRG-2503-0019', '3', '45000'),
(132, 110, 'BRG-2503-0021', '1', '122000'),
(133, 111, 'BRG-2503-0020', '27', '43000'),
(134, 112, 'BRG-2502-0017', '3', '40000'),
(135, 113, 'BRG-2503-0020', '10', '43000'),
(136, 114, 'BRG-2503-0020', '5', '43000'),
(137, 115, 'BRG-2503-0022', '3', '119000'),
(138, 116, 'BRG-2502-0018', '1', '74000'),
(139, 116, 'BRG-2502-0017', '1', '41000'),
(140, 117, 'BRG-2503-0019', '4', '45000'),
(141, 118, 'BRG-2503-0019', '4', '45000'),
(142, 119, 'BRG-2503-0020', '15', '43000'),
(143, 120, 'BRG-2503-0022', '4', '119000'),
(144, 120, 'BRG-2503-0020', '4', '43000'),
(145, 121, 'BRG-2503-0019', '2', '45000'),
(146, 122, 'BRG-2503-0019', '5', '45000'),
(147, 123, 'BRG-2503-0019', '3', '45000'),
(148, 124, 'BRG-2502-0017', '12', '41000'),
(149, 125, 'BRG-2503-0019', '3', '45000'),
(150, 126, 'BRG-2503-0021', '1', '122000'),
(151, 127, 'BRG-2503-0020', '12', '43000'),
(152, 128, 'BRG-2503-0020', '13', '43000'),
(153, 129, 'BRG-2503-0020', '2', '43000'),
(154, 130, 'BRG-2502-0003', '1', '18000'),
(155, 131, 'BRG-2503-0020', '23', '43000'),
(156, 132, 'BRG-2503-0019', '7', '45000'),
(157, 133, 'BRG-2503-0020', '7', '43000'),
(158, 134, 'BRG-2503-0019', '10', '45000'),
(159, 135, 'BRG-2503-0020', '4', '43000'),
(160, 136, 'BRG-2503-0021', '1', '122000'),
(161, 137, 'BRG-2503-0021', '2', '122000'),
(162, 138, 'BRG-2503-0019', '4', '45000'),
(163, 139, 'BRG-2503-0019', '8', '45000'),
(164, 140, 'BRG-2503-0020', '12', '43000'),
(165, 140, 'BRG-2502-0017', '2', '41000'),
(166, 141, 'BRG-2503-0020', '28', '43000'),
(167, 142, 'BRG-2503-0020', '5', '43000'),
(168, 143, 'BRG-2503-0019', '4', '45000'),
(169, 144, 'BRG-2503-0020', '8', '43000'),
(170, 144, 'BRG-2502-0018', '1', '74000'),
(171, 145, 'BRG-2503-0020', '5', '43000'),
(172, 145, 'BRG-2502-0018', '1', '74000'),
(173, 146, 'BRG-2503-0020', '14', '43000'),
(174, 147, 'BRG-2503-0019', '2', '45000'),
(175, 148, 'BRG-2503-0019', '1', '45000'),
(176, 149, 'BRG-2502-0003', '15', '18000'),
(177, 150, 'BRG-2503-0020', '3', '43000'),
(178, 151, 'BRG-2503-0020', '11', '43000'),
(179, 152, 'BRG-2503-0020', '6', '43000'),
(180, 153, 'BRG-2503-0021', '2', '122000'),
(181, 153, 'BRG-2502-0018', '1', '74000'),
(182, 153, 'BRG-2503-0019', '3', '45000'),
(183, 154, 'BRG-2503-0019', '4', '45000'),
(184, 155, 'BRG-2503-0020', '20', '43000'),
(185, 156, 'BRG-2503-0019', '3', '45000'),
(186, 157, 'BRG-2503-0021', '2', '122000'),
(187, 158, 'BRG-2503-0020', '7', '43000'),
(188, 158, 'BRG-2502-0018', '1', '74000'),
(189, 159, 'BRG-2503-0021', '1', '122000'),
(190, 160, 'BRG-2503-0019', '4', '45000'),
(191, 161, 'BRG-2503-0019', '3', '45000'),
(192, 162, 'BRG-2503-0019', '5', '45000'),
(193, 163, 'BRG-2503-0020', '5', '43000'),
(194, 164, 'BRG-2503-0019', '5', '45000'),
(195, 165, 'BRG-2503-0019', '3', '45000'),
(196, 166, 'BRG-2503-0019', '2', '45000'),
(197, 167, 'BRG-2502-0018', '5', '74000'),
(198, 168, 'BRG-2503-0019', '1', '45000'),
(199, 169, 'BRG-2503-0019', '3', '45000'),
(200, 170, 'BRG-2503-0019', '5', '45000'),
(201, 171, 'BRG-2503-0022', '3', '119000'),
(202, 171, 'BRG-2503-0019', '3', '45000'),
(203, 171, 'BRG-2502-0017', '1', '41000'),
(204, 171, 'BRG-2502-0003', '1', '18000'),
(205, 172, 'BRG-2503-0022', '3', '119000'),
(206, 173, 'BRG-2503-0019', '3', '45000'),
(207, 174, 'BRG-2503-0020', '2', '43000'),
(208, 175, 'BRG-2502-0003', '1', '18000'),
(209, 175, 'BRG-2503-0020', '1', '43000'),
(210, 175, 'BRG-2502-0017', '1', '41000'),
(211, 176, 'BRG-2503-0019', '5', '45000'),
(212, 176, 'BRG-2502-0018', '1', '74000'),
(213, 177, 'BRG-2503-0019', '4', '45000'),
(214, 178, 'BRG-2503-0020', '10', '43000'),
(215, 179, 'BRG-2502-0003', '25', '18000'),
(216, 180, 'BRG-2503-0020', '5', '43000'),
(217, 181, 'BRG-2503-0019', '2', '45000'),
(218, 182, 'BRG-2503-0019', '1', '45000'),
(219, 183, 'BRG-2503-0019', '4', '45000'),
(220, 184, 'BRG-2503-0019', '3', '45000'),
(221, 185, 'BRG-2503-0019', '3', '45000'),
(222, 186, 'BRG-2503-0020', '20', '43000'),
(223, 187, 'BRG-2503-0020', '20', '43000'),
(224, 188, 'BRG-2503-0019', '10', '45000'),
(225, 189, 'BRG-2503-0020', '12', '43000'),
(226, 190, 'BRG-2502-0018', '2', '74000'),
(227, 191, 'BRG-2503-0021', '1', '122000'),
(228, 191, 'BRG-2503-0019', '2', '45000'),
(229, 191, 'BRG-2502-0018', '1', '74000'),
(230, 192, 'BRG-2503-0020', '4', '43000'),
(231, 193, 'BRG-2503-0019', '1', '45000'),
(232, 194, 'BRG-2503-0019', '2', '45000'),
(233, 195, 'BRG-2503-0019', '1', '45000'),
(234, 196, 'BRG-2503-0019', '4', '45000'),
(235, 197, 'BRG-2502-0018', '4', '74000'),
(236, 197, 'BRG-2503-0020', '8', '43000'),
(237, 197, 'BRG-2502-0017', '2', '41000'),
(238, 198, 'BRG-2502-0018', '4', '74000'),
(239, 199, 'BRG-2503-0019', '4', '45000'),
(240, 200, 'BRG-2503-0020', '22', '43000'),
(241, 201, 'BRG-2503-0019', '6', '45000'),
(242, 202, 'BRG-2502-0003', '26', '18000'),
(243, 202, 'BRG-2503-0019', '3', '45000'),
(244, 203, 'BRG-2503-0020', '5', '43000'),
(245, 203, 'BRG-2502-0018', '1', '74000'),
(246, 204, 'BRG-2503-0019', '6', '45000'),
(247, 205, 'BRG-2503-0019', '4', '45000'),
(248, 206, 'BRG-2503-0019', '4', '45000'),
(249, 207, 'BRG-2503-0020', '14', '43000'),
(250, 208, 'BRG-2503-0020', '2', '43000'),
(251, 208, 'BRG-2502-0017', '2', '41000'),
(252, 209, 'BRG-2503-0019', '6', '45000'),
(253, 210, 'BRG-2503-0022', '3', '119000'),
(254, 211, 'BRG-2503-0019', '2', '45000'),
(255, 212, 'BRG-2503-0020', '3', '43000'),
(256, 213, 'BRG-2503-0020', '2', '43000'),
(257, 214, 'BRG-2503-0020', '1', '43000'),
(258, 215, 'BRG-2503-0019', '4', '45000'),
(259, 216, 'BRG-2503-0019', '2', '45000'),
(260, 216, 'BRG-2503-0021', '1', '122000'),
(261, 217, 'BRG-2503-0020', '13', '43000'),
(262, 217, 'BRG-2502-0018', '4', '74000'),
(263, 218, 'BRG-2502-0003', '55', '18000'),
(264, 218, 'BRG-2502-0017', '55', '41000'),
(265, 218, 'BRG-2503-0022', '55', '119000'),
(266, 218, 'BRG-2503-0024', '2', '150000'),
(267, 218, 'BRG-2502-0005', '7', '115000'),
(268, 218, 'BRG-2502-0007', '7', '112000'),
(269, 218, 'BRG-2502-0013', '1', '160000'),
(270, 218, 'BRG-2502-0012', '2', '380000'),
(271, 218, 'BRG-2502-0010', '1', '50000'),
(272, 218, 'BRG-2502-0011', '5', '2000'),
(273, 218, 'BRG-2502-0008', '7', '8500'),
(274, 218, 'BRG-2503-0026', '5', '3000'),
(275, 219, 'BRG-2503-0019', '4', '45000'),
(276, 220, 'BRG-2502-0018', '1', '74000'),
(277, 221, 'BRG-2503-0027', '3', '690000'),
(278, 222, 'BRG-2503-0019', '2', '45000'),
(279, 223, 'BRG-2503-0019', '2', '45000'),
(280, 224, 'BRG-2503-0019', '4', '45000'),
(281, 225, 'BRG-2503-0020', '6', '43000'),
(282, 226, 'BRG-2503-0019', '3', '45000'),
(283, 227, 'BRG-2503-0019', '4', '45000'),
(284, 227, 'BRG-2502-0017', '2', '41000'),
(285, 228, 'BRG-2503-0019', '3', '45000'),
(286, 229, 'BRG-2503-0021', '1', '122000'),
(287, 230, 'BRG-2503-0020', '20', '43000'),
(288, 231, 'BRG-2503-0021', '2', '122000'),
(289, 232, 'BRG-2503-0021', '1', '122000'),
(290, 233, 'BRG-2503-0019', '1', '45000'),
(291, 234, 'BRG-2503-0020', '80', '43000'),
(292, 235, 'BRG-2503-0019', '4', '45000'),
(293, 235, 'BRG-2502-0018', '1', '74000'),
(294, 236, 'BRG-2503-0020', '15', '43000'),
(295, 237, 'BRG-2503-0019', '4', '45000'),
(296, 238, 'BRG-2503-0022', '4', '119000'),
(297, 239, 'BRG-2503-0019', '3', '45000'),
(298, 239, 'BRG-2502-0018', '1', '74000'),
(299, 240, 'BRG-2503-0019', '4', '45000'),
(300, 241, 'BRG-2503-0027', '1', '690000'),
(301, 242, 'BRG-2503-0019', '2', '45000'),
(302, 243, 'BRG-2503-0021', '2', '122000'),
(303, 244, 'BRG-2502-0017', '1', '41000'),
(304, 245, 'BRG-2503-0021', '1', '122000'),
(305, 246, 'BRG-2503-0019', '6', '45000'),
(306, 247, 'BRG-2503-0019', '2', '45000'),
(307, 248, 'BRG-2503-0022', '4', '119000'),
(308, 249, 'BRG-2503-0019', '6', '45000'),
(309, 249, 'BRG-2503-0028', '1', '290000'),
(310, 250, 'BRG-2503-0019', '5', '45000'),
(311, 251, 'BRG-2503-0019', '6', '45000'),
(312, 252, 'BRG-2503-0019', '3', '45000'),
(313, 253, 'BRG-2503-0019', '4', '45000'),
(314, 254, 'BRG-2503-0019', '4', '45000'),
(315, 255, 'BRG-2503-0020', '4', '43000'),
(316, 256, 'BRG-2503-0022', '3', '119000'),
(317, 257, 'BRG-2502-0018', '1', '74000'),
(318, 258, 'BRG-2502-0018', '4', '74000'),
(319, 259, 'BRG-2503-0022', '3', '119000'),
(320, 259, 'BRG-2502-0017', '6', '41000'),
(321, 260, 'BRG-2503-0019', '1', '45000'),
(322, 260, 'BRG-2503-0021', '2', '122000'),
(323, 261, 'BRG-2503-0019', '3', '45000'),
(324, 262, 'BRG-2503-0020', '26', '43000'),
(325, 262, 'BRG-2503-0021', '1', '122000'),
(326, 262, 'BRG-2502-0018', '1', '74000'),
(327, 263, 'BRG-2503-0021', '1', '122000'),
(328, 264, 'BRG-2502-0017', '2', '41000'),
(329, 265, 'BRG-2503-0021', '1', '122000'),
(330, 266, 'BRG-2502-0018', '1', '74000'),
(331, 267, 'BRG-2502-0017', '6', '41000'),
(332, 268, 'BRG-2502-0018', '1', '74000'),
(333, 269, 'BRG-2503-0022', '3', '119000'),
(334, 270, 'BRG-2503-0027', '1', '690000'),
(335, 271, 'BRG-2502-0018', '1', '74000'),
(336, 272, 'BRG-2502-0018', '1', '74000'),
(337, 273, 'BRG-2503-0021', '1', '122000'),
(338, 274, 'BRG-2504-0030', '2', '15000'),
(339, 275, 'BRG-2503-0021', '1', '122000'),
(340, 276, 'BRG-2503-0022', '45', '119000'),
(341, 276, 'BRG-2502-0017', '45', '41000'),
(342, 276, 'BRG-2503-0024', '1', '150000'),
(343, 276, 'BRG-2504-0029', '21', '6250'),
(344, 276, 'BRG-2502-0003', '45', '18000'),
(345, 276, 'BRG-2502-0007', '5', '112000'),
(346, 276, 'BRG-2503-0026', '25', '2900'),
(347, 276, 'BRG-2502-0005', '5', '115000'),
(348, 276, 'BRG-2502-0006', '25', '3500'),
(349, 276, 'BRG-2502-0011', '45', '1000'),
(350, 276, 'BRG-2502-0012', '2', '385000'),
(351, 277, 'BRG-2503-0021', '1', '119000'),
(352, 278, 'BRG-2503-0022', '3', '116000'),
(353, 279, 'BRG-2503-0022', '5', '116000'),
(354, 280, 'BRG-2502-0018', '1', '72000'),
(355, 281, 'BRG-2503-0021', '1', '119000'),
(356, 282, 'BRG-2502-0018', '2', '72000'),
(357, 283, 'BRG-2502-0018', '1', '72000'),
(358, 284, 'BRG-2503-0022', '3', '116000'),
(359, 285, 'BRG-2502-0003', '15', '18000'),
(360, 286, 'BRG-2503-0021', '1', '119000'),
(361, 287, 'BRG-2502-0018', '5', '72000'),
(362, 288, 'BRG-2503-0021', '1', '119000'),
(363, 289, 'BRG-2503-0021', '1', '119000'),
(364, 290, 'BRG-2503-0021', '1', '119000'),
(365, 290, 'BRG-2502-0003', '1', '18000'),
(366, 291, 'BRG-2502-0003', '21', '18000'),
(367, 292, 'BRG-2503-0022', '3', '116000'),
(368, 293, 'BRG-2503-0021', '1', '119000'),
(369, 294, 'BRG-2502-0018', '1', '72000'),
(370, 295, 'BRG-2502-0018', '1', '72000'),
(371, 296, 'BRG-2503-0021', '1', '119000'),
(372, 297, 'BRG-2502-0017', '1', '41000'),
(373, 298, 'BRG-2504-0031', '116', '2000'),
(374, 298, 'BRG-2504-0032', '2', '21000'),
(375, 299, 'BRG-2504-0029', '1', '6250'),
(376, 299, 'BRG-2504-0032', '1', '21000'),
(377, 300, 'BRG-2503-0021', '1', '119000'),
(378, 301, 'BRG-2504-0032', '5', '21000'),
(379, 302, 'BRG-2503-0021', '1', '119000'),
(380, 302, 'BRG-2502-0017', '1', '41000'),
(381, 303, 'BRG-2503-0021', '1', '119000'),
(382, 304, 'BRG-2503-0021', '1', '119000'),
(383, 305, 'BRG-2502-0018', '1', '72000'),
(384, 306, 'BRG-2502-0018', '1', '72000'),
(385, 307, 'BRG-2503-0022', '3', '116000'),
(386, 308, 'BRG-2503-0021', '1', '119000'),
(387, 309, 'BRG-2503-0021', '1', '119000'),
(388, 310, 'BRG-2503-0021', '1', '119000'),
(389, 311, 'BRG-2503-0022', '3', '116000'),
(390, 312, 'BRG-2502-0018', '1', '72000'),
(391, 313, 'BRG-2504-0032', '7', '21000'),
(392, 313, 'BRG-2504-0031', '7', '2000'),
(393, 314, 'BRG-2503-0027', '2', '690000'),
(394, 315, 'BRG-2502-0018', '1', '72000'),
(395, 315, 'BRG-2502-0003', '1', '18000'),
(396, 316, 'BRG-2502-0018', '1', '72000'),
(397, 317, 'BRG-2503-0022', '6', '116000'),
(398, 318, 'BRG-2503-0021', '1', '119000'),
(399, 319, 'BRG-2503-0021', '1', '119000'),
(400, 320, 'BRG-2503-0022', '3', '116000'),
(401, 321, 'BRG-2502-0018', '1', '72000'),
(402, 322, 'BRG-2503-0021', '1', '119000'),
(403, 323, 'BRG-2503-0022', '3', '116000'),
(404, 324, 'BRG-2502-0018', '1', '72000'),
(405, 325, 'BRG-2502-0003', '20', '18000'),
(406, 326, 'BRG-2503-0021', '1', '119000'),
(407, 327, 'BRG-2502-0018', '1', '72000'),
(408, 327, 'BRG-2502-0017', '1', '41000'),
(409, 328, 'BRG-2503-0021', '1', '119000'),
(410, 329, 'BRG-2502-0017', '1', '41000'),
(411, 330, 'BRG-2504-0029', '1', '6250'),
(412, 331, 'BRG-2503-0022', '4', '116000'),
(413, 332, 'BRG-2503-0021', '1', '119000'),
(414, 333, 'BRG-2502-0017', '1', '41000'),
(415, 334, 'BRG-2503-0022', '3', '116000'),
(416, 335, 'BRG-2502-0018', '1', '72000'),
(417, 336, 'BRG-2503-0021', '1', '119000'),
(418, 337, 'BRG-2504-0031', '237', '2000'),
(419, 338, 'BRG-2504-0032', '4', '21000'),
(420, 339, 'BRG-2504-0032', '5', '21000'),
(421, 339, 'BRG-2502-0003', '2', '18000'),
(422, 340, 'BRG-2502-0018', '1', '74000'),
(423, 341, 'BRG-2503-0021', '1', '122000'),
(425, 343, 'BRG-2502-0009', '1', '18000'),
(426, 344, 'BRG-2502-0018', '1', '74000'),
(427, 345, 'BRG-2503-0027', '1', '690000'),
(428, 346, 'BRG-2503-0021', '1', '122000'),
(429, 347, 'BRG-2503-0021', '1', '122000'),
(430, 347, 'BRG-2502-0018', '1', '74000'),
(431, 348, 'BRG-2502-0009', '2', '18000'),
(432, 348, 'BRG-2502-0003', '1', '18000'),
(433, 349, 'BRG-2502-0009', '1', '18000'),
(434, 350, 'BRG-2502-0018', '2', '74000'),
(435, 351, 'BRG-2502-0018', '1', '74000'),
(436, 351, 'BRG-2502-0009', '1', '18000'),
(437, 352, 'BRG-2502-0017', '1', '40000'),
(438, 353, 'BRG-2502-0003', '20', '18000'),
(439, 354, 'BRG-2503-0021', '1', '122000'),
(440, 355, 'BRG-2502-0018', '3', '74000'),
(441, 356, 'BRG-2503-0021', '1', '122000'),
(442, 357, 'BRG-2503-0021', '1', '122000'),
(443, 358, 'BRG-2502-0018', '1', '74000'),
(444, 359, 'BRG-2503-0022', '45', '119000'),
(445, 359, 'BRG-2502-0003', '45', '18000'),
(446, 359, 'BRG-2502-0016', '7', '240000'),
(447, 359, 'BRG-2502-0017', '3', '40000'),
(448, 359, 'BRG-2504-0029', '45', '7000'),
(449, 359, 'BRG-2502-0007', '5', '112000'),
(450, 359, 'BRG-2502-0005', '5', '115000'),
(451, 359, 'BRG-2502-0006', '25', '3500'),
(452, 359, 'BRG-2502-0012', '2', '385000'),
(453, 359, 'BRG-2505-0034', '25', '3000'),
(454, 359, 'BRG-2502-0010', '1', '50000'),
(455, 360, 'BRG-2503-0021', '1', '122000'),
(456, 361, 'BRG-2505-0033', '1', '115000000'),
(457, 362, 'BRG-2502-0017', '6', '40000'),
(458, 363, 'BRG-2502-0018', '1', '74000'),
(459, 364, 'BRG-2502-0003', '16', '18000'),
(460, 365, 'BRG-2503-0021', '1', '122000'),
(461, 365, 'BRG-2503-0023', '1', '31000'),
(462, 366, 'BRG-2506-0035', '200', '73000'),
(463, 367, 'BRG-2503-0021', '1', '122000'),
(464, 368, 'BRG-2502-0018', '2', '74000'),
(465, 369, 'BRG-2504-0032', '1', '21000'),
(466, 370, 'BRG-2504-0032', '2', '21000'),
(467, 371, 'BRG-2503-0021', '1', '122000'),
(468, 372, 'BRG-2503-0021', '1', '122000'),
(469, 373, 'BRG-2502-0018', '1', '74000'),
(470, 373, 'BRG-2502-0009', '1', '18000'),
(471, 374, 'BRG-2503-0021', '1', '122000'),
(472, 375, 'BRG-2502-0018', '1', '74000'),
(473, 376, 'BRG-2502-0003', '11', '18000'),
(474, 377, 'BRG-2502-0018', '1', '74000'),
(475, 377, 'BRG-2502-0017', '2', '40000'),
(476, 378, 'BRG-2503-0021', '2', '122000'),
(477, 379, 'BRG-2502-0017', '2', '40000'),
(478, 380, 'BRG-2502-0018', '1', '74000'),
(479, 381, 'BRG-2503-0021', '1', '122000'),
(480, 382, 'BRG-2502-0018', '2', '74000'),
(481, 383, 'BRG-2503-0021', '1', '122000'),
(482, 384, 'BRG-2503-0021', '1', '122000'),
(483, 385, 'BRG-2502-0018', '3', '74000'),
(484, 386, 'BRG-2502-0018', '1', '74000'),
(485, 387, 'BRG-2502-0003', '20', '18000'),
(486, 388, 'BRG-2503-0021', '1', '122000'),
(487, 389, 'BRG-2502-0003', '1', '18000'),
(488, 390, 'BRG-2502-0003', '1', '18000'),
(489, 390, 'BRG-2502-0009', '1', '18000'),
(490, 391, 'BRG-2502-0018', '1', '74000'),
(491, 391, 'BRG-2502-0017', '1', '40000'),
(492, 392, 'BRG-2503-0027', '1', '690000'),
(493, 393, 'BRG-2503-0021', '1', '122000'),
(494, 393, 'BRG-2502-0003', '2', '18000'),
(495, 393, 'BRG-2504-0029', '1', '7000'),
(496, 394, 'BRG-2503-0021', '1', '122000'),
(497, 395, 'BRG-2502-0009', '1', '18000'),
(498, 396, 'BRG-2503-0021', '1', '122000'),
(499, 397, 'BRG-2503-0027', '2', '690000'),
(500, 398, 'BRG-2503-0021', '1', '122000'),
(501, 399, 'BRG-2503-0021', '1', '122000'),
(502, 399, 'BRG-2502-0009', '3', '18000'),
(503, 400, 'BRG-2506-0036', '1', '365000'),
(504, 401, 'BRG-2503-0021', '1', '122000'),
(505, 402, 'BRG-2502-0018', '1', '74000'),
(506, 403, 'BRG-2502-0009', '2', '18000'),
(507, 404, 'BRG-2503-0027', '2', '690000'),
(508, 405, 'BRG-2502-0003', '20', '18000'),
(509, 406, 'BRG-2502-0018', '1', '74000'),
(510, 407, 'BRG-2502-0009', '2', '18000'),
(511, 408, 'BRG-2502-0018', '1', '74000'),
(512, 409, 'BRG-2502-0003', '5', '18000'),
(513, 409, 'BRG-2504-0029', '1', '7000'),
(514, 410, 'BRG-2502-0018', '2', '74000'),
(515, 411, 'BRG-2503-0021', '1', '122000'),
(516, 412, 'BRG-2504-0030', '32', '14000'),
(517, 412, 'BRG-2502-0003', '2', '18000'),
(518, 413, 'BRG-2502-0009', '2', '18000'),
(519, 413, 'BRG-2502-0012', '2', '400000'),
(522, 415, 'BRG-2506-0037', '1', '205000'),
(523, 416, 'BRG-2503-0021', '1', '122000'),
(524, 417, 'BRG-2503-0027', '1', '695000'),
(525, 418, 'BRG-2503-0021', '1', '122000'),
(526, 419, 'BRG-2504-0030', '3', '14000'),
(527, 420, 'BRG-2502-0012', '1', '405000'),
(528, 421, 'BRG-2503-0022', '3', '119000'),
(529, 422, 'BRG-2504-0032', '6', '21000'),
(530, 423, 'BRG-2503-0021', '1', '122000'),
(531, 424, 'BRG-2503-0021', '1', '122000'),
(532, 424, 'BRG-2502-0003', '2', '18000'),
(533, 424, 'BRG-2505-0034', '5', '3000'),
(534, 425, 'BRG-2502-0018', '1', '74000'),
(535, 426, 'BRG-2502-0018', '1', '74000'),
(536, 427, 'BRG-2502-0018', '1', '74000'),
(537, 427, 'BRG-2503-0021', '1', '122000'),
(538, 427, 'BRG-2502-0017', '1', '40000'),
(539, 427, 'BRG-2504-0029', '1', '7000'),
(540, 428, 'BRG-2503-0021', '1', '122000'),
(541, 429, 'BRG-2503-0027', '4', '695000'),
(542, 430, 'BRG-2503-0022', '45', '119000'),
(543, 430, 'BRG-2504-0029', '45', '7000'),
(544, 430, 'BRG-2502-0003', '45', '18000'),
(545, 430, 'BRG-2502-0005', '5', '115000'),
(546, 430, 'BRG-2502-0006', '25', '3500'),
(547, 430, 'BRG-2502-0007', '5', '112000'),
(548, 430, 'BRG-2505-0034', '25', '3000'),
(549, 430, 'BRG-2502-0012', '2', '405000'),
(550, 430, 'BRG-2502-0017', '45', '40000'),
(551, 430, 'BRG-2502-0010', '1', '50000'),
(552, 431, 'BRG-2503-0027', '1', '695000'),
(553, 432, 'BRG-2504-0032', '1', '21000'),
(554, 433, 'BRG-2502-0009', '1', '18000'),
(555, 434, 'BRG-2502-0003', '20', '18000'),
(556, 435, 'BRG-2503-0021', '1', '122000'),
(557, 436, 'BRG-2503-0027', '5', '695000'),
(558, 437, 'BRG-2502-0012', '1', '415000'),
(559, 438, 'BRG-2502-0018', '2', '74000'),
(560, 439, 'BRG-2502-0003', '10', '18000'),
(561, 440, 'BRG-2503-0021', '1', '122000'),
(562, 441, 'BRG-2502-0018', '1', '74000'),
(563, 442, 'BRG-2504-0032', '1', '21000'),
(564, 443, 'BRG-2502-0018', '1', '74000'),
(565, 444, 'BRG-2506-0038', '4', '35000'),
(566, 445, 'BRG-2502-0009', '1', '18000'),
(568, 447, 'BRG-2503-0027', '1', '695000'),
(569, 448, 'BRG-2504-0029', '1', '7000'),
(570, 449, 'BRG-2506-0040', '2', '10000'),
(571, 449, 'BRG-2506-0038', '1', '35000'),
(572, 450, 'BRG-2502-0012', '1', '415000'),
(573, 451, 'BRG-2502-0018', '1', '74000'),
(574, 452, 'BRG-2502-0018', '1', '74000'),
(575, 453, 'BRG-2503-0021', '1', '122000'),
(576, 454, 'BRG-2503-0021', '1', '122000'),
(577, 455, 'BRG-2503-0021', '5', '122000'),
(578, 455, 'BRG-2502-0017', '1', '40000'),
(579, 456, 'BRG-2502-0009', '1', '18000'),
(580, 457, 'BRG-2502-0018', '1', '74000'),
(581, 457, 'BRG-2503-0021', '1', '122000'),
(582, 458, 'BRG-2502-0009', '2', '18000'),
(583, 459, 'BRG-2502-0009', '2', '18000'),
(584, 460, 'BRG-2502-0018', '1', '74000'),
(585, 461, 'BRG-2502-0018', '1', '74000'),
(586, 462, 'BRG-2503-0021', '1', '122000'),
(587, 463, 'BRG-2506-0038', '1', '35000'),
(588, 463, 'BRG-2506-0040', '2', '10000'),
(589, 464, 'BRG-2502-0003', '5', '18000'),
(590, 464, 'BRG-2506-0038', '2', '35000'),
(591, 465, 'BRG-2502-0018', '1', '74000'),
(592, 465, 'BRG-2502-0003', '1', '18000'),
(593, 466, 'BRG-2503-0022', '3', '119000'),
(594, 467, 'BRG-2502-0006', '10', '3500'),
(595, 468, 'BRG-2503-0027', '1', '695000'),
(596, 469, 'BRG-2503-0027', '1', '700000'),
(597, 470, 'BRG-2507-0041', '5', '12000'),
(598, 470, 'BRG-2502-0017', '1', '40000'),
(599, 470, 'BRG-2504-0029', '1', '7000'),
(600, 470, 'BRG-2506-0040', '3', '10000'),
(601, 471, 'BRG-2504-0032', '1', '21000'),
(602, 472, 'BRG-2506-0038', '1', '35000'),
(603, 472, 'BRG-2506-0040', '3', '10000'),
(604, 473, 'BRG-2502-0012', '1', '405000'),
(605, 474, 'BRG-2502-0012', '1', '415000'),
(606, 475, 'BRG-2506-0040', '3', '10000'),
(607, 475, 'BRG-2506-0038', '1', '35000'),
(608, 475, 'BRG-2502-0003', '1', '18000'),
(609, 476, 'BRG-2502-0012', '1', '415000'),
(610, 477, 'BRG-2502-0012', '1', '415000'),
(611, 478, 'BRG-2502-0012', '2', '420000'),
(612, 479, 'BRG-2502-0003', '1', '18000'),
(613, 479, 'BRG-2502-0018', '1', '74000'),
(614, 480, 'BRG-2502-0012', '1', '420000'),
(615, 481, 'BRG-2502-0018', '1', '74000'),
(616, 482, 'BRG-2502-0018', '1', '74000'),
(617, 483, 'BRG-2502-0012', '1', '420000'),
(618, 484, 'BRG-2502-0018', '1', '74000'),
(619, 485, 'BRG-2502-0003', '12', '18000'),
(620, 485, 'BRG-2503-0021', '1', '122000'),
(625, 487, 'BRG-2507-0041', '5', '12000'),
(626, 487, 'BRG-2506-0040', '2', '10000'),
(627, 487, 'BRG-2504-0029', '1', '7000'),
(628, 487, 'BRG-2506-0038', '1', '35000'),
(629, 488, 'BRG-2502-0012', '1', '420000'),
(630, 489, 'BRG-2503-0021', '1', '122000'),
(631, 490, 'BRG-2506-0040', '2', '10000'),
(632, 490, 'BRG-2506-0038', '1', '35000'),
(635, 492, 'BRG-2504-0032', '3', '21000'),
(636, 493, 'BRG-2503-0023', '1', '31000'),
(637, 494, 'BRG-2502-0018', '1', '74000'),
(638, 495, 'BRG-2506-0038', '1', '35000'),
(639, 495, 'BRG-2502-0018', '1', '74000'),
(640, 495, 'BRG-2502-0003', '3', '18000'),
(641, 496, 'BRG-2507-0041', '5', '12000'),
(642, 496, 'BRG-2506-0040', '3', '10000'),
(643, 496, 'BRG-2506-0038', '1', '35000'),
(644, 496, 'BRG-2504-0029', '1', '7000'),
(646, 498, 'BRG-2502-0018', '2', '75000'),
(649, 500, 'BRG-2506-0040', '3', '10000'),
(650, 500, 'BRG-2506-0038', '1', '35000'),
(651, 501, 'BRG-2506-0037', '1', '205000'),
(652, 502, 'BRG-2502-0018', '1', '75000'),
(653, 503, 'BRG-2502-0003', '12', '18000'),
(654, 504, 'BRG-2502-0003', '20', '18000'),
(655, 505, 'BRG-2506-0035', '200', '73000'),
(656, 506, 'BRG-2502-0018', '2', '75000'),
(658, 508, 'BRG-2503-0021', '1', '122000'),
(659, 509, 'BRG-2502-0017', '1', '40000'),
(660, 509, 'BRG-2506-0040', '1', '10000'),
(661, 510, 'BRG-2506-0038', '1', '35000'),
(662, 511, 'BRG-2507-0041', '5', '12000'),
(663, 511, 'BRG-2506-0040', '3', '10000'),
(664, 511, 'BRG-2506-0038', '1', '35000'),
(665, 512, 'BRG-2502-0006', '5', '3500'),
(666, 513, 'BRG-2507-0041', '2', '12000'),
(667, 514, 'BRG-2502-0003', '10', '18000'),
(668, 515, 'BRG-2506-0040', '3', '10000'),
(669, 515, 'BRG-2502-0018', '1', '75000'),
(670, 515, 'BRG-2502-0017', '1', '40000'),
(671, 515, 'BRG-2502-0003', '1', '18000'),
(672, 515, 'BRG-2502-0006', '5', '3500'),
(673, 515, 'BRG-2505-0034', '5', '3000'),
(674, 516, 'BRG-2504-0032', '4', '21000'),
(675, 517, 'BRG-2506-0040', '2', '10000'),
(676, 517, 'BRG-2504-0029', '1', '7000'),
(677, 517, 'BRG-2502-0017', '1', '40000'),
(678, 518, 'BRG-2506-0040', '2', '10000'),
(679, 518, 'BRG-2506-0038', '1', '35000'),
(680, 519, 'BRG-2502-0017', '1', '40000'),
(681, 520, 'BRG-2503-0021', '1', '122000'),
(682, 521, 'BRG-2504-0032', '1', '21000'),
(683, 522, 'BRG-2503-0021', '1', '122000'),
(684, 523, 'BRG-2503-0021', '1', '122000'),
(685, 524, 'BRG-2502-0003', '12', '18000'),
(686, 525, 'BRG-2502-0018', '1', '75000'),
(687, 526, 'BRG-2504-0032', '4', '21000'),
(688, 527, 'BRG-2504-0031', '56', '2000'),
(689, 528, 'BRG-2503-0021', '1', '122000'),
(690, 529, 'BRG-2504-0029', '1', '7000'),
(691, 530, 'BRG-2503-0021', '1', '122000'),
(692, 530, 'BRG-2502-0003', '2', '18000'),
(693, 531, 'BRG-2502-0018', '1', '75000'),
(694, 531, 'BRG-2502-0017', '1', '40000'),
(695, 531, 'BRG-2506-0040', '2', '10000'),
(696, 531, 'BRG-2502-0003', '1', '18000'),
(697, 532, 'BRG-2502-0003', '20', '18000'),
(698, 533, 'BRG-2502-0018', '2', '75000'),
(699, 534, 'BRG-2502-0018', '2', '75000'),
(700, 535, 'BRG-2502-0017', '1', '40000'),
(701, 536, 'BRG-2504-0031', '13', '2000'),
(702, 537, 'BRG-2502-0006', '1', '3500'),
(703, 538, 'BRG-2502-0018', '1', '75000'),
(704, 538, 'BRG-2507-0042', '1', '38000'),
(705, 538, 'BRG-2506-0040', '3', '10000'),
(706, 538, 'BRG-2504-0029', '1', '7000'),
(707, 539, 'BRG-2502-0006', '5', '3500'),
(708, 540, 'BRG-2503-0021', '1', '122000'),
(709, 541, 'BRG-2503-0021', '1', '122000'),
(710, 542, 'BRG-2502-0018', '1', '75000'),
(711, 543, 'BRG-2503-0021', '1', '122000'),
(712, 544, 'BRG-2506-0040', '3', '10000'),
(713, 544, 'BRG-2504-0029', '1', '7000'),
(714, 544, 'BRG-2507-0042', '2', '38000'),
(715, 544, 'BRG-2502-0018', '1', '75000'),
(716, 545, 'BRG-2504-0032', '1', '21000'),
(717, 545, 'BRG-2504-0031', '24', '2000'),
(719, 547, 'BRG-2504-0031', '3', '2000'),
(720, 548, 'BRG-2502-0003', '15', '18000'),
(721, 549, 'BRG-2503-0021', '1', '122000'),
(722, 550, 'BRG-2502-0018', '1', '75000'),
(723, 550, 'BRG-2502-0017', '1', '40000'),
(724, 551, 'BRG-2502-0003', '1', '18000'),
(725, 551, 'BRG-2506-0040', '4', '10000'),
(726, 551, 'BRG-2502-0018', '1', '75000'),
(727, 552, 'BRG-2504-0029', '1', '7000'),
(728, 553, 'BRG-2507-0056', '14', '3000'),
(729, 554, 'BRG-2507-0057', '8', '2000'),
(730, 555, 'BRG-2507-0058', '5', '4000'),
(731, 556, 'BRG-2507-0045', '2', '6000'),
(732, 557, 'BRG-2507-0059', '3', '3000'),
(733, 558, 'BRG-2503-0021', '1', '122000'),
(734, 559, 'BRG-2502-0018', '1', '75000'),
(735, 560, 'BRG-2506-0040', '2', '10000'),
(736, 560, 'BRG-2507-0042', '2', '38000'),
(737, 561, 'BRG-2502-0003', '15', '18000'),
(738, 562, 'BRG-2507-0057', '14', '2000'),
(739, 562, 'BRG-2507-0056', '8', '3000'),
(740, 562, 'BRG-2507-0058', '2', '4000'),
(741, 562, 'BRG-2507-0059', '1', '3000'),
(742, 562, 'BRG-2507-0055', '1', '4000'),
(743, 563, 'BRG-2503-0021', '1', '122000'),
(744, 564, 'BRG-2507-0046', '5', '8000'),
(745, 564, 'BRG-2507-0043', '2', '4500'),
(746, 564, 'BRG-2507-0044', '3', '11500'),
(747, 565, 'BRG-2507-0057', '2', '2000'),
(748, 565, 'BRG-2507-0056', '2', '3000'),
(749, 565, 'BRG-2507-0058', '5', '4000'),
(750, 565, 'BRG-2507-0045', '2', '6000'),
(751, 566, 'BRG-2503-0021', '1', '122000'),
(752, 567, 'BRG-2507-0053', '2', '2500'),
(753, 567, 'BRG-2506-0040', '2', '10000'),
(754, 567, 'BRG-2502-0018', '1', '75000'),
(755, 568, 'BRG-2502-0018', '2', '75000'),
(756, 569, 'BRG-2502-0003', '20', '18000'),
(757, 570, 'BRG-2502-0017', '1', '40000'),
(758, 570, 'BRG-2506-0040', '2', '10000'),
(759, 571, 'BRG-2506-0040', '2', '10000'),
(760, 572, 'BRG-2502-0009', '1', '18000'),
(761, 573, 'BRG-2504-0031', '5', '2000'),
(762, 573, 'BRG-2507-0059', '2', '3000'),
(763, 574, 'BRG-2503-0021', '2', '122000'),
(764, 574, 'BRG-2502-0003', '1', '18000'),
(765, 575, 'BRG-2503-0021', '1', '122000'),
(766, 576, 'BRG-2502-0003', '12', '18000'),
(767, 577, 'BRG-2504-0031', '116', '2000'),
(768, 577, 'BRG-2507-0043', '3', '4500'),
(769, 577, 'BRG-2507-0044', '2', '11500'),
(770, 577, 'BRG-2507-0045', '2', '6000'),
(771, 577, 'BRG-2507-0046', '2', '8000'),
(772, 577, 'BRG-2507-0047', '5', '11000'),
(773, 577, 'BRG-2507-0048', '4', '2000'),
(774, 577, 'BRG-2507-0049', '3', '2000'),
(775, 577, 'BRG-2507-0052', '10', '3000'),
(776, 577, 'BRG-2507-0051', '9', '3000'),
(777, 577, 'BRG-2507-0053', '24', '2500'),
(778, 577, 'BRG-2507-0054', '2', '12000'),
(779, 577, 'BRG-2507-0055', '12', '4000'),
(780, 577, 'BRG-2507-0059', '2', '3000'),
(781, 577, 'BRG-2507-0060', '2', '6000'),
(782, 578, 'BRG-2507-0044', '1', '11500'),
(783, 579, 'BRG-2502-0018', '1', '75000'),
(784, 580, 'BRG-2504-0032', '1', '21000'),
(785, 581, 'BRG-2502-0018', '1', '75000'),
(786, 582, 'BRG-2507-0053', '6', '2500'),
(787, 583, 'BRG-2502-0003', '16', '18000'),
(788, 584, 'BRG-2507-0056', '16', '3000'),
(789, 584, 'BRG-2507-0057', '4', '2000'),
(790, 585, 'BRG-2507-0060', '2', '6000'),
(791, 585, 'BRG-2507-0052', '4', '3000'),
(792, 585, 'BRG-2507-0051', '2', '3000'),
(793, 585, 'BRG-2504-0031', '2', '2000'),
(794, 586, 'BRG-2502-0018', '1', '75000'),
(795, 586, 'BRG-2502-0017', '1', '40000'),
(796, 586, 'BRG-2506-0040', '3', '10000'),
(797, 586, 'BRG-2502-0003', '1', '18000'),
(798, 587, 'BRG-2502-0009', '1', '18000'),
(799, 587, 'BRG-2506-0040', '2', '10000'),
(800, 588, 'BRG-2502-0006', '5', '3500'),
(801, 588, 'BRG-2507-0060', '1', '6000'),
(802, 588, 'BRG-2506-0040', '7', '10000'),
(803, 588, 'BRG-2502-0017', '1', '40000'),
(804, 589, 'BRG-2504-0031', '68', '2000'),
(805, 589, 'BRG-2507-0043', '4', '4500'),
(806, 589, 'BRG-2507-0047', '3', '11000'),
(807, 589, 'BRG-2507-0049', '10', '2000'),
(808, 589, 'BRG-2507-0051', '2', '3000'),
(809, 589, 'BRG-2507-0053', '11', '2500'),
(810, 589, 'BRG-2507-0055', '6', '4000'),
(811, 589, 'BRG-2507-0057', '17', '2000'),
(812, 589, 'BRG-2507-0060', '4', '6000'),
(813, 590, 'BRG-2502-0009', '2', '18000'),
(814, 590, 'BRG-2503-0021', '2', '122000'),
(815, 591, 'BRG-2504-0032', '1', '21000'),
(816, 592, 'BRG-2502-0018', '1', '75000'),
(817, 593, 'BRG-2506-0038', '1', '35000'),
(818, 593, 'BRG-2507-0061', '1', '10000'),
(819, 594, 'BRG-2506-0038', '1', '35000'),
(820, 594, 'BRG-2506-0040', '3', '10000'),
(821, 594, 'BRG-2502-0003', '1', '18000'),
(822, 594, 'BRG-2505-0034', '5', '3000'),
(823, 594, 'BRG-2507-0061', '1', '10000'),
(824, 595, 'BRG-2507-0050', '2', '5000'),
(825, 595, 'BRG-2505-0034', '5', '3000'),
(826, 595, 'BRG-2502-0006', '5', '3500'),
(827, 596, 'BRG-2502-0009', '1', '18000'),
(828, 596, 'BRG-2506-0040', '1', '10000'),
(829, 597, 'BRG-2503-0022', '45', '120000'),
(830, 597, 'BRG-2502-0017', '45', '40000'),
(831, 597, 'BRG-2504-0029', '43', '7000'),
(832, 597, 'BRG-2502-0003', '45', '18000'),
(833, 597, 'BRG-2502-0005', '5', '115000'),
(834, 597, 'BRG-2502-0006', '25', '3500'),
(835, 597, 'BRG-2502-0007', '5', '112000'),
(836, 597, 'BRG-2505-0034', '25', '3000'),
(837, 597, 'BRG-2502-0012', '2', '415000'),
(838, 597, 'BRG-2502-0010', '1', '50000'),
(839, 597, 'BRG-2507-0061', '2', '10000'),
(840, 598, 'BRG-2503-0021', '1', '122000'),
(841, 598, 'BRG-2502-0017', '2', '40000'),
(842, 599, 'BRG-2502-0003', '1', '18000'),
(843, 599, 'BRG-2502-0009', '1', '18000'),
(844, 599, 'BRG-2508-0062', '1', '80000'),
(845, 600, 'BRG-2502-0018', '2', '75000'),
(846, 600, 'BRG-2503-0021', '1', '122000'),
(847, 601, 'BRG-2502-0018', '1', '75000'),
(848, 602, 'BRG-2506-0040', '1', '10000'),
(849, 602, 'BRG-2502-0003', '1', '18000'),
(850, 603, 'BRG-2506-0038', '1', '35000'),
(851, 603, 'BRG-2502-0003', '1', '18000'),
(852, 604, 'BRG-2502-0018', '1', '75000'),
(853, 605, 'BRG-2508-0066', '1', '19000'),
(854, 605, 'BRG-2508-0064', '1', '18000'),
(855, 606, 'BRG-2502-0018', '1', '75000'),
(856, 607, 'BRG-2503-0021', '1', '122000'),
(857, 608, 'BRG-2506-0040', '1', '10000'),
(858, 609, 'BRG-2503-0021', '1', '122000'),
(859, 610, 'BRG-2502-0018', '1', '75000'),
(860, 610, 'BRG-2506-0038', '1', '35000'),
(861, 611, 'BRG-2508-0062', '1', '80000'),
(862, 611, 'BRG-2506-0040', '1', '10000'),
(863, 611, 'BRG-2502-0017', '1', '40000'),
(864, 611, 'BRG-2506-0040', '1', '10000'),
(865, 612, 'BRG-2508-0062', '1', '80000'),
(866, 613, 'BRG-2502-0017', '1', '40000'),
(867, 614, 'BRG-2508-0062', '1', '80000'),
(868, 614, 'BRG-2502-0017', '1', '40000'),
(869, 615, 'BRG-2508-0063', '1', '730000'),
(870, 616, 'BRG-2508-0062', '3', '80000'),
(871, 617, 'BRG-2503-0027', '1', '710000'),
(872, 618, 'BRG-2507-0043', '1', '4500'),
(873, 618, 'BRG-2507-0047', '6', '11000'),
(874, 618, 'BRG-2507-0051', '6', '3000'),
(875, 618, 'BRG-2507-0052', '8', '3000'),
(876, 618, 'BRG-2507-0054', '1', '12000'),
(877, 618, 'BRG-2507-0055', '29', '4000'),
(878, 618, 'BRG-2507-0059', '2', '3000'),
(879, 618, 'BRG-2507-0060', '7', '6000'),
(880, 619, 'BRG-2506-0040', '3', '10000'),
(881, 619, 'BRG-2507-0061', '1', '10000'),
(882, 619, 'BRG-2506-0038', '1', '35000'),
(883, 619, 'BRG-2502-0018', '1', '75000'),
(884, 620, 'BRG-2502-0003', '13', '18000'),
(885, 621, 'BRG-2507-0056', '42', '3000'),
(886, 621, 'BRG-2507-0057', '27', '2000'),
(887, 622, 'BRG-2502-0018', '1', '75000'),
(888, 623, 'BRG-2502-0018', '2', '75000'),
(889, 624, 'BRG-2507-0053', '6', '2500'),
(890, 625, 'BRG-2504-0031', '6', '2000'),
(891, 625, 'BRG-2505-0034', '5', '3000'),
(892, 625, 'BRG-2507-0047', '1', '11000'),
(893, 625, 'BRG-2507-0058', '1', '4000'),
(894, 625, 'BRG-2507-0051', '1', '3000'),
(895, 625, 'BRG-2507-0053', '21', '2500'),
(896, 625, 'BRG-2507-0054', '6', '12000'),
(897, 625, 'BRG-2507-0055', '4', '4000'),
(898, 625, 'BRG-2507-0058', '1', '4000'),
(899, 625, 'BRG-2507-0059', '2', '3000'),
(900, 626, 'BRG-2504-0032', '10', '21000'),
(901, 627, 'BRG-2502-0003', '10', '18000'),
(902, 628, 'BRG-2503-0021', '1', '122000'),
(903, 629, 'BRG-2502-0003', '1', '18000'),
(904, 630, 'BRG-2503-0021', '1', '125000'),
(905, 631, 'BRG-2503-0021', '1', '125000'),
(906, 631, 'BRG-2502-0009', '2', '18000'),
(907, 632, 'BRG-2503-0021', '1', '125000'),
(908, 633, 'BRG-2502-0003', '1', '18000'),
(909, 634, 'BRG-2502-0003', '11', '18000'),
(910, 635, 'BRG-2504-0031', '25', '2000'),
(911, 635, 'BRG-2507-0047', '2', '11000'),
(912, 635, 'BRG-2507-0048', '11', '2000'),
(913, 635, 'BRG-2507-0049', '1', '2000'),
(914, 635, 'BRG-2507-0051', '4', '3000'),
(915, 635, 'BRG-2507-0052', '1', '3000'),
(916, 635, 'BRG-2507-0053', '1', '2500'),
(917, 635, 'BRG-2507-0055', '4', '4000'),
(918, 635, 'BRG-2507-0057', '14', '2000'),
(919, 635, 'BRG-2507-0058', '1', '4000'),
(920, 635, 'BRG-2507-0059', '1', '3000'),
(921, 635, 'BRG-2507-0060', '2', '6000'),
(922, 635, 'BRG-2507-0056', '60', '3000'),
(923, 636, 'BRG-2506-0040', '2', '10000'),
(924, 636, 'BRG-2502-0003', '1', '18000'),
(925, 636, 'BRG-2503-0021', '1', '125000'),
(926, 637, 'BRG-2507-0041', '3', '12000'),
(927, 638, 'BRG-2502-0009', '1', '18000'),
(928, 639, 'BRG-2503-0021', '1', '125000'),
(929, 640, 'BRG-2507-0042', '1', '39000'),
(930, 640, 'BRG-2506-0040', '1', '10000'),
(931, 640, 'BRG-2507-0061', '1', '10000'),
(932, 641, 'BRG-2503-0021', '1', '125000'),
(933, 642, 'BRG-2508-0068', '2', '79000'),
(934, 643, 'BRG-2504-0031', '5', '2000'),
(935, 643, 'BRG-2507-0043', '3', '4500'),
(936, 643, 'BRG-2507-0044', '2', '11500'),
(937, 643, 'BRG-2507-0046', '1', '8000'),
(938, 643, 'BRG-2507-0051', '1', '3000'),
(939, 643, 'BRG-2507-0055', '1', '4000'),
(940, 643, 'BRG-2507-0056', '28', '3000'),
(941, 643, 'BRG-2507-0057', '11', '2000'),
(942, 643, 'BRG-2507-0059', '1', '3000'),
(943, 643, 'BRG-2508-0067', '6', '3000'),
(944, 643, 'BRG-2508-0069', '16', '2000'),
(945, 644, 'BRG-2502-0006', '9', '3500'),
(946, 644, 'BRG-2505-0034', '1', '3000'),
(947, 644, 'BRG-2506-0040', '3', '10000'),
(948, 644, 'BRG-2507-0050', '1', '5000'),
(949, 645, 'BRG-2507-0042', '2', '39000'),
(950, 646, 'BRG-2502-0018', '1', '75000'),
(951, 647, 'BRG-2507-0051', '1', '3000'),
(952, 648, 'BRG-2502-0003', '12', '18000'),
(953, 649, 'BRG-2502-0003', '11', '18000'),
(954, 649, 'BRG-2508-0066', '1', '19000'),
(955, 650, 'BRG-2502-0018', '1', '75000'),
(956, 650, 'BRG-2506-0040', '1', '10000'),
(957, 650, 'BRG-2507-0042', '1', '39000'),
(958, 651, 'BRG-2506-0040', '1', '10000'),
(959, 652, 'BRG-2508-0068', '3', '79000'),
(960, 653, 'BRG-2502-0009', '1', '18000'),
(961, 653, 'BRG-2502-0018', '1', '75000'),
(962, 654, 'BRG-2507-0043', '2', '4500'),
(963, 654, 'BRG-2507-0044', '3', '11500'),
(964, 654, 'BRG-2507-0046', '1', '8000'),
(965, 654, 'BRG-2507-0051', '3', '3000'),
(966, 654, 'BRG-2507-0055', '4', '4000'),
(967, 654, 'BRG-2507-0056', '6', '3000'),
(968, 654, 'BRG-2507-0057', '8', '2000'),
(969, 654, 'BRG-2507-0060', '1', '6000'),
(970, 654, 'BRG-2508-0069', '2', '2000'),
(971, 655, 'BRG-2506-0040', '3', '10000'),
(972, 655, 'BRG-2502-0018', '1', '75000'),
(973, 655, 'BRG-2507-0042', '1', '39000'),
(974, 656, 'BRG-2502-0009', '2', '18000'),
(975, 656, 'BRG-2506-0040', '2', '10000'),
(976, 657, 'BRG-2504-0031', '22', '2000'),
(977, 657, 'BRG-2507-0047', '1', '11000'),
(978, 657, 'BRG-2507-0049', '1', '2000'),
(979, 657, 'BRG-2507-0051', '2', '3000'),
(980, 657, 'BRG-2507-0055', '2', '4000'),
(981, 657, 'BRG-2507-0056', '9', '3000'),
(982, 657, 'BRG-2507-0057', '3', '2000'),
(983, 657, 'BRG-2507-0060', '1', '6000'),
(984, 657, 'BRG-2508-0067', '2', '3000'),
(985, 658, 'BRG-2503-0021', '1', '125000'),
(986, 659, 'BRG-2507-0042', '1', '39000'),
(987, 660, 'BRG-2502-0018', '2', '75000'),
(989, 662, 'BRG-2507-0042', '2', '39000'),
(990, 663, 'BRG-2502-0003', '10', '18000'),
(991, 664, 'BRG-2504-0031', '20', '2000'),
(992, 664, 'BRG-2504-0032', '1', '21000'),
(993, 664, 'BRG-2507-0043', '2', '4500'),
(994, 664, 'BRG-2507-0051', '2', '3000'),
(995, 664, 'BRG-2507-0055', '3', '4000'),
(996, 664, 'BRG-2507-0052', '1', '3000'),
(997, 664, 'BRG-2507-0056', '6', '3000'),
(998, 664, 'BRG-2507-0057', '8', '2000'),
(999, 664, 'BRG-2507-0058', '2', '4000'),
(1000, 664, 'BRG-2507-0060', '1', '6000'),
(1001, 664, 'BRG-2508-0067', '1', '3000'),
(1002, 665, 'BRG-2502-0003', '1', '18000'),
(1003, 665, 'BRG-2507-0042', '1', '39000'),
(1004, 665, 'BRG-2506-0040', '3', '10000'),
(1005, 665, 'BRG-2502-0018', '1', '75000'),
(1006, 666, 'BRG-2508-0062', '1', '80000'),
(1007, 667, 'BRG-2507-0042', '1', '39000'),
(1008, 667, 'BRG-2506-0040', '1', '10000'),
(1009, 667, 'BRG-2507-0061', '1', '10000'),
(1010, 668, 'BRG-2508-0062', '1', '80000'),
(1011, 669, 'BRG-2502-0006', '7', '3500'),
(1012, 669, 'BRG-2505-0034', '13', '3000'),
(1013, 670, 'BRG-2507-0042', '1', '39000'),
(1014, 671, 'BRG-2502-0003', '2', '18000'),
(1015, 671, 'BRG-2502-0009', '1', '18000'),
(1016, 671, 'BRG-2507-0043', '1', '4500'),
(1017, 671, 'BRG-2507-0044', '2', '11500'),
(1018, 671, 'BRG-2508-0066', '1', '19000'),
(1019, 671, 'BRG-2507-0049', '6', '2000'),
(1020, 671, 'BRG-2508-0067', '5', '3000'),
(1021, 671, 'BRG-2504-0031', '18', '2000'),
(1022, 671, 'BRG-2504-0032', '1', '21000'),
(1023, 672, 'BRG-2507-0061', '1', '10000'),
(1024, 673, 'BRG-2506-0040', '2', '10000'),
(1025, 673, 'BRG-2507-0042', '1', '39000'),
(1026, 673, 'BRG-2502-0009', '1', '18000'),
(1027, 674, 'BRG-2502-0003', '9', '18000'),
(1028, 675, 'BRG-2502-0006', '4', '3500'),
(1029, 675, 'BRG-2507-0043', '1', '4500'),
(1030, 675, 'BRG-2507-0044', '4', '11500'),
(1031, 675, 'BRG-2507-0046', '1', '8000'),
(1032, 675, 'BRG-2507-0047', '1', '11000'),
(1033, 675, 'BRG-2508-0066', '2', '19000'),
(1034, 675, 'BRG-2507-0051', '2', '3000'),
(1035, 675, 'BRG-2507-0052', '3', '3000'),
(1036, 675, 'BRG-2508-0064', '2', '18000'),
(1037, 675, 'BRG-2507-0054', '4', '12000'),
(1038, 675, 'BRG-2507-0056', '1', '3000'),
(1039, 675, 'BRG-2507-0055', '5', '4000'),
(1040, 675, 'BRG-2507-0058', '1', '4000'),
(1041, 675, 'BRG-2507-0059', '2', '3000'),
(1042, 675, 'BRG-2507-0060', '6', '6000'),
(1043, 675, 'BRG-2508-0067', '2', '3000'),
(1044, 676, 'BRG-2508-0062', '1', '80000'),
(1045, 676, 'BRG-2506-0040', '3', '10000'),
(1046, 676, 'BRG-2507-0061', '1', '10000'),
(1047, 676, 'BRG-2502-0009', '2', '18000'),
(1048, 677, 'BRG-2508-0062', '1', '80000'),
(1050, 679, 'BRG-2504-0031', '26', '2000'),
(1051, 679, 'BRG-2507-0044', '2', '11500'),
(1052, 679, 'BRG-2507-0046', '1', '8000'),
(1053, 679, 'BRG-2507-0047', '1', '11000'),
(1054, 679, 'BRG-2507-0054', '1', '12000'),
(1055, 679, 'BRG-2507-0055', '1', '4000'),
(1056, 679, 'BRG-2507-0057', '9', '2000'),
(1057, 679, 'BRG-2507-0059', '1', '3000'),
(1058, 680, 'BRG-2502-0003', '14', '18000'),
(1059, 681, 'BRG-2503-0021', '1', '125000'),
(1060, 682, 'BRG-2506-0040', '4', '10000'),
(1061, 682, 'BRG-2502-0009', '2', '18000'),
(1062, 683, 'BRG-2504-0031', '23', '2000'),
(1063, 683, 'BRG-2504-0032', '2', '21000'),
(1064, 683, 'BRG-2507-0043', '3', '4500'),
(1065, 683, 'BRG-2507-0051', '6', '3000'),
(1066, 683, 'BRG-2507-0052', '3', '3000'),
(1067, 683, 'BRG-2507-0054', '4', '12000'),
(1068, 683, 'BRG-2507-0055', '2', '4000'),
(1069, 683, 'BRG-2507-0057', '13', '2000'),
(1070, 683, 'BRG-2507-0058', '3', '4000'),
(1071, 683, 'BRG-2508-0067', '11', '3000'),
(1072, 683, 'BRG-2508-0064', '2', '18000'),
(1073, 683, 'BRG-2507-0048', '4', '2000'),
(1074, 684, 'BRG-2508-0062', '1', '80000'),
(1075, 684, 'BRG-2502-0003', '10', '18000'),
(1076, 685, 'BRG-2502-0003', '20', '18000'),
(1077, 686, 'BRG-2507-0047', '1', '11000'),
(1078, 686, 'BRG-2508-0067', '1', '3000'),
(1079, 686, 'BRG-2507-0046', '1', '8000'),
(1080, 686, 'BRG-2507-0044', '1', '11500'),
(1081, 687, 'BRG-2502-0017', '1', '40000'),
(1082, 687, 'BRG-2506-0040', '1', '10000'),
(1083, 687, 'BRG-2502-0006', '5', '3500'),
(1084, 687, 'BRG-2505-0034', '5', '3000'),
(1085, 688, 'BRG-2502-0017', '1', '40000'),
(1086, 688, 'BRG-2502-0006', '5', '3500'),
(1087, 689, 'BRG-2502-0017', '1', '40000'),
(1088, 690, 'BRG-2508-0068', '1', '79000'),
(1089, 691, 'BRG-2508-0068', '1', '79000'),
(1090, 692, 'BRG-2502-0018', '1', '76000'),
(1091, 692, 'BRG-2506-0040', '2', '10000'),
(1092, 692, 'BRG-2504-0029', '1', '7000'),
(1093, 692, 'BRG-2502-0003', '1', '18000'),
(1094, 693, 'BRG-2503-0021', '1', '125000'),
(1096, 695, 'BRG-2502-0018', '1', '76000'),
(1097, 695, 'BRG-2502-0009', '1', '18000'),
(1098, 695, 'BRG-2507-0061', '1', '10000'),
(1099, 695, 'BRG-2507-0044', '2', '11500'),
(1100, 695, 'BRG-2507-0043', '2', '4500'),
(1101, 695, 'BRG-2507-0046', '2', '8000'),
(1102, 695, 'BRG-2507-0047', '2', '11000'),
(1103, 695, 'BRG-2504-0032', '2', '21000'),
(1104, 695, 'BRG-2507-0057', '15', '2000'),
(1105, 695, 'BRG-2508-0067', '4', '3000'),
(1106, 696, 'BRG-2504-0031', '31', '2000'),
(1107, 696, 'BRG-2507-0043', '4', '4500'),
(1108, 696, 'BRG-2507-0044', '2', '11500'),
(1109, 696, 'BRG-2507-0046', '2', '8000'),
(1110, 696, 'BRG-2507-0047', '4', '11000'),
(1111, 696, 'BRG-2507-0048', '12', '2000'),
(1112, 696, 'BRG-2507-0049', '2', '2000'),
(1113, 696, 'BRG-2507-0051', '4', '3000'),
(1114, 696, 'BRG-2507-0052', '5', '3000'),
(1115, 696, 'BRG-2507-0055', '10', '4000'),
(1116, 696, 'BRG-2507-0057', '15', '2000'),
(1117, 696, 'BRG-2507-0058', '3', '4000'),
(1118, 696, 'BRG-2507-0059', '3', '3000'),
(1119, 696, 'BRG-2507-0060', '6', '6000'),
(1120, 696, 'BRG-2508-0067', '11', '3000'),
(1121, 697, 'BRG-2502-0009', '1', '18000'),
(1122, 698, 'BRG-2503-0022', '45', '123000'),
(1123, 698, 'BRG-2502-0017', '45', '40000'),
(1124, 698, 'BRG-2504-0029', '45', '7000'),
(1125, 698, 'BRG-2502-0003', '45', '18000'),
(1126, 698, 'BRG-2502-0007', '5', '112000'),
(1127, 698, 'BRG-2505-0034', '25', '3000'),
(1128, 698, 'BRG-2502-0005', '5', '115000'),
(1129, 698, 'BRG-2502-0006', '25', '3500'),
(1130, 698, 'BRG-2502-0012', '2', '415000'),
(1131, 698, 'BRG-2502-0010', '1', '50000'),
(1132, 699, 'BRG-2502-0006', '2', '3500'),
(1133, 699, 'BRG-2505-0034', '2', '3000'),
(1134, 700, 'BRG-2507-0042', '1', '39000'),
(1135, 700, 'BRG-2506-0040', '2', '10000'),
(1136, 700, 'BRG-2504-0029', '1', '7000'),
(1137, 701, 'BRG-2504-0031', '17', '2000'),
(1138, 701, 'BRG-2505-0034', '3', '3000'),
(1139, 701, 'BRG-2507-0047', '1', '11000'),
(1140, 701, 'BRG-2507-0051', '3', '3000'),
(1141, 701, 'BRG-2507-0052', '2', '3000'),
(1142, 701, 'BRG-2507-0057', '5', '2000'),
(1143, 701, 'BRG-2507-0060', '1', '6000'),
(1144, 701, 'BRG-2508-0067', '3', '3000'),
(1145, 702, 'BRG-2508-0068', '1', '79000'),
(1146, 703, 'BRG-2507-0042', '1', '39000'),
(1147, 703, 'BRG-2506-0040', '4', '10000'),
(1148, 703, 'BRG-2504-0029', '1', '7000'),
(1149, 703, 'BRG-2502-0018', '1', '76000'),
(1150, 704, 'BRG-2502-0017', '1', '40000'),
(1151, 705, 'BRG-2507-0043', '2', '4500'),
(1152, 705, 'BRG-2507-0044', '1', '11500'),
(1153, 705, 'BRG-2507-0051', '4', '3000'),
(1154, 705, 'BRG-2507-0057', '11', '2000'),
(1155, 705, 'BRG-2507-0060', '1', '6000'),
(1156, 705, 'BRG-2508-0067', '2', '3000'),
(1157, 706, 'BRG-2503-0021', '1', '125000'),
(1158, 707, 'BRG-2503-0021', '1', '125000'),
(1159, 708, 'BRG-2507-0042', '1', '39000'),
(1160, 709, 'BRG-2502-0003', '15', '18000'),
(1161, 710, 'BRG-2502-0018', '1', '76000'),
(1162, 710, 'BRG-2507-0042', '2', '40000'),
(1163, 710, 'BRG-2506-0040', '3', '10000'),
(1164, 711, 'BRG-2502-0018', '1', '76000'),
(1166, 713, 'BRG-2502-0003', '10', '18000'),
(1167, 713, 'BRG-2508-0073', '2', '29000'),
(1168, 713, 'BRG-2508-0064', '1', '18000'),
(1169, 713, 'BRG-2507-0048', '11', '2000'),
(1170, 714, 'BRG-2504-0031', '24', '2000'),
(1171, 714, 'BRG-2504-0032', '4', '21000'),
(1172, 714, 'BRG-2507-0044', '3', '11500'),
(1173, 714, 'BRG-2507-0046', '1', '8000'),
(1174, 714, 'BRG-2507-0047', '1', '11000'),
(1175, 714, 'BRG-2507-0051', '1', '3000'),
(1176, 714, 'BRG-2507-0054', '1', '12000'),
(1177, 714, 'BRG-2507-0055', '1', '4000'),
(1178, 714, 'BRG-2507-0056', '13', '3000'),
(1179, 714, 'BRG-2507-0057', '10', '2000'),
(1180, 714, 'BRG-2507-0060', '1', '6000'),
(1181, 715, 'BRG-2507-0044', '1', '11500'),
(1182, 715, 'BRG-2507-0046', '1', '8000'),
(1183, 715, 'BRG-2507-0054', '1', '12000'),
(1184, 715, 'BRG-2507-0056', '1', '3000'),
(1185, 716, 'BRG-2503-0027', '1', '730000'),
(1186, 717, 'BRG-2503-0021', '1', '125000'),
(1187, 717, 'BRG-2502-0017', '1', '40000'),
(1188, 718, 'BRG-2503-0021', '3', '125000'),
(1189, 718, 'BRG-2502-0017', '1', '40000'),
(1190, 718, 'BRG-2506-0040', '1', '10000'),
(1191, 718, 'BRG-2505-0034', '5', '3000'),
(1192, 719, 'BRG-2506-0035', '80', '77000'),
(1193, 720, 'BRG-2502-0018', '6', '75000'),
(1194, 721, 'BRG-2502-0018', '7', '75000'),
(1195, 722, 'BRG-2502-0003', '1', '18000'),
(1196, 723, 'BRG-2502-0003', '16', '18000'),
(1197, 724, 'BRG-2502-0018', '1', '75000'),
(1198, 725, 'BRG-2502-0018', '1', '75000'),
(1199, 726, 'BRG-2503-0021', '1', '125000'),
(1200, 727, 'BRG-2502-0006', '7', '3500'),
(1201, 727, 'BRG-2505-0034', '9', '3000'),
(1202, 727, 'BRG-2504-0031', '40', '2000'),
(1203, 727, 'BRG-2504-0032', '3', '21000'),
(1204, 727, 'BRG-2507-0044', '2', '11500'),
(1205, 727, 'BRG-2507-0046', '2', '8000'),
(1206, 727, 'BRG-2507-0047', '1', '11000'),
(1207, 727, 'BRG-2507-0051', '6', '3000'),
(1208, 727, 'BRG-2507-0054', '2', '12000'),
(1209, 727, 'BRG-2507-0055', '4', '4000'),
(1210, 727, 'BRG-2507-0057', '43', '2000'),
(1211, 727, 'BRG-2507-0060', '3', '6000'),
(1212, 727, 'BRG-2508-0064', '1', '18000'),
(1213, 728, 'BRG-2502-0009', '1', '18000'),
(1214, 729, 'BRG-2507-0044', '1', '11500'),
(1215, 729, 'BRG-2507-0047', '1', '11000'),
(1216, 729, 'BRG-2507-0051', '2', '3000'),
(1217, 729, 'BRG-2507-0054', '1', '12000'),
(1218, 729, 'BRG-2507-0055', '2', '4000'),
(1219, 729, 'BRG-2507-0057', '7', '2000'),
(1220, 729, 'BRG-2507-0060', '1', '6000'),
(1221, 729, 'BRG-2504-0031', '18', '2000'),
(1222, 729, 'BRG-2507-0056', '5', '3000'),
(1223, 730, 'BRG-2503-0021', '1', '125000'),
(1224, 730, 'BRG-2507-0050', '1', '5000'),
(1225, 731, 'BRG-2502-0003', '1', '18000'),
(1226, 732, 'BRG-2507-0042', '6', '40000'),
(1227, 732, 'BRG-2503-0021', '1', '125000'),
(1228, 733, 'BRG-2508-0062', '1', '78000'),
(1229, 734, 'BRG-2503-0021', '1', '125000'),
(1230, 734, 'BRG-2506-0040', '1', '10000'),
(1231, 735, 'BRG-2508-0062', '1', '78000'),
(1232, 736, 'BRG-2503-0021', '3', '125000'),
(1233, 737, 'BRG-2502-0017', '1', '40000'),
(1234, 738, 'BRG-2508-0062', '1', '78000'),
(1235, 739, 'BRG-2504-0031', '11', '2000'),
(1236, 739, 'BRG-2507-0044', '2', '11500'),
(1237, 739, 'BRG-2507-0046', '1', '8000'),
(1238, 739, 'BRG-2507-0047', '1', '11000'),
(1239, 739, 'BRG-2507-0051', '3', '3000'),
(1240, 739, 'BRG-2507-0056', '7', '3000'),
(1241, 739, 'BRG-2507-0057', '11', '2000'),
(1242, 740, 'BRG-2504-0032', '8', '21000'),
(1243, 741, 'BRG-2506-0040', '4', '10000'),
(1244, 741, 'BRG-2507-0061', '1', '10000'),
(1245, 741, 'BRG-2502-0003', '1', '18000'),
(1246, 742, 'BRG-2502-0017', '2', '40000'),
(1247, 743, 'BRG-2502-0017', '2', '40000'),
(1248, 743, 'BRG-2507-0042', '1', '40000'),
(1249, 744, 'BRG-2502-0003', '15', '18000'),
(1250, 745, 'BRG-2507-0057', '240', '2000'),
(1251, 746, 'BRG-2507-0044', '2', '11500'),
(1252, 746, 'BRG-2507-0046', '1', '8000'),
(1253, 746, 'BRG-2507-0051', '3', '3000'),
(1254, 746, 'BRG-2507-0055', '1', '4000'),
(1255, 746, 'BRG-2507-0057', '9', '2000'),
(1256, 746, 'BRG-2507-0060', '1', '6000'),
(1257, 747, 'BRG-2502-0017', '2', '40000'),
(1258, 747, 'BRG-2506-0040', '1', '10000'),
(1259, 748, 'BRG-2502-0003', '1', '18000'),
(1260, 749, 'BRG-2502-0017', '2', '40000'),
(1261, 749, 'BRG-2502-0009', '1', '18000'),
(1262, 749, 'BRG-2503-0021', '2', '125000'),
(1263, 749, 'BRG-2504-0032', '2', '21000'),
(1264, 750, 'BRG-2508-0073', '2', '29000'),
(1266, 752, 'BRG-2509-0074', '2', '15500'),
(1267, 753, 'BRG-2502-0003', '17', '18000'),
(1268, 754, 'BRG-2508-0063', '5', '725000'),
(1269, 755, 'BRG-2503-0021', '2', '125000'),
(1270, 756, 'BRG-2502-0017', '1', '40000'),
(1271, 757, 'BRG-2503-0021', '1', '125000'),
(1272, 758, 'BRG-2502-0003', '10', '18000'),
(1273, 759, 'BRG-2504-0031', '56', '2000');
INSERT INTO `tbl_dtl_trans` (`id`, `head_trans`, `kode_barang`, `qty`, `total_harga`) VALUES
(1274, 759, 'BRG-2507-0043', '4', '4500'),
(1275, 759, 'BRG-2507-0044', '4', '11500'),
(1276, 759, 'BRG-2507-0046', '3', '8000'),
(1277, 759, 'BRG-2507-0047', '1', '11000'),
(1278, 759, 'BRG-2507-0051', '3', '3000'),
(1279, 759, 'BRG-2507-0052', '1', '3000'),
(1280, 759, 'BRG-2507-0053', '4', '2500'),
(1281, 759, 'BRG-2507-0054', '3', '12000'),
(1282, 759, 'BRG-2507-0055', '1', '4000'),
(1283, 759, 'BRG-2507-0056', '40', '3000'),
(1284, 759, 'BRG-2507-0057', '19', '2000'),
(1285, 759, 'BRG-2507-0059', '6', '3000'),
(1286, 759, 'BRG-2507-0060', '5', '6000'),
(1287, 759, 'BRG-2508-0071', '1', '1500'),
(1288, 759, 'BRG-2509-0075', '2', '6000'),
(1289, 760, 'BRG-2506-0040', '7', '10000'),
(1290, 761, 'BRG-2503-0021', '1', '125000'),
(1291, 762, 'BRG-2508-0062', '1', '78000'),
(1292, 763, 'BRG-2508-0062', '2', '78000'),
(1293, 764, 'BRG-2508-0062', '1', '78000'),
(1294, 765, 'BRG-2507-0059', '1', '3000'),
(1295, 765, 'BRG-2509-0075', '2', '6000'),
(1296, 765, 'BRG-2509-0076', '1', '7000'),
(1297, 765, 'BRG-2504-0031', '14', '2000'),
(1298, 765, 'BRG-2507-0048', '1', '2000'),
(1299, 765, 'BRG-2507-0051', '2', '3000'),
(1300, 765, 'BRG-2507-0052', '1', '3000'),
(1301, 765, 'BRG-2507-0054', '1', '12000'),
(1302, 765, 'BRG-2507-0055', '1', '4000'),
(1303, 765, 'BRG-2507-0056', '2', '3000'),
(1304, 765, 'BRG-2507-0057', '9', '2000'),
(1305, 766, 'BRG-2509-0077', '5', '10500'),
(1306, 767, 'BRG-2507-0041', '4', '12000'),
(1307, 768, 'BRG-2504-0031', '7', '2000'),
(1308, 768, 'BRG-2507-0043', '2', '4500'),
(1309, 768, 'BRG-2507-0044', '2', '11500'),
(1310, 768, 'BRG-2507-0046', '1', '8000'),
(1311, 768, 'BRG-2507-0047', '1', '11000'),
(1312, 768, 'BRG-2507-0051', '4', '3000'),
(1313, 768, 'BRG-2507-0052', '2', '3000'),
(1314, 768, 'BRG-2507-0055', '4', '4000'),
(1315, 768, 'BRG-2507-0056', '1', '3000'),
(1316, 768, 'BRG-2507-0057', '9', '2000'),
(1317, 768, 'BRG-2507-0058', '1', '4000'),
(1318, 768, 'BRG-2507-0060', '2', '6000'),
(1319, 768, 'BRG-2509-0076', '1', '7000'),
(1320, 769, 'BRG-2502-0017', '1', '40000'),
(1321, 769, 'BRG-2508-0062', '1', '78000'),
(1322, 770, 'BRG-2502-0018', '1', '75000'),
(1323, 771, 'BRG-2509-0077', '23', '11500'),
(1324, 772, 'BRG-2509-0078', '15', '12500'),
(1325, 773, 'BRG-2502-0003', '1', '18000'),
(1326, 773, 'BRG-2502-0006', '4', '3500'),
(1327, 773, 'BRG-2505-0034', '4', '3000'),
(1328, 773, 'BRG-2502-0017', '1', '40000'),
(1329, 773, 'BRG-2503-0021', '1', '125000'),
(1330, 774, 'BRG-2502-0017', '1', '40000'),
(1331, 775, 'BRG-2502-0003', '15', '18000'),
(1332, 776, 'BRG-2504-0031', '6', '2000'),
(1333, 776, 'BRG-2504-0032', '1', '21000'),
(1334, 776, 'BRG-2507-0043', '3', '4500'),
(1335, 776, 'BRG-2507-0051', '1', '3000'),
(1336, 776, 'BRG-2507-0052', '2', '3000'),
(1337, 776, 'BRG-2507-0055', '1', '4000'),
(1338, 776, 'BRG-2507-0056', '3', '3000'),
(1339, 776, 'BRG-2507-0057', '16', '2000'),
(1340, 776, 'BRG-2509-0075', '1', '6000'),
(1341, 776, 'BRG-2509-0076', '1', '7000'),
(1342, 777, 'BRG-2509-0080', '10', '12000'),
(1343, 777, 'BRG-2509-0074', '5', '15500'),
(1344, 778, 'BRG-2502-0018', '1', '75000'),
(1345, 779, 'BRG-2508-0062', '1', '78000'),
(1346, 780, 'BRG-2504-0031', '10', '2000'),
(1347, 780, 'BRG-2507-0043', '1', '4500'),
(1348, 780, 'BRG-2507-0044', '1', '11500'),
(1349, 780, 'BRG-2507-0046', '1', '8000'),
(1350, 780, 'BRG-2507-0047', '1', '11000'),
(1351, 780, 'BRG-2507-0047', '2', '11000'),
(1352, 780, 'BRG-2507-0055', '1', '4000'),
(1353, 780, 'BRG-2507-0056', '4', '3000'),
(1354, 781, 'BRG-2508-0062', '1', '78000'),
(1355, 782, 'BRG-2503-0021', '1', '125000'),
(1356, 783, 'BRG-2502-0006', '2', '3500'),
(1357, 783, 'BRG-2505-0034', '3', '3000'),
(1358, 784, 'BRG-2508-0062', '1', '78000'),
(1359, 785, 'BRG-2502-0003', '1', '18000'),
(1360, 785, 'BRG-2502-0006', '5', '3500'),
(1361, 785, 'BRG-2505-0034', '5', '3000'),
(1362, 786, 'BRG-2507-0057', '13', '2000'),
(1363, 787, 'BRG-2508-0062', '1', '78000'),
(1364, 787, 'BRG-2502-0017', '1', '41000'),
(1365, 787, 'BRG-2506-0040', '2', '10000'),
(1366, 787, 'BRG-2502-0003', '1', '18000'),
(1367, 787, 'BRG-2507-0061', '1', '10000'),
(1368, 788, 'BRG-2509-0080', '5', '12000'),
(1369, 789, 'BRG-2506-0038', '1', '35000'),
(1370, 789, 'BRG-2506-0040', '5', '10000'),
(1371, 789, 'BRG-2502-0003', '1', '18000'),
(1372, 790, 'BRG-2502-0017', '1', '41000'),
(1373, 791, 'BRG-2502-0009', '1', '18000'),
(1374, 791, 'BRG-2502-0018', '1', '75000'),
(1375, 791, 'BRG-2508-0062', '1', '78000'),
(1376, 791, 'BRG-2502-0009', '1', '18000'),
(1377, 791, 'BRG-2509-0080', '5', '12000'),
(1378, 792, 'BRG-2509-0081', '5', '15000'),
(1379, 793, 'BRG-2502-0003', '20', '18000'),
(1380, 794, 'BRG-2506-0035', '10', '73000'),
(1381, 795, 'BRG-2503-0021', '1', '125000'),
(1382, 796, 'BRG-2506-0037', '10', '204000'),
(1383, 797, 'BRG-2508-0063', '5', '720000'),
(1384, 798, 'BRG-2509-0080', '2', '12000'),
(1385, 798, 'BRG-2502-0003', '2', '18000'),
(1388, 800, 'BRG-2502-0003', '1', '18000'),
(1390, 802, 'BRG-2509-0078', '5', '12500'),
(1392, 804, 'BRG-2502-0003', '20', '18000'),
(1393, 805, 'BRG-2504-0031', '12', '2000'),
(1394, 805, 'BRG-2507-0060', '4', '6000'),
(1395, 805, 'BRG-2502-0003', '3', '18000'),
(1396, 805, 'BRG-2509-0079', '5', '3000'),
(1397, 805, 'BRG-2502-0006', '6', '3500'),
(1398, 805, 'BRG-2505-0034', '4', '3000'),
(1399, 805, 'BRG-2507-0051', '9', '3000'),
(1400, 805, 'BRG-2507-0052', '5', '3000'),
(1401, 805, 'BRG-2507-0058', '3', '4000'),
(1402, 805, 'BRG-2507-0046', '1', '8000'),
(1403, 805, 'BRG-2507-0057', '15', '2000'),
(1404, 805, 'BRG-2504-0031', '11', '2000'),
(1405, 805, 'BRG-2509-0076', '3', '7000'),
(1406, 805, 'BRG-2507-0043', '2', '4500'),
(1407, 805, 'BRG-2509-0075', '1', '6000'),
(1408, 805, 'BRG-2507-0044', '3', '11500'),
(1409, 805, 'BRG-2507-0054', '1', '12000'),
(1410, 805, 'BRG-2507-0055', '1', '4000'),
(1411, 805, 'BRG-2507-0059', '1', '3000'),
(1412, 806, 'BRG-2507-0056', '11', '3000'),
(1413, 807, 'BRG-2504-0032', '1', '21000'),
(1414, 808, 'BRG-2504-0032', '3', '21000'),
(1415, 809, 'BRG-2503-0021', '1', '125000'),
(1416, 810, 'BRG-2503-0021', '1', '125000'),
(1417, 811, 'BRG-2502-0003', '2', '18000'),
(1419, 813, 'BRG-2507-0056', '2', '3000'),
(1420, 813, 'BRG-2507-0057', '11', '2000'),
(1421, 814, 'BRG-2503-0021', '1', '125000'),
(1422, 815, 'BRG-2509-0081', '7', '15000'),
(1423, 816, 'BRG-2502-0003', '10', '18000'),
(1424, 817, 'BRG-2507-0043', '1', '4500'),
(1425, 817, 'BRG-2507-0044', '2', '11500'),
(1426, 817, 'BRG-2507-0047', '1', '11000'),
(1427, 817, 'BRG-2507-0051', '3', '3000'),
(1428, 817, 'BRG-2507-0052', '2', '3000'),
(1429, 817, 'BRG-2507-0056', '2', '3000'),
(1430, 817, 'BRG-2507-0058', '1', '4000'),
(1431, 817, 'BRG-2509-0075', '1', '6000'),
(1432, 817, 'BRG-2509-0076', '1', '7000'),
(1433, 817, 'BRG-2509-0079', '1', '3000'),
(1434, 817, 'BRG-2505-0034', '1', '3000'),
(1435, 818, 'BRG-2505-0034', '2', '3000'),
(1436, 818, 'BRG-2507-0053', '1', '2500'),
(1437, 818, 'BRG-2507-0055', '1', '4000'),
(1438, 818, 'BRG-2507-0046', '2', '8000'),
(1439, 818, 'BRG-2504-0031', '4', '2000'),
(1440, 819, 'BRG-2508-0062', '1', '78000'),
(1441, 819, 'BRG-2502-0018', '1', '75000'),
(1442, 820, 'BRG-2503-0021', '1', '125000'),
(1443, 820, 'BRG-2502-0017', '1', '41000'),
(1444, 820, 'BRG-2506-0040', '2', '10000'),
(1445, 820, 'BRG-2502-0003', '1', '18000'),
(1446, 821, 'BRG-2503-0021', '1', '125000'),
(1447, 821, 'BRG-2502-0017', '1', '41000'),
(1448, 822, 'BRG-2504-0031', '5', '2000'),
(1449, 822, 'BRG-2507-0044', '1', '11500'),
(1450, 822, 'BRG-2507-0046', '1', '8000'),
(1451, 822, 'BRG-2507-0047', '1', '11000'),
(1452, 822, 'BRG-2507-0051', '2', '3000'),
(1453, 822, 'BRG-2507-0052', '1', '3000'),
(1454, 822, 'BRG-2507-0055', '2', '4000'),
(1455, 822, 'BRG-2507-0056', '3', '3000'),
(1456, 822, 'BRG-2507-0058', '1', '4000'),
(1457, 822, 'BRG-2509-0076', '1', '7000'),
(1458, 823, 'BRG-2507-0057', '12', '2000'),
(1459, 823, 'BRG-2504-0031', '2', '2000'),
(1460, 824, 'BRG-2502-0009', '1', '18000'),
(1461, 825, 'BRG-2506-0035', '10', '73000'),
(1462, 826, 'BRG-2502-0018', '1', '75000'),
(1463, 826, 'BRG-2502-0017', '1', '41000'),
(1464, 826, 'BRG-2506-0040', '2', '10000'),
(1465, 827, 'BRG-2502-0003', '1', '18000'),
(1466, 828, 'BRG-2502-0003', '10', '18000'),
(1467, 829, 'BRG-2509-0079', '2', '3000'),
(1468, 829, 'BRG-2507-0051', '1', '3000'),
(1469, 829, 'BRG-2507-0057', '8', '2000'),
(1470, 829, 'BRG-2507-0056', '4', '3000'),
(1471, 829, 'BRG-2507-0055', '2', '4000'),
(1472, 829, 'BRG-2507-0044', '1', '11500'),
(1473, 829, 'BRG-2507-0043', '1', '4500'),
(1474, 829, 'BRG-2507-0046', '1', '8000'),
(1475, 829, 'BRG-2507-0047', '1', '11000'),
(1476, 829, 'BRG-2507-0060', '1', '6000'),
(1477, 829, 'BRG-2504-0032', '1', '21000'),
(1478, 829, 'BRG-2504-0031', '5', '2000'),
(1479, 830, 'BRG-2509-0078', '2', '12500'),
(1480, 831, 'BRG-2503-0021', '1', '125000'),
(1481, 832, 'BRG-2508-0062', '1', '78000'),
(1482, 833, 'BRG-2503-0022', '45', '123000'),
(1483, 833, 'BRG-2509-0082', '45', '38000'),
(1484, 833, 'BRG-2504-0029', '45', '7000'),
(1485, 833, 'BRG-2502-0003', '45', '18000'),
(1486, 833, 'BRG-2502-0012', '2', '430000'),
(1487, 833, 'BRG-2502-0010', '1', '30000'),
(1488, 833, 'BRG-2502-0007', '5', '115000'),
(1489, 833, 'BRG-2505-0034', '25', '3000'),
(1490, 833, 'BRG-2502-0005', '5', '120000'),
(1491, 833, 'BRG-2502-0006', '25', '3500'),
(1492, 834, 'BRG-2503-0021', '1', '125000'),
(1493, 835, 'BRG-2502-0017', '1', '41000'),
(1494, 835, 'BRG-2502-0018', '1', '75000'),
(1495, 836, 'BRG-2504-0031', '15', '2000'),
(1496, 836, 'BRG-2504-0032', '1', '21000'),
(1497, 836, 'BRG-2507-0060', '3', '6000'),
(1498, 836, 'BRG-2507-0051', '2', '3000'),
(1499, 836, 'BRG-2507-0052', '3', '3000'),
(1500, 836, 'BRG-2507-0058', '1', '4000'),
(1501, 836, 'BRG-2507-0053', '5', '2500'),
(1502, 836, 'BRG-2508-0071', '5', '1500'),
(1503, 836, 'BRG-2507-0057', '18', '2000'),
(1504, 836, 'BRG-2507-0056', '23', '3000'),
(1505, 836, 'BRG-2509-0076', '1', '7000'),
(1506, 836, 'BRG-2507-0043', '1', '4500'),
(1507, 836, 'BRG-2509-0075', '1', '6000'),
(1508, 836, 'BRG-2507-0044', '1', '11500'),
(1509, 836, 'BRG-2507-0055', '1', '4000'),
(1510, 837, 'BRG-2502-0003', '10', '18000'),
(1511, 838, 'BRG-2504-0032', '1', '21000'),
(1512, 839, 'BRG-2508-0062', '1', '78000'),
(1513, 839, 'BRG-2502-0017', '1', '41000'),
(1514, 840, 'BRG-2507-0061', '1', '10000'),
(1515, 840, 'BRG-2502-0006', '1', '3500'),
(1516, 840, 'BRG-2502-0009', '1', '18000'),
(1517, 840, 'BRG-2507-0051', '1', '3000'),
(1518, 840, 'BRG-2507-0060', '1', '6000'),
(1519, 840, 'BRG-2507-0057', '9', '2000'),
(1520, 840, 'BRG-2507-0056', '3', '3000'),
(1521, 840, 'BRG-2507-0055', '3', '4000'),
(1522, 840, 'BRG-2507-0046', '2', '8000'),
(1523, 840, 'BRG-2504-0031', '12', '2000'),
(1524, 841, 'BRG-2502-0003', '6', '18000'),
(1525, 842, 'BRG-2503-0021', '2', '125000'),
(1526, 843, 'BRG-2502-0018', '1', '75000'),
(1527, 844, 'BRG-2504-0031', '16', '2000'),
(1528, 844, 'BRG-2502-0006', '4', '3500'),
(1529, 844, 'BRG-2505-0034', '2', '3000'),
(1530, 844, 'BRG-2507-0051', '3', '3000'),
(1531, 844, 'BRG-2507-0052', '2', '3000'),
(1532, 844, 'BRG-2507-0046', '2', '8000'),
(1533, 844, 'BRG-2507-0057', '12', '2000'),
(1534, 844, 'BRG-2507-0056', '5', '3000'),
(1535, 844, 'BRG-2507-0043', '3', '4500'),
(1536, 844, 'BRG-2507-0055', '3', '4000'),
(1537, 844, 'BRG-2507-0047', '2', '11000'),
(1538, 844, 'BRG-2507-0059', '1', '3000'),
(1551, 846, 'BRG-2502-0018', '1', '75000'),
(1552, 847, 'BRG-2507-0042', '1', '40000'),
(1553, 847, 'BRG-2506-0040', '2', '10000'),
(1554, 847, 'BRG-2504-0029', '1', '7000'),
(1555, 847, 'BRG-2502-0006', '2', '3500'),
(1556, 847, 'BRG-2505-0034', '3', '3000'),
(1557, 848, 'BRG-2502-0003', '6', '18000'),
(1558, 849, 'BRG-2507-0042', '1', '40000'),
(1559, 850, 'BRG-2507-0042', '1', '40000'),
(1560, 851, 'BRG-2502-0003', '7', '18000'),
(1561, 852, 'BRG-2502-0003', '1', '18000'),
(1562, 853, 'BRG-2504-0032', '3', '21000'),
(1563, 854, 'BRG-2502-0018', '1', '75000'),
(1564, 855, 'BRG-2502-0018', '1', '75000'),
(1565, 856, 'BRG-2503-0021', '1', '125000'),
(1566, 857, 'BRG-2503-0021', '1', '125000'),
(1567, 858, 'BRG-2503-0021', '1', '125000'),
(1568, 859, 'BRG-2509-0081', '7', '15000'),
(1569, 860, 'BRG-2503-0021', '1', '125000'),
(1570, 861, 'BRG-2509-0080', '4', '12000'),
(1571, 861, 'BRG-2509-0078', '2', '12500'),
(1572, 862, 'BRG-2508-0062', '1', '78000'),
(1573, 863, 'BRG-2503-0021', '1', '125000'),
(1574, 863, 'BRG-2506-0038', '1', '35000'),
(1575, 864, 'BRG-2507-0042', '1', '41000'),
(1576, 865, 'BRG-2506-0035', '10', '73000'),
(1577, 866, 'BRG-2504-0031', '12', '2000'),
(1578, 866, 'BRG-2507-0060', '8', '6000'),
(1579, 866, 'BRG-2507-0051', '2', '3000'),
(1580, 866, 'BRG-2507-0052', '1', '3000'),
(1581, 866, 'BRG-2507-0058', '2', '4000'),
(1582, 866, 'BRG-2508-0072', '1', '12000'),
(1583, 866, 'BRG-2507-0046', '5', '8000'),
(1584, 866, 'BRG-2507-0057', '59', '2000'),
(1585, 866, 'BRG-2507-0056', '8', '3000'),
(1586, 866, 'BRG-2509-0076', '6', '7000'),
(1587, 866, 'BRG-2507-0043', '3', '4500'),
(1588, 866, 'BRG-2509-0075', '1', '6000'),
(1589, 866, 'BRG-2507-0054', '2', '12000'),
(1590, 866, 'BRG-2507-0055', '2', '4000'),
(1591, 866, 'BRG-2507-0047', '3', '11000'),
(1592, 866, 'BRG-2504-0031', '1', '2000'),
(1593, 867, 'BRG-2503-0021', '1', '125000'),
(1595, 869, 'BRG-2502-0003', '14', '18000'),
(1596, 870, 'BRG-2502-0018', '1', '75000'),
(1598, 872, 'BRG-2509-0080', '10', '12000'),
(1599, 873, 'BRG-2504-0031', '7', '2000'),
(1600, 873, 'BRG-2507-0051', '2', '3000'),
(1601, 873, 'BRG-2507-0057', '6', '2000'),
(1602, 873, 'BRG-2507-0056', '4', '3000'),
(1603, 874, 'BRG-2509-0079', '7', '3000'),
(1604, 874, 'BRG-2505-0034', '6', '3000'),
(1605, 875, 'BRG-2504-0032', '1', '21000'),
(1606, 876, 'BRG-2504-0032', '2', '21000'),
(1607, 877, 'BRG-2506-0038', '1', '35000'),
(1608, 878, 'BRG-2507-0053', '8', '2500'),
(1609, 878, 'BRG-2507-0061', '1', '10000'),
(1610, 879, 'BRG-2508-0072', '1', '12000'),
(1611, 880, 'BRG-2503-0021', '1', '125000'),
(1612, 881, 'BRG-2503-0021', '1', '125000'),
(1613, 882, 'BRG-2508-0062', '1', '78000'),
(1614, 883, 'BRG-2502-0018', '1', '75000'),
(1615, 884, 'BRG-2509-0081', '10', '15000'),
(1617, 886, 'BRG-2504-0031', '28', '2000'),
(1618, 886, 'BRG-2502-0003', '1', '18000'),
(1619, 886, 'BRG-2507-0051', '3', '3000'),
(1620, 886, 'BRG-2507-0052', '3', '3000'),
(1621, 886, 'BRG-2507-0046', '1', '8000'),
(1622, 886, 'BRG-2507-0057', '12', '2000'),
(1623, 886, 'BRG-2507-0056', '4', '3000'),
(1624, 886, 'BRG-2507-0043', '1', '4500'),
(1625, 886, 'BRG-2507-0055', '2', '4000'),
(1626, 886, 'BRG-2507-0047', '2', '11000'),
(1627, 886, 'BRG-2507-0059', '1', '3000'),
(1628, 887, 'BRG-2503-0021', '1', '125000'),
(1629, 887, 'BRG-2506-0040', '2', '10000'),
(1630, 887, 'BRG-2507-0042', '1', '41000'),
(1631, 887, 'BRG-2507-0061', '1', '10000'),
(1632, 887, 'BRG-2502-0006', '2', '3500'),
(1633, 887, 'BRG-2505-0034', '3', '3000'),
(1634, 887, 'BRG-2502-0003', '1', '18000'),
(1635, 888, 'BRG-2504-0031', '7', '2000'),
(1636, 888, 'BRG-2507-0060', '1', '6000'),
(1637, 888, 'BRG-2507-0051', '2', '3000'),
(1638, 888, 'BRG-2507-0052', '2', '3000'),
(1639, 888, 'BRG-2507-0046', '1', '8000'),
(1640, 888, 'BRG-2507-0057', '10', '2000'),
(1641, 888, 'BRG-2507-0056', '4', '3000'),
(1642, 888, 'BRG-2509-0076', '1', '7000'),
(1643, 888, 'BRG-2507-0055', '1', '4000'),
(1644, 888, 'BRG-2507-0059', '1', '3000'),
(1645, 889, 'BRG-2503-0021', '1', '125000'),
(1646, 890, 'BRG-2502-0018', '1', '75000'),
(1647, 891, 'BRG-2504-0031', '1', '2000'),
(1648, 892, 'BRG-2502-0018', '1', '75000'),
(1649, 893, 'BRG-2503-0021', '1', '125000'),
(1650, 894, 'BRG-2506-0038', '1', '35000'),
(1651, 895, 'BRG-2504-0031', '12', '2000'),
(1652, 895, 'BRG-2504-0032', '1', '21000'),
(1653, 895, 'BRG-2507-0043', '1', '4500'),
(1654, 895, 'BRG-2507-0046', '1', '8000'),
(1655, 895, 'BRG-2507-0047', '1', '11000'),
(1656, 895, 'BRG-2507-0051', '3', '3000'),
(1657, 895, 'BRG-2507-0056', '2', '3000'),
(1658, 895, 'BRG-2507-0057', '12', '2000'),
(1659, 895, 'BRG-2507-0058', '1', '4000'),
(1660, 895, 'BRG-2507-0053', '2', '2500'),
(1661, 896, 'BRG-2502-0018', '1', '75000'),
(1662, 896, 'BRG-2506-0040', '1', '10000'),
(1663, 897, 'BRG-2502-0017', '1', '41000'),
(1664, 898, 'BRG-2502-0003', '10', '18000'),
(1665, 899, 'BRG-2502-0018', '1', '75000'),
(1666, 899, 'BRG-2503-0021', '1', '125000'),
(1667, 899, 'BRG-2508-0064', '1', '18000'),
(1668, 900, 'BRG-2502-0018', '1', '75000'),
(1669, 901, 'BRG-2507-0043', '1', '4500'),
(1670, 901, 'BRG-2507-0046', '1', '8000'),
(1671, 901, 'BRG-2507-0047', '1', '11000'),
(1672, 902, 'BRG-2502-0003', '10', '18000'),
(1673, 903, 'BRG-2504-0032', '1', '21000'),
(1674, 904, 'BRG-2504-0031', '40', '2000'),
(1675, 904, 'BRG-2507-0060', '1', '6000'),
(1676, 904, 'BRG-2507-0051', '2', '3000'),
(1677, 904, 'BRG-2507-0052', '2', '3000'),
(1678, 904, 'BRG-2507-0058', '1', '4000'),
(1679, 904, 'BRG-2507-0053', '4', '2500'),
(1680, 904, 'BRG-2507-0046', '3', '8000'),
(1681, 904, 'BRG-2507-0057', '14', '2000'),
(1682, 904, 'BRG-2507-0056', '12', '3000'),
(1683, 904, 'BRG-2509-0076', '1', '7000'),
(1684, 904, 'BRG-2507-0043', '1', '4500'),
(1685, 904, 'BRG-2504-0031', '1', '2000'),
(1686, 904, 'BRG-2507-0055', '1', '4000'),
(1687, 904, 'BRG-2507-0047', '3', '11000'),
(1688, 904, 'BRG-2507-0059', '2', '3000'),
(1689, 905, 'BRG-2507-0055', '4', '4000');

-- --------------------------------------------------------

--
-- Table structure for table `tbl_history_barang`
--

CREATE TABLE `tbl_history_barang` (
  `id` int NOT NULL,
  `barang_id` int DEFAULT NULL,
  `qty` int DEFAULT NULL,
  `history_date` datetime DEFAULT NULL
) ENGINE=InnoDB DEFAULT CHARSET=utf8mb4 COLLATE=utf8mb4_general_ci ROW_FORMAT=DYNAMIC;

--
-- Dumping data for table `tbl_history_barang`
--

INSERT INTO `tbl_history_barang` (`id`, `barang_id`, `qty`, `history_date`) VALUES
(79, 19, 20, '2025-03-18 14:33:10'),
(80, 20, 11, '2025-03-18 14:33:58'),
(81, 20, 257, '2025-03-20 04:57:15'),
(82, 19, 100, '2025-03-20 04:57:36'),
(83, 1, 50, '2025-03-20 15:26:14'),
(84, 3, 50, '2025-03-20 15:26:57'),
(85, 20, 20, '2025-03-20 15:28:07'),
(86, 8, 7, '2025-03-20 15:28:38'),
(87, 11, 5, '2025-03-20 15:29:40'),
(88, 10, 1, '2025-03-20 15:29:55'),
(89, 13, 1, '2025-03-20 15:32:00'),
(90, 19, 34, '2025-03-25 06:32:52'),
(91, 20, 40, '2025-03-25 06:33:24'),
(92, 19, 30, '2025-03-26 04:35:39'),
(93, 20, 10, '2025-03-26 04:35:53'),
(94, 18, 10, '2025-03-26 04:36:07'),
(95, 25, 30, '2025-03-26 05:56:18'),
(96, 25, -50, '2025-03-26 05:56:52'),
(97, 20, 17, '2025-03-27 06:19:50'),
(98, 22, 29, '2025-03-27 06:43:02'),
(99, 21, 3, '2025-03-27 06:46:45'),
(100, 25, -9, '2025-03-27 06:50:07'),
(101, 20, 25, '2025-03-27 12:05:34'),
(102, 19, 14, '2025-03-27 12:05:47'),
(103, 19, 28, '2025-04-10 13:37:37'),
(104, 3, 50, '2025-04-21 16:16:52'),
(105, 24, 1, '2025-04-21 16:21:40'),
(106, 5, 5, '2025-04-21 16:22:15'),
(107, 7, 5, '2025-04-21 16:22:28'),
(108, 6, 25, '2025-04-21 16:22:44'),
(109, 7, 25, '2025-04-21 16:23:58'),
(110, 22, 38, '2025-04-24 04:40:05'),
(111, 18, 38, '2025-04-24 04:43:43'),
(112, 21, 18, '2025-04-24 04:49:02'),
(113, 17, 59, '2025-04-24 06:02:52'),
(114, 12, 2, '2025-04-24 06:12:05'),
(115, 11, 45, '2025-04-24 06:17:10'),
(116, 26, 25, '2025-04-24 06:18:41'),
(117, 7, -25, '2025-04-24 08:41:49'),
(118, 25, -21, '2025-04-24 08:43:17'),
(119, 27, 1, '2025-04-24 08:44:32'),
(120, 3, 49, '2025-04-28 16:22:57'),
(121, 18, 10, '2025-04-28 16:23:38'),
(122, 32, 20, '2025-05-05 13:53:56'),
(123, 31, 240, '2025-05-05 13:54:34'),
(124, 3, 49, '2025-05-08 13:58:47'),
(125, 21, 7, '2025-05-08 14:00:21'),
(126, 18, -12, '2025-05-08 14:01:33'),
(127, 21, -7, '2025-05-08 14:02:50'),
(128, 22, 7, '2025-05-08 14:03:21'),
(129, 21, 3, '2025-05-14 06:33:40'),
(130, 22, 5, '2025-05-14 06:34:22'),
(131, 9, 24, '2025-05-18 12:26:21'),
(132, 3, 50, '2025-05-18 13:00:46'),
(133, 29, 48, '2025-05-18 13:02:35'),
(134, 5, 5, '2025-05-18 13:03:07'),
(135, 7, 5, '2025-05-18 13:03:36'),
(136, 25, 20, '2025-05-18 13:04:47'),
(137, 12, 2, '2025-05-19 07:53:05'),
(138, 21, 10, '2025-05-20 08:42:08'),
(139, 21, -5, '2025-05-20 08:42:36'),
(140, 22, 5, '2025-05-20 08:42:47'),
(141, 18, 15, '2025-05-20 08:43:21'),
(142, 31, 360, '2025-05-21 13:38:48'),
(143, 27, 1, '2025-05-23 08:08:17'),
(144, 6, 40, '2025-05-27 22:45:56'),
(145, 16, 7, '2025-05-27 22:52:26'),
(146, 10, 1, '2025-05-27 22:53:43'),
(147, 18, -13, '2025-05-27 22:56:26'),
(148, 25, -16, '2025-05-27 22:58:20'),
(149, 22, 50, '2025-05-27 23:00:09'),
(150, 21, 17, '2025-05-27 23:01:25'),
(152, 18, 20, '2025-06-02 16:58:13'),
(153, 3, 50, '2025-06-04 16:29:58'),
(154, 3, 50, '2025-06-11 06:13:48'),
(155, 27, 5, '2025-06-11 06:14:33'),
(156, 25, 1, '2025-06-11 06:14:55'),
(157, 21, 6, '2025-06-12 12:16:15'),
(158, 31, 32, '2025-06-17 03:42:06'),
(159, 30, 32, '2025-06-17 03:43:18'),
(160, 5, 4, '2025-06-17 07:52:25'),
(161, 7, 4, '2025-06-17 07:53:01'),
(162, 29, 48, '2025-06-17 07:53:52'),
(163, 12, 2, '2025-06-17 07:54:30'),
(164, 17, 36, '2025-06-17 07:55:20'),
(165, 27, 11, '2025-06-17 07:56:40'),
(166, 27, -2, '2025-06-17 07:58:19'),
(167, 25, -5, '2025-06-17 07:58:58'),
(168, 23, -7, '2025-06-17 08:28:13'),
(169, 32, 7, '2025-06-17 08:28:43'),
(170, 31, 156, '2025-06-17 08:29:30'),
(171, 30, 3, '2025-06-18 15:38:47'),
(172, 21, 16, '2025-06-18 15:40:41'),
(173, 22, 38, '2025-06-18 15:41:41'),
(174, 3, 50, '2025-06-18 15:42:21'),
(175, 12, 6, '2025-06-20 06:52:57'),
(176, 37, 3, '2025-06-22 05:46:01'),
(177, 5, 2, '2025-06-22 06:28:06'),
(178, 5, -1, '2025-06-22 06:28:28'),
(179, 6, 40, '2025-06-22 06:28:45'),
(180, 7, 1, '2025-06-22 06:29:14'),
(181, 34, 40, '2025-06-22 06:29:36'),
(182, 10, 1, '2025-06-22 06:36:20'),
(183, 12, 2, '2025-06-23 23:27:46'),
(184, 27, 10, '2025-06-24 08:14:39'),
(185, 9, 3, '2025-06-30 15:12:23'),
(186, 12, 6, '2025-07-01 23:42:11'),
(187, 12, 1, '2025-07-03 08:14:12'),
(188, 12, 1, '2025-07-04 08:11:38'),
(189, 38, 12, '2025-07-06 03:48:54'),
(190, 37, -2, '2025-07-06 03:49:17'),
(191, 32, 6, '2025-07-06 03:54:05'),
(192, 23, 2, '2025-07-06 03:56:31'),
(193, 3, 50, '2025-07-06 04:02:41'),
(194, 29, 1, '2025-07-06 04:09:12'),
(195, 18, 170, '2025-07-10 06:43:24'),
(196, 17, 36, '2025-07-10 06:51:36'),
(197, 24, 24, '2025-07-10 06:51:52'),
(198, 17, -12, '2025-07-10 06:57:45'),
(199, 35, 200, '2025-07-12 04:06:18'),
(200, 21, 50, '2025-07-15 13:41:19'),
(201, 40, 10, '2025-07-15 13:46:31'),
(202, 30, 20, '2025-07-15 13:53:05'),
(203, 41, 20, '2025-07-15 13:56:14'),
(204, 40, 20, '2025-07-15 14:05:49'),
(205, 29, 24, '2025-07-15 14:06:27'),
(206, 3, 49, '2025-07-15 14:15:06'),
(207, 32, 4, '2025-07-15 15:23:30'),
(208, 3, 12, '2025-07-16 04:55:56'),
(209, 18, -156, '2025-07-16 06:08:03'),
(210, 21, -25, '2025-07-16 06:10:25'),
(211, 22, 30, '2025-07-16 06:10:58'),
(212, 23, -1, '2025-07-16 06:11:47'),
(213, 24, -24, '2025-07-16 06:12:12'),
(214, 26, 10, '2025-07-16 06:12:37'),
(215, 27, -5, '2025-07-16 06:12:59'),
(216, 30, -20, '2025-07-16 06:13:59'),
(217, 31, -476, '2025-07-16 06:15:00'),
(218, 34, -10, '2025-07-16 06:16:06'),
(219, 26, -10, '2025-07-16 06:17:04'),
(220, 36, -1, '2025-07-16 06:17:47'),
(221, 38, 2, '2025-07-16 06:18:09'),
(222, 38, 1, '2025-07-16 06:18:56'),
(223, 40, -5, '2025-07-16 06:19:37'),
(224, 32, 15, '2025-07-19 04:28:11'),
(225, 31, 360, '2025-07-19 04:28:33'),
(226, 3, 50, '2025-07-19 04:28:47'),
(227, 40, 25, '2025-07-19 04:29:06'),
(228, 27, 3, '2025-07-20 09:29:54'),
(229, 9, 24, '2025-07-20 09:36:30'),
(230, 18, 10, '2025-07-21 06:48:08'),
(231, 22, 12, '2025-07-21 06:50:19'),
(232, 59, -10, '2025-07-23 04:52:57'),
(233, 12, 2, '2025-07-23 07:34:22'),
(234, 5, 5, '2025-07-23 07:38:13'),
(235, 7, 5, '2025-07-23 07:38:29'),
(236, 6, 40, '2025-07-23 07:38:54'),
(237, 34, 40, '2025-07-23 07:39:24'),
(238, 3, 50, '2025-07-23 07:39:51'),
(239, 29, 48, '2025-07-23 07:40:50'),
(240, 17, 36, '2025-07-23 07:44:32'),
(241, 3, 49, '2025-07-28 06:21:48'),
(242, 56, 24, '2025-07-28 11:44:07'),
(243, 57, 24, '2025-07-28 11:44:33'),
(244, 56, 24, '2025-08-02 13:03:44'),
(245, 57, 24, '2025-08-02 13:04:09'),
(246, 40, 25, '2025-08-02 13:04:47'),
(247, 62, 2, '2025-08-05 03:04:15'),
(248, 18, 10, '2025-08-05 03:05:15'),
(249, 62, 3, '2025-08-05 03:14:09'),
(250, 22, 2, '2025-08-05 03:40:43'),
(251, 29, -24, '2025-08-05 03:41:40'),
(252, 10, 1, '2025-08-05 03:42:51'),
(253, 56, 24, '2025-08-05 11:59:38'),
(254, 55, 48, '2025-08-06 11:21:56'),
(255, 58, 12, '2025-08-06 11:22:24'),
(256, 59, 10, '2025-08-06 11:22:38'),
(257, 60, 24, '2025-08-06 11:23:21'),
(258, 51, 40, '2025-08-06 11:24:05'),
(259, 52, 40, '2025-08-06 11:24:20'),
(260, 56, 48, '2025-08-06 11:25:04'),
(261, 56, 48, '2025-08-06 11:25:04'),
(262, 21, 5, '2025-08-07 13:59:48'),
(263, 18, 10, '2025-08-07 14:00:50'),
(264, 57, 48, '2025-08-08 12:05:24'),
(265, 3, 50, '2025-08-08 12:06:46'),
(266, 44, 30, '2025-08-11 11:41:37'),
(267, 46, 30, '2025-08-11 11:42:49'),
(268, 43, 20, '2025-08-11 11:43:50'),
(269, 42, 12, '2025-08-11 12:32:39'),
(270, 21, 13, '2025-08-12 17:21:33'),
(271, 54, 2, '2025-08-12 17:22:06'),
(272, 32, 19, '2025-08-16 14:51:09'),
(273, 31, 214, '2025-08-16 14:52:14'),
(274, 62, 1, '2025-08-17 14:12:56'),
(275, 6, 15, '2025-08-17 14:14:20'),
(276, 34, 20, '2025-08-17 14:16:00'),
(277, 40, 24, '2025-08-18 11:36:14'),
(278, 3, 49, '2025-08-19 14:54:45'),
(279, 62, 1, '2025-08-19 14:56:30'),
(280, 21, 29, '2025-08-19 14:56:57'),
(281, 57, 36, '2025-08-20 14:25:31'),
(282, 31, 7, '2025-08-20 14:26:07'),
(283, 31, 7, '2025-08-20 14:26:07'),
(284, 42, 6, '2025-08-22 16:09:53'),
(285, 62, 1, '2025-08-22 16:10:13'),
(286, 29, 1, '2025-08-25 10:56:00'),
(287, 17, 15, '2025-08-25 11:14:02'),
(288, 24, 3, '2025-08-25 11:14:51'),
(289, 24, -3, '2025-08-25 11:16:09'),
(290, 29, 2, '2025-08-25 11:16:34'),
(291, 18, 4, '2025-08-25 11:22:39'),
(292, 6, 15, '2025-08-25 13:22:38'),
(293, 34, 8, '2025-08-25 13:25:38'),
(294, 3, 50, '2025-08-25 13:26:22'),
(295, 3, 50, '2025-08-25 13:26:22'),
(296, 3, -50, '2025-08-25 13:28:01'),
(297, 40, 24, '2025-08-25 13:33:44'),
(298, 47, 12, '2025-08-25 13:34:36'),
(299, 57, 48, '2025-08-25 14:34:44'),
(300, 64, 7, '2025-08-25 14:39:15'),
(301, 53, 1, '2025-08-25 14:40:20'),
(302, 22, 45, '2025-08-26 07:41:01'),
(303, 17, 45, '2025-08-26 07:42:52'),
(304, 29, 45, '2025-08-26 07:45:17'),
(305, 3, 45, '2025-08-26 07:56:16'),
(306, 5, 5, '2025-08-26 07:56:43'),
(307, 6, 25, '2025-08-26 07:57:29'),
(308, 7, 5, '2025-08-26 07:58:35'),
(309, 34, 25, '2025-08-26 07:58:49'),
(310, 12, 2, '2025-08-26 07:59:17'),
(311, 10, 1, '2025-08-26 07:59:35'),
(312, 42, 6, '2025-08-28 12:22:54'),
(313, 56, 24, '2025-08-28 14:29:35'),
(314, 18, 1, '2025-08-30 10:34:21'),
(315, 27, -1, '2025-08-30 10:35:44'),
(316, 57, 72, '2025-08-30 10:36:50'),
(317, 35, 80, '2025-08-31 23:00:40'),
(318, 18, 21, '2025-08-31 23:04:31'),
(319, 3, 4, '2025-09-01 14:45:43'),
(320, 18, -5, '2025-09-01 14:46:23'),
(321, 56, 14, '2025-09-01 14:48:45'),
(322, 18, 1, '2025-09-01 14:49:32'),
(323, 21, -30, '2025-09-01 14:50:08'),
(324, 63, 1, '2025-09-02 16:32:09'),
(325, 62, 10, '2025-09-02 16:32:33'),
(326, 21, 12, '2025-09-02 16:33:03'),
(327, 32, 10, '2025-09-02 16:36:38'),
(328, 31, 240, '2025-09-02 16:37:18'),
(329, 63, 3, '2025-09-03 16:04:49'),
(330, 57, 240, '2025-09-04 13:07:17'),
(331, 3, 50, '2025-09-07 04:51:22'),
(332, 9, 6, '2025-09-07 04:51:37'),
(333, 9, 6, '2025-09-07 04:51:58'),
(334, 38, 6, '2025-09-07 04:52:29'),
(335, 63, 2, '2025-09-07 04:52:58'),
(336, 73, 2, '2025-09-07 04:53:24'),
(337, 17, 30, '2025-09-07 05:04:36'),
(338, 44, 15, '2025-09-07 10:33:11'),
(339, 56, 48, '2025-09-07 10:38:17'),
(340, 43, 15, '2025-09-07 10:39:47'),
(341, 59, 10, '2025-09-08 10:51:20'),
(342, 58, 12, '2025-09-08 10:52:23'),
(343, 57, 48, '2025-09-08 10:54:41'),
(344, 55, 24, '2025-09-08 10:56:12'),
(345, 18, 5, '2025-09-09 13:28:00'),
(346, 40, 25, '2025-09-10 08:43:37'),
(347, 6, 40, '2025-09-10 08:44:02'),
(348, 26, 40, '2025-09-10 08:44:36'),
(349, 56, 48, '2025-09-10 08:54:54'),
(350, 34, 40, '2025-09-10 10:58:31'),
(351, 34, 40, '2025-09-10 10:58:31'),
(352, 78, 25, '2025-09-10 13:45:07'),
(353, 77, 23, '2025-09-10 13:50:55'),
(354, 62, 3, '2025-09-10 13:53:13'),
(355, 21, 3, '2025-09-10 15:22:54'),
(356, 51, 40, '2025-09-11 15:03:33'),
(357, 60, 24, '2025-09-11 15:03:52'),
(358, 60, 24, '2025-09-11 15:03:52'),
(359, 57, 120, '2025-09-12 11:07:42'),
(360, 57, 120, '2025-09-12 11:07:42'),
(361, 37, 10, '2025-09-14 05:51:09'),
(362, 35, 10, '2025-09-14 06:28:28'),
(363, 63, 4, '2025-09-14 13:01:58'),
(364, 63, 4, '2025-09-14 13:01:58'),
(365, 21, 3, '2025-09-15 11:18:27'),
(366, 62, 5, '2025-09-15 11:18:54'),
(367, 3, 50, '2025-09-15 13:13:22'),
(368, 73, 2, '2025-09-16 07:38:05'),
(369, 47, 1, '2025-09-16 07:39:25'),
(370, 42, 6, '2025-09-16 14:10:37'),
(371, 47, 12, '2025-09-17 10:46:16'),
(372, 81, -18, '2025-09-17 15:31:46'),
(373, 74, -3, '2025-09-17 15:32:17'),
(374, 26, -40, '2025-09-17 15:32:38'),
(375, 80, -6, '2025-09-17 15:33:04'),
(376, 78, -5, '2025-09-17 15:33:36'),
(377, 41, -6, '2025-09-17 15:34:21'),
(378, 3, 7, '2025-09-17 15:35:02'),
(379, 3, 50, '2025-09-17 15:35:19'),
(380, 49, -50, '2025-09-17 15:37:14'),
(381, 70, -3, '2025-09-17 15:37:56'),
(382, 7, 5, '2025-09-17 15:38:16'),
(383, 5, 6, '2025-09-17 15:38:58'),
(384, 22, 33, '2025-09-18 03:03:17'),
(385, 21, 4, '2025-09-18 03:03:43'),
(386, 35, 10, '2025-09-18 15:03:23'),
(387, 60, -24, '2025-09-18 15:08:04'),
(388, 57, -120, '2025-09-18 15:08:49'),
(389, 78, 2, '2025-09-19 13:15:17'),
(390, 22, 12, '2025-09-19 15:57:36'),
(391, 29, 48, '2025-09-21 03:39:35'),
(392, 29, 48, '2025-09-21 03:39:35'),
(393, 10, 1, '2025-09-21 03:40:07'),
(394, 5, -1, '2025-09-22 07:12:22'),
(395, 6, 40, '2025-09-22 07:12:38'),
(396, 12, 2, '2025-09-22 07:14:02'),
(397, 29, -48, '2025-09-22 15:22:07'),
(398, 46, 29, '2025-09-22 15:22:44'),
(399, 43, 30, '2025-09-22 15:23:14'),
(400, 18, 5, '2025-09-22 15:24:08'),
(401, 21, 3, '2025-09-22 15:24:27'),
(402, 3, 50, '2025-09-23 06:34:43'),
(403, 32, 10, '2025-09-23 10:51:54'),
(404, 56, 48, '2025-09-23 14:15:09'),
(405, 21, 3, '2025-09-25 11:52:20'),
(406, 57, 48, '2025-09-27 12:12:51'),
(407, 81, 7, '2025-09-28 03:54:50'),
(408, 63, -4, '2025-09-29 08:48:20'),
(409, 78, 2, '2025-09-29 11:35:09'),
(410, 80, 2, '2025-09-29 11:36:15'),
(411, 35, 10, '2025-09-29 11:37:01'),
(412, 80, 2, '2025-09-29 11:37:40'),
(413, 3, 50, '2025-09-29 12:21:24'),
(414, 18, 5, '2025-09-29 12:22:32'),
(415, 21, 8, '2025-09-29 12:24:18'),
(416, 80, 10, '2025-09-30 14:10:22'),
(417, 81, 26, '2025-09-30 15:37:36'),
(418, 74, 19, '2025-09-30 15:38:30'),
(419, 18, 1, '2025-09-30 15:39:20'),
(420, 18, 1, '2025-09-30 15:39:20'),
(421, 6, 3, '2025-09-30 15:39:43'),
(422, 46, 1, '2025-09-30 15:40:12'),
(423, 57, 48, '2025-09-30 15:40:37'),
(424, 55, 24, '2025-09-30 15:40:59'),
(425, 47, 12, '2025-09-30 15:41:19'),
(426, 59, 10, '2025-09-30 15:41:38'),
(427, 18, -1, '2025-09-30 15:56:07'),
(428, 62, 5, '2025-10-06 12:25:33'),
(429, 18, 5, '2025-10-06 12:27:22'),
(430, 21, 9, '2025-10-06 12:28:15'),
(431, 32, 10, '2025-10-06 12:29:34'),
(432, 32, 10, '2025-10-06 12:29:34'),
(433, 31, 120, '2025-10-06 12:30:56'),
(434, 56, 24, '2025-10-06 12:31:32'),
(435, 57, 24, '2025-10-06 12:32:00');

-- --------------------------------------------------------

--
-- Table structure for table `tbl_iuran`
--

CREATE TABLE `tbl_iuran` (
  `id` int NOT NULL,
  `anggota_id` int DEFAULT NULL,
  `nominal` decimal(10,0) DEFAULT NULL,
  `date` datetime DEFAULT NULL,
  `periode` varchar(20) NOT NULL,
  `status` int NOT NULL
) ENGINE=MyISAM DEFAULT CHARSET=latin1;

--
-- Dumping data for table `tbl_iuran`
--

INSERT INTO `tbl_iuran` (`id`, `anggota_id`, `nominal`, `date`, `periode`, `status`) VALUES
(1, 1, 200000, '2025-03-11 14:01:31', '0125', 1),
(2, 1, 200000, '2025-03-11 14:01:52', '0225', 1),
(3, 1, 200000, '2025-03-11 14:01:56', '0325', 1),
(4, 1, 200000, '2025-04-01 00:00:00', '0425', 1),
(5, 1, 200000, '2025-05-04 00:00:00', '0525', 1),
(6, 1, 200000, '2025-06-05 00:00:00', '0625', 1),
(7, 1, 200000, '2025-07-01 00:00:00', '0725', 1),
(8, 1, 200000, '2025-08-01 00:00:00', '0825', 1),
(9, 1, 200000, '2025-09-02 00:00:00', '0925', 1),
(10, 1, 200000, '2025-10-01 00:00:00', '1025', 1),
(11, 1, 200000, '0000-00-00 00:00:00', '1125', 0),
(12, 1, 200000, '0000-00-00 00:00:00', '1225', 0),
(13, 2, 200000, '2025-03-11 21:58:35', '0125', 1),
(14, 2, 200000, '2025-03-11 23:11:10', '0225', 1),
(15, 2, 200000, '2025-03-11 23:11:16', '0325', 1),
(16, 2, 200000, '2025-04-01 00:00:00', '0425', 1),
(17, 2, 200000, '2025-05-18 00:00:00', '0525', 1),
(18, 2, 200000, '2025-06-05 00:00:00', '0625', 1),
(19, 2, 200000, '2025-07-01 00:00:00', '0725', 1),
(20, 2, 200000, '2025-08-01 00:00:00', '0825', 1),
(21, 2, 200000, '2025-09-02 00:00:00', '0925', 1),
(22, 2, 200000, '2025-10-01 00:00:00', '1025', 1),
(23, 2, 200000, '0000-00-00 00:00:00', '1125', 0),
(24, 2, 200000, '0000-00-00 00:00:00', '1225', 0),
(25, 3, 200000, '2025-03-11 23:11:26', '0125', 1),
(26, 3, 200000, '2025-03-11 23:11:30', '0225', 1),
(27, 3, 200000, '2025-03-11 23:11:33', '0325', 1),
(28, 3, 200000, '2025-04-01 00:00:00', '0425', 1),
(29, 3, 200000, '2025-05-18 00:00:00', '0525', 1),
(30, 3, 200000, '2025-06-05 00:00:00', '0625', 1),
(31, 3, 200000, '2025-07-01 00:00:00', '0725', 1),
(32, 3, 200000, '2025-08-01 00:00:00', '0825', 1),
(33, 3, 200000, '2025-09-02 00:00:00', '0925', 1),
(34, 3, 200000, '2025-10-01 00:00:00', '1025', 1),
(35, 3, 200000, '0000-00-00 00:00:00', '1125', 0),
(36, 3, 200000, '0000-00-00 00:00:00', '1225', 0),
(37, 4, 200000, '2025-03-11 23:11:36', '0125', 1),
(38, 4, 200000, '2025-03-12 09:23:41', '0225', 1),
(39, 4, 200000, '2025-03-20 10:53:52', '0325', 1),
(40, 4, 200000, '2025-05-18 00:00:00', '0425', 1),
(41, 4, 200000, '2025-05-18 00:00:00', '0525', 1),
(42, 4, 200000, '2025-06-18 00:00:00', '0625', 1),
(43, 4, 200000, '2025-07-04 00:00:00', '0725', 1),
(44, 4, 200000, '2025-08-05 00:00:00', '0825', 1),
(45, 4, 200000, '2025-09-10 00:00:00', '0925', 1),
(46, 4, 200000, '0000-00-00 00:00:00', '1025', 0),
(47, 4, 200000, '0000-00-00 00:00:00', '1125', 0),
(48, 4, 200000, '0000-00-00 00:00:00', '1225', 0),
(49, 5, 200000, '2025-03-12 09:24:07', '0125', 1),
(50, 5, 200000, '2025-02-04 00:00:00', '0225', 1),
(51, 5, 200000, '2025-03-20 10:53:58', '0325', 1),
(52, 5, 200000, '2025-04-16 00:00:00', '0425', 1),
(53, 5, 200000, '2025-05-18 00:00:00', '0525', 1),
(54, 5, 200000, '2025-06-18 00:00:00', '0625', 1),
(55, 5, 200000, '2025-07-08 00:00:00', '0725', 1),
(56, 5, 200000, '2025-08-04 00:00:00', '0825', 1),
(57, 5, 200000, '2025-09-10 00:00:00', '0925', 1),
(58, 5, 200000, '0000-00-00 00:00:00', '1025', 0),
(59, 5, 200000, '0000-00-00 00:00:00', '1125', 0),
(60, 5, 200000, '0000-00-00 00:00:00', '1225', 0),
(61, 6, 200000, '2025-01-07 00:00:00', '0125', 1),
(62, 6, 200000, '2025-02-05 00:00:00', '0225', 1),
(63, 6, 200000, '2025-03-20 10:54:09', '0325', 1),
(64, 6, 200000, '2025-04-09 00:00:00', '0425', 1),
(65, 6, 200000, '2025-05-18 00:00:00', '0525', 1),
(66, 6, 200000, '2025-06-17 00:00:00', '0625', 1),
(67, 6, 200000, '2025-07-01 00:00:00', '0725', 1),
(68, 6, 200000, '2025-08-04 00:00:00', '0825', 1),
(69, 6, 200000, '2025-09-02 00:00:00', '0925', 1),
(70, 6, 200000, '2025-10-01 00:00:00', '1025', 1),
(71, 6, 200000, '0000-00-00 00:00:00', '1125', 0),
(72, 6, 200000, '0000-00-00 00:00:00', '1225', 0),
(73, 7, 200000, '2025-01-08 00:00:00', '0125', 1),
(74, 7, 200000, '2025-02-05 00:00:00', '0225', 1),
(75, 7, 200000, '2025-03-20 10:54:18', '0325', 1),
(76, 7, 200000, '2025-04-09 00:00:00', '0425', 1),
(77, 7, 200000, '2025-05-18 00:00:00', '0525', 1),
(78, 7, 200000, '2025-06-17 00:00:00', '0625', 1),
(79, 7, 200000, '2025-07-01 00:00:00', '0725', 1),
(80, 7, 200000, '2025-08-04 00:00:00', '0825', 1),
(81, 7, 200000, '2025-09-02 00:00:00', '0925', 1),
(82, 7, 200000, '2025-10-01 00:00:00', '1025', 1),
(83, 7, 200000, '0000-00-00 00:00:00', '1125', 0),
(84, 7, 200000, '0000-00-00 00:00:00', '1225', 0),
(85, 8, 200000, '2025-01-07 00:00:00', '0125', 1),
(86, 8, 200000, '2025-02-05 00:00:00', '0225', 1),
(87, 8, 200000, '2025-03-20 10:54:23', '0325', 1),
(88, 8, 200000, '2025-04-09 00:00:00', '0425', 1),
(89, 8, 200000, '2025-05-18 00:00:00', '0525', 1),
(90, 8, 200000, '2025-06-17 00:00:00', '0625', 1),
(91, 8, 200000, '2025-07-01 00:00:00', '0725', 1),
(92, 8, 200000, '2025-08-04 00:00:00', '0825', 1),
(93, 8, 200000, '2025-09-01 00:00:00', '0925', 1),
(94, 8, 200000, '2025-10-01 00:00:00', '1025', 1),
(95, 8, 200000, '0000-00-00 00:00:00', '1125', 0),
(96, 8, 200000, '0000-00-00 00:00:00', '1225', 0),
(97, 9, 200000, '2025-01-01 00:00:00', '0125', 1),
(98, 9, 200000, '2025-02-05 00:00:00', '0225', 1),
(99, 9, 200000, '2025-03-20 10:54:27', '0325', 1),
(100, 9, 200000, '2025-04-09 00:00:00', '0425', 1),
(101, 9, 200000, '2025-05-18 00:00:00', '0525', 1),
(102, 9, 200000, '2025-06-17 00:00:00', '0625', 1),
(103, 9, 200000, '2025-07-01 00:00:00', '0725', 1),
(104, 9, 200000, '2025-08-01 00:00:00', '0825', 1),
(105, 9, 200000, '2025-09-02 00:00:00', '0925', 1),
(106, 9, 200000, '2025-10-01 00:00:00', '1025', 1),
(107, 9, 200000, '0000-00-00 00:00:00', '1125', 0),
(108, 9, 200000, '0000-00-00 00:00:00', '1225', 0),
(109, 10, 200000, '2025-01-07 00:00:00', '0125', 1),
(110, 10, 200000, '2025-02-04 00:00:00', '0225', 1),
(111, 10, 200000, '2025-03-20 10:54:31', '0325', 1),
(112, 10, 200000, '2025-04-09 00:00:00', '0425', 1),
(113, 10, 200000, '2025-05-18 00:00:00', '0525', 1),
(114, 10, 200000, '2025-06-17 00:00:00', '0625', 1),
(115, 10, 200000, '2025-07-07 00:00:00', '0725', 1),
(116, 10, 200000, '2025-09-17 00:00:00', '0825', 1),
(117, 10, 200000, '2025-09-02 00:00:00', '0925', 1),
(118, 10, 200000, '2025-10-01 00:00:00', '1025', 1),
(119, 10, 200000, '0000-00-00 00:00:00', '1125', 0),
(120, 10, 200000, '0000-00-00 00:00:00', '1225', 0),
(121, 11, 200000, '2025-01-01 00:00:00', '0125', 1),
(122, 11, 200000, '2025-02-03 00:00:00', '0225', 1),
(123, 11, 200000, '2025-03-03 00:00:00', '0325', 1),
(124, 11, 200000, '2025-04-09 00:00:00', '0425', 1),
(125, 11, 200000, '2025-05-18 00:00:00', '0525', 1),
(126, 11, 200000, '2025-06-17 00:00:00', '0625', 1),
(127, 11, 200000, '2025-07-07 00:00:00', '0725', 1),
(128, 11, 200000, '2025-08-04 00:00:00', '0825', 1),
(129, 11, 200000, '2025-09-01 00:00:00', '0925', 1),
(130, 11, 200000, '2025-10-01 00:00:00', '1025', 1),
(131, 11, 200000, '0000-00-00 00:00:00', '1125', 0),
(132, 11, 200000, '0000-00-00 00:00:00', '1225', 0),
(133, 12, 200000, '2025-04-01 00:00:00', '0125', 1),
(134, 12, 200000, '2025-04-01 00:00:00', '0225', 1),
(135, 12, 200000, '2025-04-01 00:00:00', '0325', 1),
(136, 12, 200000, '2025-04-09 00:00:00', '0425', 1),
(137, 12, 200000, '2025-05-18 00:00:00', '0525', 1),
(138, 12, 200000, '2025-06-17 00:00:00', '0625', 1),
(139, 12, 200000, '2025-07-07 00:00:00', '0725', 1),
(140, 12, 200000, '2025-08-01 00:00:00', '0825', 1),
(141, 12, 200000, '2025-09-03 00:00:00', '0925', 1),
(142, 12, 200000, '2025-10-01 00:00:00', '1025', 1),
(143, 12, 200000, '0000-00-00 00:00:00', '1125', 0),
(144, 12, 200000, '0000-00-00 00:00:00', '1225', 0),
(145, 13, 200000, '2025-04-01 00:00:00', '0125', 1),
(146, 13, 200000, '2025-04-01 00:00:00', '0225', 1),
(147, 13, 200000, '2025-04-01 00:00:00', '0325', 1),
(148, 13, 200000, '2025-04-16 00:00:00', '0425', 1),
(149, 13, 200000, '2025-05-18 00:00:00', '0525', 1),
(150, 13, 200000, '2025-06-17 00:00:00', '0625', 1),
(151, 13, 200000, '2025-07-05 00:00:00', '0725', 1),
(152, 13, 200000, '2025-08-12 00:00:00', '0825', 1),
(153, 13, 200000, '2025-09-03 00:00:00', '0925', 1),
(154, 13, 200000, '0000-00-00 00:00:00', '1025', 0),
(155, 13, 200000, '0000-00-00 00:00:00', '1125', 0),
(156, 13, 200000, '0000-00-00 00:00:00', '1225', 0),
(157, 14, 200000, '2025-04-01 00:00:00', '0125', 1),
(158, 14, 200000, '2025-04-01 00:00:00', '0225', 1),
(159, 14, 200000, '2025-04-01 00:00:00', '0325', 1),
(160, 14, 200000, '2025-05-18 00:00:00', '0425', 1),
(161, 14, 200000, '2025-05-18 00:00:00', '0525', 1),
(162, 14, 200000, '2025-06-17 00:00:00', '0625', 1),
(163, 14, 200000, '2025-07-21 00:00:00', '0725', 1),
(164, 14, 200000, '2025-09-17 00:00:00', '0825', 1),
(165, 14, 200000, '2025-09-03 00:00:00', '0925', 1),
(166, 14, 200000, '0000-00-00 00:00:00', '1025', 0),
(167, 14, 200000, '0000-00-00 00:00:00', '1125', 0),
(168, 14, 200000, '0000-00-00 00:00:00', '1225', 0),
(169, 15, 200000, '2025-04-01 00:00:00', '0125', 1),
(170, 15, 200000, '2025-04-01 00:00:00', '0225', 1),
(171, 15, 200000, '2025-04-01 00:00:00', '0325', 1),
(172, 15, 200000, '2025-04-09 00:00:00', '0425', 1),
(173, 15, 200000, '2025-05-18 00:00:00', '0525', 1),
(174, 15, 200000, '2025-06-17 00:00:00', '0625', 1),
(175, 15, 200000, '2025-07-21 00:00:00', '0725', 1),
(176, 15, 200000, '2025-08-04 00:00:00', '0825', 1),
(177, 15, 200000, '2025-09-02 00:00:00', '0925', 1),
(178, 15, 200000, '2025-10-01 00:00:00', '1025', 1),
(179, 15, 200000, '0000-00-00 00:00:00', '1125', 0),
(180, 15, 200000, '0000-00-00 00:00:00', '1225', 0),
(181, 16, 200000, '2025-04-01 00:00:00', '0125', 1),
(182, 16, 200000, '2025-04-01 00:00:00', '0225', 1),
(183, 16, 200000, '2025-04-01 00:00:00', '0325', 1),
(184, 16, 200000, '2025-04-09 00:00:00', '0425', 1),
(185, 16, 200000, '2025-05-18 00:00:00', '0525', 1),
(186, 16, 200000, '2025-06-17 00:00:00', '0625', 1),
(187, 16, 200000, '2025-07-21 00:00:00', '0725', 1),
(188, 16, 200000, '2025-08-12 00:00:00', '0825', 1),
(189, 16, 200000, '2025-09-03 00:00:00', '0925', 1),
(190, 16, 200000, '2025-10-01 00:00:00', '1025', 1),
(191, 16, 200000, '0000-00-00 00:00:00', '1125', 0),
(192, 16, 200000, '0000-00-00 00:00:00', '1225', 0),
(193, 17, 200000, '2025-04-01 00:00:00', '0125', 1),
(194, 17, 200000, '2025-04-01 00:00:00', '0225', 1),
(195, 17, 200000, '2025-04-01 00:00:00', '0325', 1),
(196, 17, 200000, '2025-04-09 00:00:00', '0425', 1),
(197, 17, 200000, '2025-05-18 00:00:00', '0525', 1),
(198, 17, 200000, '2025-06-17 00:00:00', '0625', 1),
(199, 17, 200000, '2025-07-21 00:00:00', '0725', 1),
(200, 17, 200000, '2025-09-02 00:00:00', '0825', 1),
(201, 17, 200000, '2025-09-01 00:00:00', '0925', 1),
(202, 17, 200000, '2025-10-01 00:00:00', '1025', 1),
(203, 17, 200000, '0000-00-00 00:00:00', '1125', 0),
(204, 17, 200000, '0000-00-00 00:00:00', '1225', 0),
(205, 18, 200000, '2025-04-01 00:00:00', '0125', 1),
(206, 18, 200000, '2025-04-01 00:00:00', '0225', 1),
(207, 18, 200000, '2025-04-01 00:00:00', '0325', 1),
(208, 18, 200000, '2025-04-09 00:00:00', '0425', 1),
(209, 18, 200000, '2025-05-18 00:00:00', '0525', 1),
(210, 18, 200000, '2025-06-17 00:00:00', '0625', 1),
(211, 18, 200000, '2025-07-21 00:00:00', '0725', 1),
(212, 18, 200000, '2025-08-12 00:00:00', '0825', 1),
(213, 18, 200000, '2025-09-02 00:00:00', '0925', 1),
(214, 18, 200000, '0000-00-00 00:00:00', '1025', 0),
(215, 18, 200000, '0000-00-00 00:00:00', '1125', 0),
(216, 18, 200000, '0000-00-00 00:00:00', '1225', 0),
(217, 19, 200000, '2025-04-01 00:00:00', '0125', 1),
(218, 19, 200000, '2025-04-01 00:00:00', '0225', 1),
(219, 19, 200000, '2025-04-01 00:00:00', '0325', 1),
(220, 19, 200000, '2025-04-28 00:00:00', '0425', 1),
(221, 19, 200000, '2025-06-17 00:00:00', '0525', 1),
(222, 19, 200000, '2025-07-21 00:00:00', '0625', 1),
(223, 19, 200000, '2025-08-04 00:00:00', '0725', 1),
(224, 19, 200000, '2025-09-24 00:00:00', '0825', 1),
(225, 19, 200000, '2025-09-25 00:00:00', '0925', 1),
(226, 19, 200000, '0000-00-00 00:00:00', '1025', 0),
(227, 19, 200000, '0000-00-00 00:00:00', '1125', 0),
(228, 19, 200000, '0000-00-00 00:00:00', '1225', 0),
(229, 20, 200000, '2025-04-01 00:00:00', '0125', 1),
(230, 20, 200000, '2025-04-01 00:00:00', '0225', 1),
(231, 20, 200000, '2025-04-01 00:00:00', '0325', 1),
(232, 20, 200000, '2025-04-28 00:00:00', '0425', 1),
(233, 20, 200000, '2025-05-29 00:00:00', '0525', 1),
(234, 20, 200000, '2025-07-21 00:00:00', '0625', 1),
(235, 20, 200000, '2025-07-21 00:00:00', '0725', 1),
(236, 20, 200000, '2025-08-04 00:00:00', '0825', 1),
(237, 20, 200000, '2025-09-02 00:00:00', '0925', 1),
(238, 20, 200000, '0000-00-00 00:00:00', '1025', 0),
(239, 20, 200000, '0000-00-00 00:00:00', '1125', 0),
(240, 20, 200000, '0000-00-00 00:00:00', '1225', 0),
(241, 21, 200000, '2025-04-01 00:00:00', '0125', 1),
(242, 21, 200000, '2025-04-01 00:00:00', '0225', 1),
(243, 21, 200000, '2025-04-01 00:00:00', '0325', 1),
(244, 21, 200000, '2025-04-28 00:00:00', '0425', 1),
(245, 21, 200000, '2025-05-18 00:00:00', '0525', 1),
(246, 21, 200000, '2025-07-21 00:00:00', '0625', 1),
(247, 21, 200000, '2025-07-21 00:00:00', '0725', 1),
(248, 21, 200000, '2025-09-24 00:00:00', '0825', 1),
(249, 21, 200000, '2025-09-24 00:00:00', '0925', 1),
(250, 21, 200000, '0000-00-00 00:00:00', '1025', 0),
(251, 21, 200000, '0000-00-00 00:00:00', '1125', 0),
(252, 21, 200000, '0000-00-00 00:00:00', '1225', 0),
(253, 22, 200000, '2025-04-01 00:00:00', '0125', 1),
(254, 22, 200000, '2025-04-01 00:00:00', '0225', 1),
(255, 22, 200000, '2025-04-01 00:00:00', '0325', 1),
(256, 22, 200000, '2025-04-10 00:00:00', '0425', 1),
(257, 22, 200000, '2025-05-18 00:00:00', '0525', 1),
(258, 22, 200000, '2025-06-17 00:00:00', '0625', 1),
(259, 22, 200000, '2025-07-21 00:00:00', '0725', 1),
(260, 22, 200000, '2025-08-04 00:00:00', '0825', 1),
(261, 22, 200000, '2025-09-02 00:00:00', '0925', 1),
(262, 22, 200000, '0000-00-00 00:00:00', '1025', 0),
(263, 22, 200000, '0000-00-00 00:00:00', '1125', 0),
(264, 22, 200000, '0000-00-00 00:00:00', '1225', 0),
(265, 23, 200000, '2025-04-01 00:00:00', '0125', 1),
(266, 23, 200000, '2025-04-01 00:00:00', '0225', 1),
(267, 23, 200000, '2025-04-01 00:00:00', '0325', 1),
(268, 23, 200000, '2025-04-10 00:00:00', '0425', 1),
(269, 23, 200000, '2025-05-18 00:00:00', '0525', 1),
(270, 23, 200000, '2025-06-17 00:00:00', '0625', 1),
(271, 23, 200000, '2025-07-21 00:00:00', '0725', 1),
(272, 23, 200000, '2025-08-04 00:00:00', '0825', 1),
(273, 23, 200000, '2025-09-03 00:00:00', '0925', 1),
(274, 23, 200000, '0000-00-00 00:00:00', '1025', 0),
(275, 23, 200000, '0000-00-00 00:00:00', '1125', 0),
(276, 23, 200000, '0000-00-00 00:00:00', '1225', 0),
(277, 24, 200000, '2025-04-01 00:00:00', '0125', 1),
(278, 24, 200000, '2025-04-01 00:00:00', '0225', 1),
(279, 24, 200000, '2025-04-01 00:00:00', '0325', 1),
(280, 24, 200000, '2025-04-09 00:00:00', '0425', 1),
(281, 24, 200000, '2025-05-18 00:00:00', '0525', 1),
(282, 24, 200000, '2025-06-17 00:00:00', '0625', 1),
(283, 24, 200000, '2025-07-21 00:00:00', '0725', 1),
(284, 24, 200000, '2025-08-04 00:00:00', '0825', 1),
(285, 24, 200000, '2025-09-03 00:00:00', '0925', 1),
(286, 24, 200000, '2025-10-01 00:00:00', '1025', 1),
(287, 24, 200000, '0000-00-00 00:00:00', '1125', 0),
(288, 24, 200000, '0000-00-00 00:00:00', '1225', 0),
(289, 25, 200000, '2025-04-01 00:00:00', '0125', 1),
(290, 25, 200000, '2025-04-01 00:00:00', '0225', 1),
(291, 25, 200000, '2025-04-03 00:00:00', '0325', 1),
(292, 25, 200000, '2025-04-09 00:00:00', '0425', 1),
(293, 25, 200000, '2025-05-18 00:00:00', '0525', 1),
(294, 25, 200000, '2025-06-17 00:00:00', '0625', 1),
(295, 25, 200000, '2025-07-21 00:00:00', '0725', 1),
(296, 25, 200000, '2025-08-06 00:00:00', '0825', 1),
(297, 25, 200000, '2025-09-02 00:00:00', '0925', 1),
(298, 25, 200000, '2025-10-01 00:00:00', '1025', 1),
(299, 25, 200000, '0000-00-00 00:00:00', '1125', 0),
(300, 25, 200000, '0000-00-00 00:00:00', '1225', 0),
(301, 26, 200000, '2025-04-01 00:00:00', '0125', 1),
(302, 26, 200000, '2025-04-01 00:00:00', '0225', 1),
(303, 26, 200000, '2025-04-01 00:00:00', '0325', 1),
(304, 26, 200000, '2025-04-16 00:00:00', '0425', 1),
(305, 26, 200000, '2025-05-18 00:00:00', '0525', 1),
(306, 26, 200000, '2025-06-17 00:00:00', '0625', 1),
(307, 26, 200000, '2025-07-21 00:00:00', '0725', 1),
(308, 26, 200000, '2025-08-06 00:00:00', '0825', 1),
(309, 26, 200000, '2025-09-17 00:00:00', '0925', 1),
(310, 26, 200000, '0000-00-00 00:00:00', '1025', 0),
(311, 26, 200000, '0000-00-00 00:00:00', '1125', 0),
(312, 26, 200000, '0000-00-00 00:00:00', '1225', 0),
(313, 27, 200000, '2025-04-01 00:00:00', '0125', 1),
(314, 27, 200000, '2025-04-01 00:00:00', '0225', 1),
(315, 27, 200000, '2025-04-01 00:00:00', '0325', 1),
(316, 27, 200000, '2025-04-21 00:00:00', '0425', 1),
(317, 27, 200000, '2025-05-18 00:00:00', '0525', 1),
(318, 27, 200000, '2025-06-17 00:00:00', '0625', 1),
(319, 27, 200000, '2025-07-21 00:00:00', '0725', 1),
(320, 27, 200000, '2025-08-05 00:00:00', '0825', 1),
(321, 27, 200000, '2025-09-17 00:00:00', '0925', 1),
(322, 27, 200000, '0000-00-00 00:00:00', '1025', 0),
(323, 27, 200000, '0000-00-00 00:00:00', '1125', 0),
(324, 27, 200000, '0000-00-00 00:00:00', '1225', 0),
(325, 28, 200000, '2025-04-01 00:00:00', '0125', 1),
(326, 28, 200000, '2025-04-01 00:00:00', '0225', 1),
(327, 28, 200000, '2025-04-01 00:00:00', '0325', 1),
(328, 28, 200000, '2025-04-10 00:00:00', '0425', 1),
(329, 28, 200000, '2025-05-18 00:00:00', '0525', 1),
(330, 28, 200000, '2025-06-17 00:00:00', '0625', 1),
(331, 28, 200000, '2025-07-21 00:00:00', '0725', 1),
(332, 28, 200000, '2025-08-06 00:00:00', '0825', 1),
(333, 28, 200000, '2025-09-03 00:00:00', '0925', 1),
(334, 28, 200000, '2025-10-01 00:00:00', '1025', 1),
(335, 28, 200000, '0000-00-00 00:00:00', '1125', 0),
(336, 28, 200000, '0000-00-00 00:00:00', '1225', 0),
(337, 29, 200000, '2025-04-01 00:00:00', '0125', 1),
(338, 29, 200000, '2025-04-01 00:00:00', '0225', 1),
(339, 29, 200000, '2025-04-01 00:00:00', '0325', 1),
(340, 29, 200000, '2025-04-10 00:00:00', '0425', 1),
(341, 29, 200000, '2025-05-18 00:00:00', '0525', 1),
(342, 29, 200000, '2025-06-17 00:00:00', '0625', 1),
(343, 29, 200000, '2025-07-21 00:00:00', '0725', 1),
(344, 29, 200000, '2025-08-12 00:00:00', '0825', 1),
(345, 29, 200000, '2025-09-17 00:00:00', '0925', 1),
(346, 29, 200000, '2025-10-01 00:00:00', '1025', 1),
(347, 29, 200000, '0000-00-00 00:00:00', '1125', 0),
(348, 29, 200000, '0000-00-00 00:00:00', '1225', 0),
(349, 30, 200000, '2025-04-01 00:00:00', '0125', 1),
(350, 30, 200000, '2025-04-01 00:00:00', '0225', 1),
(351, 30, 200000, '2025-04-01 00:00:00', '0325', 1),
(352, 30, 200000, '2025-04-10 00:00:00', '0425', 1),
(353, 30, 200000, '2025-05-18 00:00:00', '0525', 1),
(354, 30, 200000, '2025-06-17 00:00:00', '0625', 1),
(355, 30, 200000, '2025-07-21 00:00:00', '0725', 1),
(356, 30, 200000, '2025-07-02 00:00:00', '0825', 1),
(357, 30, 200000, '2025-09-17 00:00:00', '0925', 1),
(358, 30, 200000, '2025-10-01 00:00:00', '1025', 1),
(359, 30, 200000, '0000-00-00 00:00:00', '1125', 0),
(360, 30, 200000, '0000-00-00 00:00:00', '1225', 0),
(361, 31, 200000, '2025-04-01 00:00:00', '0125', 1),
(362, 31, 200000, '2025-04-01 00:00:00', '0225', 1),
(363, 31, 200000, '2025-04-01 00:00:00', '0325', 1),
(364, 31, 200000, '2025-04-29 00:00:00', '0425', 1),
(365, 31, 200000, '2025-05-29 00:00:00', '0525', 1),
(366, 31, 200000, '2025-06-29 00:00:00', '0625', 1),
(367, 31, 200000, '2025-07-31 00:00:00', '0725', 1),
(368, 31, 200000, '2025-08-29 00:00:00', '0825', 1),
(369, 31, 200000, '2025-09-29 00:00:00', '0925', 1),
(370, 31, 200000, '0000-00-00 00:00:00', '1025', 0),
(371, 31, 200000, '0000-00-00 00:00:00', '1125', 0),
(372, 31, 200000, '0000-00-00 00:00:00', '1225', 0),
(373, 32, 200000, '2025-04-01 00:00:00', '0125', 1),
(374, 32, 200000, '2025-04-01 00:00:00', '0225', 1),
(375, 32, 200000, '2025-04-01 00:00:00', '0325', 1),
(376, 32, 200000, '2025-04-29 00:00:00', '0425', 1),
(377, 32, 200000, '2025-05-29 00:00:00', '0525', 1),
(378, 32, 200000, '2025-06-29 00:00:00', '0625', 1),
(379, 32, 200000, '2025-07-31 00:00:00', '0725', 1),
(380, 32, 200000, '2025-08-29 00:00:00', '0825', 1),
(381, 32, 200000, '2025-09-29 00:00:00', '0925', 1),
(382, 32, 200000, '0000-00-00 00:00:00', '1025', 0),
(383, 32, 200000, '0000-00-00 00:00:00', '1125', 0),
(384, 32, 200000, '0000-00-00 00:00:00', '1225', 0),
(385, 33, 200000, '2025-04-01 00:00:00', '0125', 1),
(386, 33, 200000, '2025-04-01 00:00:00', '0225', 1),
(387, 33, 200000, '2025-04-01 00:00:00', '0325', 1),
(388, 33, 200000, '2025-04-29 00:00:00', '0425', 1),
(389, 33, 200000, '2025-05-29 00:00:00', '0525', 1),
(390, 33, 200000, '2025-06-29 00:00:00', '0625', 1),
(391, 33, 200000, '2025-07-31 00:00:00', '0725', 1),
(392, 33, 200000, '2025-08-29 00:00:00', '0825', 1),
(393, 33, 200000, '2025-09-29 00:00:00', '0925', 1),
(394, 33, 200000, '0000-00-00 00:00:00', '1025', 0),
(395, 33, 200000, '0000-00-00 00:00:00', '1125', 0),
(396, 33, 200000, '0000-00-00 00:00:00', '1225', 0),
(397, 34, 200000, '2025-04-01 00:00:00', '0125', 1),
(398, 34, 200000, '2025-04-01 00:00:00', '0225', 1),
(399, 34, 200000, '2025-04-03 00:00:00', '0325', 1),
(400, 34, 200000, '2025-04-21 00:00:00', '0425', 1),
(401, 34, 200000, '2025-05-18 00:00:00', '0525', 1),
(402, 34, 200000, '2025-06-17 00:00:00', '0625', 1),
(403, 34, 200000, '2025-07-21 00:00:00', '0725', 1),
(404, 34, 200000, '2025-08-07 00:00:00', '0825', 1),
(405, 34, 200000, '2025-09-17 00:00:00', '0925', 1),
(406, 34, 200000, '0000-00-00 00:00:00', '1025', 0),
(407, 34, 200000, '0000-00-00 00:00:00', '1125', 0),
(408, 34, 200000, '0000-00-00 00:00:00', '1225', 0),
(409, 35, 200000, '2025-04-01 00:00:00', '0125', 1),
(410, 35, 200000, '2025-04-01 00:00:00', '0225', 1),
(411, 35, 200000, '2025-04-03 00:00:00', '0325', 1),
(412, 35, 200000, '2025-05-18 00:00:00', '0425', 1),
(413, 35, 200000, '2025-05-08 00:00:00', '0525', 1),
(414, 35, 200000, '2025-08-06 00:00:00', '0625', 1),
(415, 35, 200000, '2025-07-18 00:00:00', '0725', 1),
(416, 35, 200000, '0000-00-00 00:00:00', '0825', 0),
(417, 35, 200000, '0000-00-00 00:00:00', '0925', 0),
(418, 35, 200000, '0000-00-00 00:00:00', '1025', 0),
(419, 35, 200000, '0000-00-00 00:00:00', '1125', 0),
(420, 35, 200000, '0000-00-00 00:00:00', '1225', 0),
(421, 36, 200000, '2025-04-01 00:00:00', '0125', 1),
(422, 36, 200000, '2025-04-01 00:00:00', '0225', 1),
(423, 36, 200000, '2025-04-01 00:00:00', '0325', 1),
(424, 36, 200000, '2025-04-09 00:00:00', '0425', 1),
(425, 36, 200000, '2025-05-18 00:00:00', '0525', 1),
(426, 36, 200000, '2025-06-17 00:00:00', '0625', 1),
(427, 36, 200000, '2025-07-21 00:00:00', '0725', 1),
(428, 36, 200000, '2025-08-04 00:00:00', '0825', 1),
(429, 36, 200000, '2025-09-17 00:00:00', '0925', 1),
(430, 36, 200000, '2025-10-01 00:00:00', '1025', 1),
(431, 36, 200000, '0000-00-00 00:00:00', '1125', 0),
(432, 36, 200000, '0000-00-00 00:00:00', '1225', 0),
(433, 37, 200000, '2025-04-01 00:00:00', '0125', 1),
(434, 37, 200000, '2025-04-01 00:00:00', '0225', 1),
(435, 37, 200000, '2025-04-01 00:00:00', '0325', 1),
(436, 37, 200000, '2025-04-16 00:00:00', '0425', 1),
(437, 37, 200000, '2025-05-29 00:00:00', '0525', 1),
(438, 37, 200000, '2025-06-17 00:00:00', '0625', 1),
(439, 37, 200000, '2025-07-21 00:00:00', '0725', 1),
(440, 37, 200000, '2025-08-08 00:00:00', '0825', 1),
(441, 37, 200000, '2025-09-17 00:00:00', '0925', 1),
(442, 37, 200000, '0000-00-00 00:00:00', '1025', 0),
(443, 37, 200000, '0000-00-00 00:00:00', '1125', 0),
(444, 37, 200000, '0000-00-00 00:00:00', '1225', 0),
(445, 38, 200000, '2025-04-01 00:00:00', '0125', 1),
(446, 38, 200000, '2025-04-01 00:00:00', '0225', 1),
(447, 38, 200000, '2025-04-01 00:00:00', '0325', 1),
(448, 38, 200000, '2025-04-16 00:00:00', '0425', 1),
(449, 38, 200000, '2025-05-18 00:00:00', '0525', 1),
(450, 38, 200000, '2025-06-17 00:00:00', '0625', 1),
(451, 38, 200000, '2025-07-21 00:00:00', '0725', 1),
(452, 38, 200000, '2025-08-13 00:00:00', '0825', 1),
(453, 38, 200000, '2025-09-17 00:00:00', '0925', 1),
(454, 38, 200000, '0000-00-00 00:00:00', '1025', 0),
(455, 38, 200000, '0000-00-00 00:00:00', '1125', 0),
(456, 38, 200000, '0000-00-00 00:00:00', '1225', 0),
(457, 39, 200000, '2025-04-01 00:00:00', '0125', 1),
(458, 39, 200000, '2025-04-01 00:00:00', '0225', 1),
(459, 39, 200000, '2025-04-16 00:00:00', '0325', 1),
(460, 39, 200000, '2025-04-16 00:00:00', '0425', 1),
(461, 39, 200000, '2025-05-18 00:00:00', '0525', 1),
(462, 39, 200000, '2025-06-17 00:00:00', '0625', 1),
(463, 39, 200000, '2025-07-21 00:00:00', '0725', 1),
(464, 39, 200000, '2025-08-21 00:00:00', '0825', 1),
(465, 39, 200000, '2025-09-17 00:00:00', '0925', 1),
(466, 39, 200000, '0000-00-00 00:00:00', '1025', 0),
(467, 39, 200000, '0000-00-00 00:00:00', '1125', 0),
(468, 39, 200000, '0000-00-00 00:00:00', '1225', 0),
(469, 40, 200000, '2025-04-01 00:00:00', '0125', 1),
(470, 40, 200000, '2025-04-01 00:00:00', '0225', 1),
(471, 40, 200000, '2025-04-03 00:00:00', '0325', 1),
(472, 40, 200000, '2025-04-16 00:00:00', '0425', 1),
(473, 40, 200000, '2025-05-18 00:00:00', '0525', 1),
(474, 40, 200000, '2025-07-21 00:00:00', '0625', 1),
(475, 40, 200000, '2025-07-21 00:00:00', '0725', 1),
(476, 40, 200000, '2025-08-14 00:00:00', '0825', 1),
(477, 40, 200000, '0000-00-00 00:00:00', '0925', 0),
(478, 40, 200000, '0000-00-00 00:00:00', '1025', 0),
(479, 40, 200000, '0000-00-00 00:00:00', '1125', 0),
(480, 40, 200000, '0000-00-00 00:00:00', '1225', 0),
(481, 41, 200000, '2025-04-01 00:00:00', '0125', 1),
(482, 41, 200000, '2025-04-01 00:00:00', '0225', 1),
(483, 41, 200000, '2025-04-03 00:00:00', '0325', 1),
(484, 41, 200000, '2025-04-09 00:00:00', '0425', 1),
(485, 41, 200000, '2025-05-18 00:00:00', '0525', 1),
(486, 41, 200000, '2025-06-17 00:00:00', '0625', 1),
(487, 41, 200000, '2025-07-21 00:00:00', '0725', 1),
(488, 41, 200000, '2025-08-13 00:00:00', '0825', 1),
(489, 41, 200000, '2025-09-25 00:00:00', '0925', 1),
(490, 41, 200000, '0000-00-00 00:00:00', '1025', 0),
(491, 41, 200000, '0000-00-00 00:00:00', '1125', 0),
(492, 41, 200000, '0000-00-00 00:00:00', '1225', 0),
(493, 42, 200000, '2025-04-01 00:00:00', '0125', 1),
(494, 42, 200000, '2025-04-01 00:00:00', '0225', 1),
(495, 42, 200000, '2025-04-03 00:00:00', '0325', 1),
(496, 42, 200000, '2025-04-16 00:00:00', '0425', 1),
(497, 42, 200000, '2025-05-18 00:00:00', '0525', 1),
(498, 42, 200000, '2025-06-17 00:00:00', '0625', 1),
(499, 42, 200000, '2025-07-21 00:00:00', '0725', 1),
(500, 42, 200000, '2025-08-20 00:00:00', '0825', 1),
(501, 42, 200000, '2025-09-25 00:00:00', '0925', 1),
(502, 42, 200000, '0000-00-00 00:00:00', '1025', 0),
(503, 42, 200000, '0000-00-00 00:00:00', '1125', 0),
(504, 42, 200000, '0000-00-00 00:00:00', '1225', 0),
(505, 43, 200000, '2025-04-01 00:00:00', '0125', 1),
(506, 43, 200000, '2025-04-01 00:00:00', '0225', 1),
(507, 43, 200000, '2025-04-03 00:00:00', '0325', 1),
(508, 43, 200000, '2025-04-16 00:00:00', '0425', 1),
(509, 43, 200000, '2025-05-18 00:00:00', '0525', 1),
(510, 43, 200000, '2025-06-17 00:00:00', '0625', 1),
(511, 43, 200000, '2025-07-21 00:00:00', '0725', 1),
(512, 43, 200000, '2025-08-07 00:00:00', '0825', 1),
(513, 43, 200000, '2025-09-25 00:00:00', '0925', 1),
(514, 43, 200000, '0000-00-00 00:00:00', '1025', 0),
(515, 43, 200000, '0000-00-00 00:00:00', '1125', 0),
(516, 43, 200000, '0000-00-00 00:00:00', '1225', 0),
(517, 44, 200000, '2025-04-01 00:00:00', '0125', 1),
(518, 44, 200000, '2025-04-01 00:00:00', '0225', 1),
(519, 44, 200000, '2025-04-21 00:00:00', '0325', 1),
(520, 44, 200000, '2025-06-17 00:00:00', '0425', 1),
(521, 44, 200000, '2025-06-17 00:00:00', '0525', 1),
(522, 44, 200000, '2025-07-21 00:00:00', '0625', 1),
(523, 44, 200000, '2025-07-18 00:00:00', '0725', 1),
(524, 44, 200000, '2025-08-13 00:00:00', '0825', 1),
(525, 44, 200000, '0000-00-00 00:00:00', '0925', 0),
(526, 44, 200000, '0000-00-00 00:00:00', '1025', 0),
(527, 44, 200000, '0000-00-00 00:00:00', '1125', 0),
(528, 44, 200000, '0000-00-00 00:00:00', '1225', 0),
(529, 45, 200000, '2025-04-03 00:00:00', '0125', 1),
(530, 45, 200000, '2025-06-17 00:00:00', '0225', 1),
(531, 45, 200000, '2025-06-17 00:00:00', '0325', 1),
(532, 45, 200000, '2025-06-17 00:00:00', '0425', 1),
(533, 45, 200000, '2025-07-21 00:00:00', '0525', 1),
(534, 45, 200000, '2025-08-06 00:00:00', '0625', 1),
(535, 45, 200000, '2025-08-12 00:00:00', '0725', 1),
(536, 45, 200000, '0000-00-00 00:00:00', '0825', 0),
(537, 45, 200000, '0000-00-00 00:00:00', '0925', 0),
(538, 45, 200000, '0000-00-00 00:00:00', '1025', 0),
(539, 45, 200000, '0000-00-00 00:00:00', '1125', 0),
(540, 45, 200000, '0000-00-00 00:00:00', '1225', 0),
(541, 46, 200000, '2025-04-03 00:00:00', '0125', 1),
(542, 46, 200000, '2025-04-03 00:00:00', '0225', 1),
(543, 46, 200000, '2025-04-03 00:00:00', '0325', 1),
(544, 46, 200000, '2025-04-09 00:00:00', '0425', 1),
(545, 46, 200000, '2025-05-18 00:00:00', '0525', 1),
(546, 46, 200000, '2025-06-17 00:00:00', '0625', 1),
(547, 46, 200000, '2025-07-21 00:00:00', '0725', 1),
(548, 46, 200000, '2025-08-25 00:00:00', '0825', 1),
(549, 46, 200000, '2025-09-25 00:00:00', '0925', 1),
(550, 46, 200000, '0000-00-00 00:00:00', '1025', 0),
(551, 46, 200000, '0000-00-00 00:00:00', '1125', 0),
(552, 46, 200000, '0000-00-00 00:00:00', '1225', 0),
(553, 47, 200000, '2025-04-03 00:00:00', '0125', 1),
(554, 47, 200000, '2025-04-03 00:00:00', '0225', 1),
(555, 47, 200000, '2025-04-03 00:00:00', '0325', 1),
(556, 47, 200000, '2025-04-09 00:00:00', '0425', 1),
(557, 47, 200000, '2025-05-18 00:00:00', '0525', 1),
(558, 47, 200000, '2025-06-17 00:00:00', '0625', 1),
(559, 47, 200000, '2025-07-21 00:00:00', '0725', 1),
(560, 47, 200000, '2025-08-25 00:00:00', '0825', 1),
(561, 47, 200000, '2025-09-25 00:00:00', '0925', 1),
(562, 47, 200000, '0000-00-00 00:00:00', '1025', 0),
(563, 47, 200000, '0000-00-00 00:00:00', '1125', 0),
(564, 47, 200000, '0000-00-00 00:00:00', '1225', 0),
(565, 48, 200000, '2025-04-03 00:00:00', '0125', 1),
(566, 48, 200000, '2025-04-03 00:00:00', '0225', 1),
(567, 48, 200000, '2025-04-03 00:00:00', '0325', 1),
(568, 48, 200000, '2025-04-09 00:00:00', '0425', 1),
(569, 48, 200000, '2025-05-18 00:00:00', '0525', 1),
(570, 48, 200000, '2025-06-17 00:00:00', '0625', 1),
(571, 48, 200000, '2025-07-21 00:00:00', '0725', 1),
(572, 48, 200000, '2025-08-25 00:00:00', '0825', 1),
(573, 48, 200000, '2025-09-25 00:00:00', '0925', 1),
(574, 48, 200000, '2025-10-01 00:00:00', '1025', 1),
(575, 48, 200000, '0000-00-00 00:00:00', '1125', 0),
(576, 48, 200000, '0000-00-00 00:00:00', '1225', 0),
(577, 49, 200000, '2025-04-03 00:00:00', '0125', 1),
(578, 49, 200000, '2025-04-03 00:00:00', '0225', 1),
(579, 49, 200000, '2025-04-03 00:00:00', '0325', 1),
(580, 49, 200000, '2025-04-16 00:00:00', '0425', 1),
(581, 49, 200000, '2025-05-18 00:00:00', '0525', 1),
(582, 49, 200000, '2025-06-17 00:00:00', '0625', 1),
(583, 49, 200000, '2025-07-21 00:00:00', '0725', 1),
(584, 49, 200000, '2025-08-25 00:00:00', '0825', 1),
(585, 49, 200000, '2025-09-25 00:00:00', '0925', 1),
(586, 49, 200000, '0000-00-00 00:00:00', '1025', 0),
(587, 49, 200000, '0000-00-00 00:00:00', '1125', 0),
(588, 49, 200000, '0000-00-00 00:00:00', '1225', 0),
(589, 50, 200000, '2025-04-03 00:00:00', '0125', 1),
(590, 50, 200000, '2025-04-03 00:00:00', '0225', 1),
(591, 50, 200000, '2025-04-03 00:00:00', '0325', 1),
(592, 50, 200000, '2025-04-09 00:00:00', '0425', 1),
(593, 50, 200000, '2025-05-18 00:00:00', '0525', 1),
(594, 50, 200000, '2025-06-17 00:00:00', '0625', 1),
(595, 50, 200000, '2025-07-21 00:00:00', '0725', 1),
(596, 50, 200000, '2025-08-25 00:00:00', '0825', 1),
(597, 50, 200000, '2025-09-25 00:00:00', '0925', 1),
(598, 50, 200000, '0000-00-00 00:00:00', '1025', 0),
(599, 50, 200000, '0000-00-00 00:00:00', '1125', 0),
(600, 50, 200000, '0000-00-00 00:00:00', '1225', 0),
(601, 51, 200000, '2025-04-03 00:00:00', '0125', 1),
(602, 51, 200000, '2025-04-03 00:00:00', '0225', 1),
(603, 51, 200000, '2025-04-03 00:00:00', '0325', 1),
(604, 51, 200000, '2025-04-11 00:00:00', '0425', 1),
(605, 51, 200000, '2025-05-18 00:00:00', '0525', 1),
(606, 51, 200000, '2025-06-17 00:00:00', '0625', 1),
(607, 51, 200000, '2025-07-21 00:00:00', '0725', 1),
(608, 51, 200000, '2025-08-25 00:00:00', '0825', 1),
(609, 51, 200000, '0000-00-00 00:00:00', '0925', 0),
(610, 51, 200000, '0000-00-00 00:00:00', '1025', 0),
(611, 51, 200000, '0000-00-00 00:00:00', '1125', 0),
(612, 51, 200000, '0000-00-00 00:00:00', '1225', 0),
(613, 52, 200000, '2025-04-03 00:00:00', '0125', 1),
(614, 52, 200000, '2025-04-03 00:00:00', '0225', 1),
(615, 52, 200000, '2025-04-10 00:00:00', '0325', 1),
(616, 52, 200000, '2025-04-09 00:00:00', '0425', 1),
(617, 52, 200000, '2025-06-17 00:00:00', '0525', 1),
(618, 52, 200000, '2025-07-21 00:00:00', '0625', 1),
(619, 52, 200000, '2025-08-25 00:00:00', '0725', 1),
(620, 52, 200000, '2025-08-25 00:00:00', '0825', 1),
(621, 52, 200000, '0000-00-00 00:00:00', '0925', 0),
(622, 52, 200000, '0000-00-00 00:00:00', '1025', 0),
(623, 52, 200000, '0000-00-00 00:00:00', '1125', 0),
(624, 52, 200000, '0000-00-00 00:00:00', '1225', 0),
(625, 53, 200000, '2025-04-03 00:00:00', '0125', 1),
(626, 53, 200000, '2025-04-03 00:00:00', '0225', 1),
(627, 53, 200000, '2025-04-03 00:00:00', '0325', 1),
(628, 53, 200000, '2025-04-11 00:00:00', '0425', 1),
(629, 53, 200000, '2025-05-18 00:00:00', '0525', 1),
(630, 53, 200000, '2025-06-17 00:00:00', '0625', 1),
(631, 53, 200000, '2025-07-21 00:00:00', '0725', 1),
(632, 53, 200000, '0000-00-00 00:00:00', '0825', 0),
(633, 53, 200000, '0000-00-00 00:00:00', '0925', 0),
(634, 53, 200000, '0000-00-00 00:00:00', '1025', 0),
(635, 53, 200000, '0000-00-00 00:00:00', '1125', 0),
(636, 53, 200000, '0000-00-00 00:00:00', '1225', 0),
(637, 54, 200000, '2025-04-03 00:00:00', '0125', 1),
(638, 54, 200000, '2025-04-03 00:00:00', '0225', 1),
(639, 54, 200000, '2025-04-03 00:00:00', '0325', 1),
(640, 54, 200000, '2025-04-28 00:00:00', '0425', 1),
(641, 54, 200000, '2025-05-18 00:00:00', '0525', 1),
(642, 54, 200000, '2025-07-21 00:00:00', '0625', 1),
(643, 54, 200000, '2025-07-21 00:00:00', '0725', 1),
(644, 54, 200000, '2025-08-26 00:00:00', '0825', 1),
(645, 54, 200000, '0000-00-00 00:00:00', '0925', 0),
(646, 54, 200000, '0000-00-00 00:00:00', '1025', 0),
(647, 54, 200000, '0000-00-00 00:00:00', '1125', 0),
(648, 54, 200000, '0000-00-00 00:00:00', '1225', 0),
(649, 55, 200000, '2025-04-03 00:00:00', '0125', 1),
(650, 55, 200000, '2025-04-03 00:00:00', '0225', 1),
(651, 55, 200000, '2025-04-03 00:00:00', '0325', 1),
(652, 55, 200000, '2025-04-16 00:00:00', '0425', 1),
(653, 55, 200000, '2025-06-17 00:00:00', '0525', 1),
(654, 55, 200000, '2025-06-17 00:00:00', '0625', 1),
(655, 55, 200000, '2025-07-21 00:00:00', '0725', 1),
(656, 55, 200000, '2025-08-25 00:00:00', '0825', 1),
(657, 55, 200000, '2025-09-25 00:00:00', '0925', 1),
(658, 55, 200000, '0000-00-00 00:00:00', '1025', 0),
(659, 55, 200000, '0000-00-00 00:00:00', '1125', 0),
(660, 55, 200000, '0000-00-00 00:00:00', '1225', 0),
(661, 56, 200000, '2025-04-03 00:00:00', '0125', 1),
(662, 56, 200000, '2025-04-03 00:00:00', '0225', 1),
(663, 56, 200000, '2025-04-03 00:00:00', '0325', 1),
(664, 56, 200000, '2025-04-16 00:00:00', '0425', 1),
(665, 56, 200000, '2025-05-18 00:00:00', '0525', 1),
(666, 56, 200000, '2025-06-17 00:00:00', '0625', 1),
(667, 56, 200000, '2025-07-21 00:00:00', '0725', 1),
(668, 56, 200000, '2025-08-12 00:00:00', '0825', 1),
(669, 56, 200000, '2025-09-25 00:00:00', '0925', 1),
(670, 56, 200000, '0000-00-00 00:00:00', '1025', 0),
(671, 56, 200000, '0000-00-00 00:00:00', '1125', 0),
(672, 56, 200000, '0000-00-00 00:00:00', '1225', 0),
(673, 57, 200000, '2025-04-03 00:00:00', '0125', 1),
(674, 57, 200000, '2025-04-03 00:00:00', '0225', 1),
(675, 57, 200000, '2025-04-03 00:00:00', '0325', 1),
(676, 57, 200000, '2025-04-16 00:00:00', '0425', 1),
(677, 57, 200000, '2025-05-18 00:00:00', '0525', 1),
(678, 57, 200000, '2025-06-17 00:00:00', '0625', 1),
(679, 57, 200000, '2025-07-21 00:00:00', '0725', 1),
(680, 57, 200000, '2025-08-25 00:00:00', '0825', 1),
(681, 57, 200000, '0000-00-00 00:00:00', '0925', 0),
(682, 57, 200000, '0000-00-00 00:00:00', '1025', 0),
(683, 57, 200000, '0000-00-00 00:00:00', '1125', 0),
(684, 57, 200000, '0000-00-00 00:00:00', '1225', 0),
(685, 58, 200000, '2025-04-03 00:00:00', '0125', 1),
(686, 58, 200000, '2025-04-03 00:00:00', '0225', 1),
(687, 58, 200000, '2025-04-03 00:00:00', '0325', 1),
(688, 58, 200000, '2025-04-16 00:00:00', '0425', 1),
(689, 58, 200000, '2025-05-18 00:00:00', '0525', 1),
(690, 58, 200000, '2025-07-21 00:00:00', '0625', 1),
(691, 58, 200000, '2025-07-21 00:00:00', '0725', 1),
(692, 58, 200000, '2025-08-14 00:00:00', '0825', 1),
(693, 58, 200000, '2025-09-25 00:00:00', '0925', 1),
(694, 58, 200000, '0000-00-00 00:00:00', '1025', 0),
(695, 58, 200000, '0000-00-00 00:00:00', '1125', 0),
(696, 58, 200000, '0000-00-00 00:00:00', '1225', 0),
(697, 59, 200000, '2025-04-03 00:00:00', '0125', 1),
(698, 59, 200000, '2025-04-03 00:00:00', '0225', 1),
(699, 59, 200000, '2025-04-03 00:00:00', '0325', 1),
(700, 59, 200000, '2025-04-09 00:00:00', '0425', 1),
(701, 59, 200000, '2025-05-18 00:00:00', '0525', 1),
(702, 59, 200000, '2025-06-17 00:00:00', '0625', 1),
(703, 59, 200000, '2025-07-21 00:00:00', '0725', 1),
(704, 59, 200000, '2025-08-24 00:00:00', '0825', 1),
(705, 59, 200000, '2025-09-25 00:00:00', '0925', 1),
(706, 59, 200000, '0000-00-00 00:00:00', '1025', 0),
(707, 59, 200000, '0000-00-00 00:00:00', '1125', 0),
(708, 59, 200000, '0000-00-00 00:00:00', '1225', 0),
(709, 60, 200000, '2025-04-03 00:00:00', '0125', 1),
(710, 60, 200000, '2025-04-03 00:00:00', '0225', 1),
(711, 60, 200000, '2025-04-03 00:00:00', '0325', 1),
(712, 60, 200000, '2025-04-21 00:00:00', '0425', 1),
(713, 60, 200000, '2025-05-18 00:00:00', '0525', 1),
(714, 60, 200000, '2025-06-17 00:00:00', '0625', 1),
(715, 60, 200000, '2025-07-21 00:00:00', '0725', 1),
(716, 60, 200000, '2025-08-25 00:00:00', '0825', 1),
(717, 60, 200000, '2025-09-25 00:00:00', '0925', 1),
(718, 60, 200000, '0000-00-00 00:00:00', '1025', 0),
(719, 60, 200000, '0000-00-00 00:00:00', '1125', 0),
(720, 60, 200000, '0000-00-00 00:00:00', '1225', 0),
(721, 61, 200000, '2025-04-03 00:00:00', '0125', 1),
(722, 61, 200000, '2025-04-03 00:00:00', '0225', 1),
(723, 61, 200000, '2025-04-03 00:00:00', '0325', 1),
(724, 61, 200000, '2025-04-11 00:00:00', '0425', 1),
(725, 61, 200000, '2025-05-18 00:00:00', '0525', 1),
(726, 61, 200000, '2025-06-17 00:00:00', '0625', 1),
(727, 61, 200000, '2025-07-21 00:00:00', '0725', 1),
(728, 61, 200000, '2025-08-04 00:00:00', '0825', 1),
(729, 61, 200000, '2025-09-25 00:00:00', '0925', 1),
(730, 61, 200000, '0000-00-00 00:00:00', '1025', 0),
(731, 61, 200000, '0000-00-00 00:00:00', '1125', 0),
(732, 61, 200000, '0000-00-00 00:00:00', '1225', 0),
(733, 62, 200000, '2025-04-03 00:00:00', '0125', 1),
(734, 62, 200000, '2025-04-03 00:00:00', '0225', 1),
(735, 62, 200000, '2025-04-03 00:00:00', '0325', 1),
(736, 62, 200000, '2025-04-09 00:00:00', '0425', 1),
(737, 62, 200000, '2025-05-18 00:00:00', '0525', 1),
(738, 62, 200000, '2025-06-17 00:00:00', '0625', 1),
(739, 62, 200000, '2025-07-21 00:00:00', '0725', 1),
(740, 62, 200000, '2025-08-05 00:00:00', '0825', 1),
(741, 62, 200000, '2025-09-25 00:00:00', '0925', 1),
(742, 62, 200000, '2025-10-01 00:00:00', '1025', 1),
(743, 62, 200000, '0000-00-00 00:00:00', '1125', 0),
(744, 62, 200000, '0000-00-00 00:00:00', '1225', 0),
(745, 63, 200000, '2025-04-03 00:00:00', '0125', 1),
(746, 63, 200000, '2025-04-03 00:00:00', '0225', 1),
(747, 63, 200000, '2025-04-03 00:00:00', '0325', 1),
(748, 63, 200000, '2025-05-18 00:00:00', '0425', 1),
(749, 63, 200000, '2025-05-18 00:00:00', '0525', 1),
(750, 63, 200000, '2025-06-17 00:00:00', '0625', 1),
(751, 63, 200000, '2025-07-25 00:00:00', '0725', 1),
(752, 63, 200000, '2025-07-28 00:00:00', '0825', 1),
(753, 63, 200000, '2025-09-25 00:00:00', '0925', 1),
(754, 63, 200000, '0000-00-00 00:00:00', '1025', 0),
(755, 63, 200000, '0000-00-00 00:00:00', '1125', 0),
(756, 63, 200000, '0000-00-00 00:00:00', '1225', 0),
(757, 64, 200000, '2025-04-03 00:00:00', '0125', 1),
(758, 64, 200000, '2025-04-03 00:00:00', '0225', 1),
(759, 64, 200000, '2025-04-03 00:00:00', '0325', 1),
(760, 64, 200000, '2025-04-21 00:00:00', '0425', 1),
(761, 64, 200000, '2025-05-18 00:00:00', '0525', 1),
(762, 64, 200000, '2025-06-17 00:00:00', '0625', 1),
(763, 64, 200000, '2025-07-21 00:00:00', '0725', 1),
(764, 64, 200000, '2025-08-05 00:00:00', '0825', 1),
(765, 64, 200000, '2025-09-25 00:00:00', '0925', 1),
(766, 64, 200000, '0000-00-00 00:00:00', '1025', 0),
(767, 64, 200000, '0000-00-00 00:00:00', '1125', 0),
(768, 64, 200000, '0000-00-00 00:00:00', '1225', 0),
(769, 65, 200000, '2025-04-03 00:00:00', '0125', 1),
(770, 65, 200000, '2025-04-03 00:00:00', '0225', 1),
(771, 65, 200000, '2025-04-03 00:00:00', '0325', 1),
(772, 65, 200000, '2025-06-17 00:00:00', '0425', 1),
(773, 65, 200000, '2025-06-17 00:00:00', '0525', 1),
(774, 65, 200000, '2025-06-17 00:00:00', '0625', 1),
(775, 65, 200000, '2025-07-21 00:00:00', '0725', 1),
(776, 65, 200000, '2025-08-12 00:00:00', '0825', 1),
(777, 65, 200000, '2025-09-25 00:00:00', '0925', 1),
(778, 65, 200000, '2025-10-01 00:00:00', '1025', 1),
(779, 65, 200000, '0000-00-00 00:00:00', '1125', 0),
(780, 65, 200000, '0000-00-00 00:00:00', '1225', 0),
(781, 66, 200000, '2025-04-03 00:00:00', '0125', 1),
(782, 66, 200000, '2025-04-03 00:00:00', '0225', 1),
(783, 66, 200000, '2025-04-03 00:00:00', '0325', 1),
(784, 66, 200000, '2025-04-28 00:00:00', '0425', 1),
(785, 66, 200000, '2025-05-18 00:00:00', '0525', 1),
(786, 66, 200000, '2025-06-17 00:00:00', '0625', 1),
(787, 66, 200000, '2025-07-21 00:00:00', '0725', 1),
(788, 66, 200000, '2025-08-19 00:00:00', '0825', 1),
(789, 66, 200000, '2025-09-25 00:00:00', '0925', 1),
(790, 66, 200000, '0000-00-00 00:00:00', '1025', 0),
(791, 66, 200000, '0000-00-00 00:00:00', '1125', 0),
(792, 66, 200000, '0000-00-00 00:00:00', '1225', 0),
(793, 67, 200000, '2025-04-03 00:00:00', '0125', 1),
(794, 67, 200000, '2025-04-03 00:00:00', '0225', 1),
(795, 67, 200000, '2025-04-03 00:00:00', '0325', 1),
(796, 67, 200000, '2025-04-22 00:00:00', '0425', 1),
(797, 67, 200000, '2025-05-18 00:00:00', '0525', 1),
(798, 67, 200000, '2025-06-17 00:00:00', '0625', 1),
(799, 67, 200000, '2025-07-21 00:00:00', '0725', 1),
(800, 67, 200000, '2025-08-20 00:00:00', '0825', 1),
(801, 67, 200000, '2025-09-25 00:00:00', '0925', 1),
(802, 67, 200000, '0000-00-00 00:00:00', '1025', 0),
(803, 67, 200000, '0000-00-00 00:00:00', '1125', 0),
(804, 67, 200000, '0000-00-00 00:00:00', '1225', 0),
(805, 68, 200000, '2025-04-03 00:00:00', '0125', 1),
(806, 68, 200000, '2025-03-28 00:00:00', '0225', 1),
(807, 68, 200000, '2025-03-28 00:00:00', '0325', 1),
(808, 68, 200000, '2025-05-18 00:00:00', '0425', 1),
(809, 68, 200000, '2025-07-25 00:00:00', '0525', 1),
(810, 68, 200000, '2025-07-12 00:00:00', '0625', 1),
(811, 68, 200000, '2025-10-01 00:00:00', '0725', 1),
(812, 68, 200000, '2025-10-01 00:00:00', '0825', 1),
(813, 68, 200000, '0000-00-00 00:00:00', '0925', 0),
(814, 68, 200000, '0000-00-00 00:00:00', '1025', 0),
(815, 68, 200000, '0000-00-00 00:00:00', '1125', 0),
(816, 68, 200000, '0000-00-00 00:00:00', '1225', 0),
(817, 69, 200000, '2025-04-03 00:00:00', '0125', 1),
(818, 69, 200000, '2025-04-03 00:00:00', '0225', 1),
(819, 69, 200000, '2025-04-03 00:00:00', '0325', 1),
(820, 69, 200000, '2025-04-16 00:00:00', '0425', 1),
(821, 69, 200000, '2025-05-18 00:00:00', '0525', 1),
(822, 69, 200000, '2025-06-17 00:00:00', '0625', 1),
(823, 69, 200000, '2025-07-21 00:00:00', '0725', 1),
(824, 69, 200000, '2025-08-20 00:00:00', '0825', 1),
(825, 69, 200000, '2025-09-25 00:00:00', '0925', 1),
(826, 69, 200000, '0000-00-00 00:00:00', '1025', 0),
(827, 69, 200000, '0000-00-00 00:00:00', '1125', 0),
(828, 69, 200000, '0000-00-00 00:00:00', '1225', 0),
(829, 70, 200000, '2025-04-03 00:00:00', '0125', 1),
(830, 70, 200000, '2025-04-03 00:00:00', '0225', 1),
(831, 70, 200000, '2025-04-03 00:00:00', '0325', 1),
(832, 70, 200000, '2025-04-16 00:00:00', '0425', 1),
(833, 70, 200000, '2025-05-18 00:00:00', '0525', 1),
(834, 70, 200000, '2025-06-17 00:00:00', '0625', 1),
(835, 70, 200000, '2025-07-27 00:00:00', '0725', 1),
(836, 70, 200000, '2025-08-31 00:00:00', '0825', 1),
(837, 70, 200000, '2025-09-25 00:00:00', '0925', 1),
(838, 70, 200000, '0000-00-00 00:00:00', '1025', 0),
(839, 70, 200000, '0000-00-00 00:00:00', '1125', 0),
(840, 70, 200000, '0000-00-00 00:00:00', '1225', 0),
(841, 71, 200000, '2025-04-03 00:00:00', '0125', 1),
(842, 71, 200000, '2025-04-03 00:00:00', '0225', 1),
(843, 71, 200000, '2025-04-16 00:00:00', '0325', 1),
(844, 71, 200000, '2025-04-16 00:00:00', '0425', 1),
(845, 71, 200000, '2025-07-21 00:00:00', '0525', 1),
(846, 71, 200000, '0000-00-00 00:00:00', '0625', 0),
(847, 71, 200000, '0000-00-00 00:00:00', '0725', 0),
(848, 71, 200000, '0000-00-00 00:00:00', '0825', 0),
(849, 71, 200000, '0000-00-00 00:00:00', '0925', 0),
(850, 71, 200000, '0000-00-00 00:00:00', '1025', 0),
(851, 71, 200000, '0000-00-00 00:00:00', '1125', 0),
(852, 71, 200000, '0000-00-00 00:00:00', '1225', 0),
(853, 72, 200000, '2025-04-03 00:00:00', '0125', 1),
(854, 72, 200000, '2025-04-03 00:00:00', '0225', 1),
(855, 72, 200000, '2025-04-03 00:00:00', '0325', 1),
(856, 72, 200000, '2025-04-28 00:00:00', '0425', 1),
(857, 72, 200000, '2025-05-18 00:00:00', '0525', 1),
(858, 72, 200000, '2025-06-17 00:00:00', '0625', 1),
(859, 72, 200000, '2025-07-21 00:00:00', '0725', 1),
(860, 72, 200000, '2025-09-25 00:00:00', '0825', 1),
(861, 72, 200000, '2025-09-25 00:00:00', '0925', 1),
(862, 72, 200000, '2025-10-01 00:00:00', '1025', 1),
(863, 72, 200000, '0000-00-00 00:00:00', '1125', 0),
(864, 72, 200000, '0000-00-00 00:00:00', '1225', 0),
(865, 73, 200000, '2025-04-03 00:00:00', '0125', 1),
(866, 73, 200000, '2025-04-03 00:00:00', '0225', 1),
(867, 73, 200000, '2025-04-03 00:00:00', '0325', 1),
(868, 73, 200000, '2025-04-09 00:00:00', '0425', 1),
(869, 73, 200000, '2025-05-18 00:00:00', '0525', 1),
(870, 73, 200000, '2025-06-17 00:00:00', '0625', 1),
(871, 73, 200000, '2025-07-21 00:00:00', '0725', 1),
(872, 73, 200000, '2025-09-25 00:00:00', '0825', 1),
(873, 73, 200000, '2025-09-25 00:00:00', '0925', 1),
(874, 73, 200000, '0000-00-00 00:00:00', '1025', 0),
(875, 73, 200000, '0000-00-00 00:00:00', '1125', 0),
(876, 73, 200000, '0000-00-00 00:00:00', '1225', 0),
(877, 74, 200000, '2025-04-03 00:00:00', '0125', 1),
(878, 74, 200000, '2025-04-03 00:00:00', '0225', 1),
(879, 74, 200000, '2025-04-03 00:00:00', '0325', 1),
(880, 74, 200000, '2025-04-02 00:00:00', '0425', 1),
(881, 74, 200000, '2025-05-18 00:00:00', '0525', 1),
(882, 74, 200000, '2025-06-17 00:00:00', '0625', 1),
(883, 74, 200000, '2025-07-21 00:00:00', '0725', 1),
(884, 74, 200000, '2025-09-25 00:00:00', '0825', 1),
(885, 74, 200000, '2025-09-25 00:00:00', '0925', 1),
(886, 74, 200000, '2025-10-01 00:00:00', '1025', 1),
(887, 74, 200000, '0000-00-00 00:00:00', '1125', 0),
(888, 74, 200000, '0000-00-00 00:00:00', '1225', 0),
(889, 75, 200000, '2025-04-03 00:00:00', '0125', 1),
(890, 75, 200000, '2025-04-03 00:00:00', '0225', 1),
(891, 75, 200000, '2025-04-16 00:00:00', '0325', 1),
(892, 75, 200000, '2025-06-17 00:00:00', '0425', 1),
(893, 75, 200000, '2025-06-17 00:00:00', '0525', 1),
(894, 75, 200000, '2025-07-21 00:00:00', '0625', 1),
(895, 75, 200000, '2025-09-02 00:00:00', '0725', 1),
(896, 75, 200000, '2025-09-02 00:00:00', '0825', 1),
(897, 75, 200000, '0000-00-00 00:00:00', '0925', 0),
(898, 75, 200000, '0000-00-00 00:00:00', '1025', 0),
(899, 75, 200000, '0000-00-00 00:00:00', '1125', 0),
(900, 75, 200000, '0000-00-00 00:00:00', '1225', 0),
(901, 76, 200000, '2025-04-03 00:00:00', '0125', 1),
(902, 76, 200000, '2025-04-03 00:00:00', '0225', 1),
(903, 76, 200000, '2025-04-03 00:00:00', '0325', 1),
(904, 76, 200000, '2025-04-09 00:00:00', '0425', 1),
(905, 76, 200000, '2025-05-29 00:00:00', '0525', 1),
(906, 76, 200000, '2025-06-17 00:00:00', '0625', 1),
(907, 76, 200000, '2025-07-21 00:00:00', '0725', 1),
(908, 76, 200000, '2025-08-29 00:00:00', '0825', 1),
(909, 76, 200000, '2025-09-29 00:00:00', '0925', 1),
(910, 76, 200000, '0000-00-00 00:00:00', '1025', 0),
(911, 76, 200000, '0000-00-00 00:00:00', '1125', 0),
(912, 76, 200000, '0000-00-00 00:00:00', '1225', 0),
(913, 77, 200000, '2025-04-03 00:00:00', '0125', 1),
(914, 77, 200000, '2025-04-03 00:00:00', '0225', 1),
(915, 77, 200000, '2025-04-03 00:00:00', '0325', 1),
(916, 77, 200000, '2025-04-16 00:00:00', '0425', 1),
(917, 77, 200000, '2025-05-18 00:00:00', '0525', 1),
(918, 77, 200000, '2025-06-17 00:00:00', '0625', 1),
(919, 77, 200000, '2025-07-21 00:00:00', '0725', 1),
(920, 77, 200000, '2025-09-25 00:00:00', '0825', 1),
(921, 77, 200000, '2025-09-25 00:00:00', '0925', 1),
(922, 77, 200000, '2025-10-01 00:00:00', '1025', 1),
(923, 77, 200000, '0000-00-00 00:00:00', '1125', 0),
(924, 77, 200000, '0000-00-00 00:00:00', '1225', 0),
(925, 78, 200000, '2025-04-03 00:00:00', '0125', 1),
(926, 78, 200000, '2025-04-03 00:00:00', '0225', 1),
(927, 78, 200000, '2025-04-03 00:00:00', '0325', 1),
(928, 78, 200000, '2025-04-05 00:00:00', '0425', 1),
(929, 78, 200000, '2025-05-18 00:00:00', '0525', 1),
(930, 78, 200000, '2025-06-17 00:00:00', '0625', 1),
(931, 78, 200000, '2025-07-21 00:00:00', '0725', 1),
(932, 78, 200000, '2025-08-29 00:00:00', '0825', 1),
(933, 78, 200000, '2025-09-29 00:00:00', '0925', 1),
(934, 78, 200000, '0000-00-00 00:00:00', '1025', 0),
(935, 78, 200000, '0000-00-00 00:00:00', '1125', 0),
(936, 78, 200000, '0000-00-00 00:00:00', '1225', 0),
(937, 79, 200000, '2025-04-03 00:00:00', '0125', 1),
(938, 79, 200000, '2025-04-03 00:00:00', '0225', 1),
(939, 79, 200000, '2025-04-03 00:00:00', '0325', 1),
(940, 79, 200000, '2025-04-30 00:00:00', '0425', 1),
(941, 79, 200000, '2025-08-29 00:00:00', '0525', 1),
(942, 79, 200000, '2025-09-29 00:00:00', '0625', 1),
(943, 79, 200000, '2025-09-29 00:00:00', '0725', 1),
(944, 79, 200000, '0000-00-00 00:00:00', '0825', 0),
(945, 79, 200000, '0000-00-00 00:00:00', '0925', 0),
(946, 79, 200000, '0000-00-00 00:00:00', '1025', 0),
(947, 79, 200000, '0000-00-00 00:00:00', '1125', 0),
(948, 79, 200000, '0000-00-00 00:00:00', '1225', 0),
(949, 80, 200000, '2025-04-03 00:00:00', '0125', 1),
(950, 80, 200000, '2025-04-03 00:00:00', '0225', 1),
(951, 80, 200000, '2025-04-03 00:00:00', '0325', 1),
(952, 80, 200000, '2025-04-16 00:00:00', '0425', 1),
(953, 80, 200000, '2025-05-18 00:00:00', '0525', 1),
(954, 80, 200000, '2025-06-17 00:00:00', '0625', 1),
(955, 80, 200000, '2025-07-21 00:00:00', '0725', 1),
(956, 80, 200000, '2025-09-25 00:00:00', '0825', 1),
(957, 80, 200000, '2025-09-25 00:00:00', '0925', 1),
(958, 80, 200000, '0000-00-00 00:00:00', '1025', 0),
(959, 80, 200000, '0000-00-00 00:00:00', '1125', 0),
(960, 80, 200000, '0000-00-00 00:00:00', '1225', 0),
(961, 81, 200000, '2025-04-03 00:00:00', '0125', 1),
(962, 81, 200000, '2025-04-03 00:00:00', '0225', 1),
(963, 81, 200000, '2025-04-03 00:00:00', '0325', 1),
(964, 81, 200000, '2025-04-11 00:00:00', '0425', 1),
(965, 81, 200000, '2025-05-18 00:00:00', '0525', 1),
(966, 81, 200000, '2025-06-17 00:00:00', '0625', 1),
(967, 81, 200000, '2025-07-21 00:00:00', '0725', 1),
(968, 81, 200000, '2025-09-25 00:00:00', '0825', 1),
(969, 81, 200000, '2025-09-25 00:00:00', '0925', 1),
(970, 81, 200000, '0000-00-00 00:00:00', '1025', 0),
(971, 81, 200000, '0000-00-00 00:00:00', '1125', 0),
(972, 81, 200000, '0000-00-00 00:00:00', '1225', 0),
(973, 82, 200000, '2025-04-03 00:00:00', '0125', 1),
(974, 82, 200000, '2025-04-03 00:00:00', '0225', 1),
(975, 82, 200000, '2025-04-03 00:00:00', '0325', 1),
(976, 82, 200000, '2025-04-09 00:00:00', '0425', 1),
(977, 82, 200000, '2025-05-18 00:00:00', '0525', 1),
(978, 82, 200000, '2025-06-17 00:00:00', '0625', 1),
(979, 82, 200000, '2025-07-21 00:00:00', '0725', 1),
(980, 82, 200000, '2025-09-25 00:00:00', '0825', 1),
(981, 82, 200000, '2025-09-25 00:00:00', '0925', 1),
(982, 82, 200000, '0000-00-00 00:00:00', '1025', 0);
INSERT INTO `tbl_iuran` (`id`, `anggota_id`, `nominal`, `date`, `periode`, `status`) VALUES
(983, 82, 200000, '0000-00-00 00:00:00', '1125', 0),
(984, 82, 200000, '0000-00-00 00:00:00', '1225', 0),
(985, 83, 200000, '2025-04-03 00:00:00', '0125', 1),
(986, 83, 200000, '2025-04-03 00:00:00', '0225', 1),
(987, 83, 200000, '2025-04-03 00:00:00', '0325', 1),
(988, 83, 200000, '2025-04-09 00:00:00', '0425', 1),
(989, 83, 200000, '2025-05-18 00:00:00', '0525', 1),
(990, 83, 200000, '2025-06-17 00:00:00', '0625', 1),
(991, 83, 200000, '2025-07-21 00:00:00', '0725', 1),
(992, 83, 200000, '2025-09-25 00:00:00', '0825', 1),
(993, 83, 200000, '2025-09-25 00:00:00', '0925', 1),
(994, 83, 200000, '0000-00-00 00:00:00', '1025', 0),
(995, 83, 200000, '0000-00-00 00:00:00', '1125', 0),
(996, 83, 200000, '0000-00-00 00:00:00', '1225', 0),
(997, 84, 200000, '2025-04-03 00:00:00', '0125', 1),
(998, 84, 200000, '2025-04-03 00:00:00', '0225', 1),
(999, 84, 200000, '2025-04-03 00:00:00', '0325', 1),
(1000, 84, 200000, '2025-04-16 00:00:00', '0425', 1),
(1001, 84, 200000, '2025-05-18 00:00:00', '0525', 1),
(1002, 84, 200000, '2025-07-21 00:00:00', '0625', 1),
(1003, 84, 200000, '2025-07-21 00:00:00', '0725', 1),
(1004, 84, 200000, '2025-09-25 00:00:00', '0825', 1),
(1005, 84, 200000, '0000-00-00 00:00:00', '0925', 0),
(1006, 84, 200000, '0000-00-00 00:00:00', '1025', 0),
(1007, 84, 200000, '0000-00-00 00:00:00', '1125', 0),
(1008, 84, 200000, '0000-00-00 00:00:00', '1225', 0),
(1009, 85, 200000, '2025-04-03 00:00:00', '0125', 1),
(1010, 85, 200000, '2025-04-03 00:00:00', '0225', 1),
(1011, 85, 200000, '2025-04-03 00:00:00', '0325', 1),
(1012, 85, 200000, '2025-04-16 00:00:00', '0425', 1),
(1013, 85, 200000, '2025-05-18 00:00:00', '0525', 1),
(1014, 85, 200000, '2025-06-17 00:00:00', '0625', 1),
(1015, 85, 200000, '2025-07-21 00:00:00', '0725', 1),
(1016, 85, 200000, '2025-09-25 00:00:00', '0825', 1),
(1017, 85, 200000, '2025-09-25 00:00:00', '0925', 1),
(1018, 85, 200000, '0000-00-00 00:00:00', '1025', 0),
(1019, 85, 200000, '0000-00-00 00:00:00', '1125', 0),
(1020, 85, 200000, '0000-00-00 00:00:00', '1225', 0),
(1021, 86, 200000, '2025-04-03 00:00:00', '0125', 1),
(1022, 86, 200000, '2025-04-03 00:00:00', '0225', 1),
(1023, 86, 200000, '2025-04-03 00:00:00', '0325', 1),
(1024, 86, 200000, '2025-05-18 00:00:00', '0425', 1),
(1025, 86, 200000, '2025-06-17 00:00:00', '0525', 1),
(1026, 86, 200000, '2025-09-25 00:00:00', '0625', 1),
(1027, 86, 200000, '2025-09-25 00:00:00', '0725', 1),
(1028, 86, 200000, '2025-09-25 00:00:00', '0825', 1),
(1029, 86, 200000, '0000-00-00 00:00:00', '0925', 0),
(1030, 86, 200000, '0000-00-00 00:00:00', '1025', 0),
(1031, 86, 200000, '0000-00-00 00:00:00', '1125', 0),
(1032, 86, 200000, '0000-00-00 00:00:00', '1225', 0),
(1033, 87, 200000, '2025-04-03 00:00:00', '0125', 1),
(1034, 87, 200000, '2025-04-03 00:00:00', '0225', 1),
(1035, 87, 200000, '2025-04-03 00:00:00', '0325', 1),
(1036, 87, 200000, '2025-04-21 00:00:00', '0425', 1),
(1037, 87, 200000, '2025-05-18 00:00:00', '0525', 1),
(1038, 87, 200000, '2025-06-17 00:00:00', '0625', 1),
(1039, 87, 200000, '2025-09-25 00:00:00', '0725', 1),
(1040, 87, 200000, '2025-09-25 00:00:00', '0825', 1),
(1041, 87, 200000, '2025-09-25 00:00:00', '0925', 1),
(1042, 87, 200000, '0000-00-00 00:00:00', '1025', 0),
(1043, 87, 200000, '0000-00-00 00:00:00', '1125', 0),
(1044, 87, 200000, '0000-00-00 00:00:00', '1225', 0),
(1045, 88, 200000, '2025-04-03 00:00:00', '0125', 1),
(1046, 88, 200000, '2025-04-03 00:00:00', '0225', 1),
(1047, 88, 200000, '2025-04-03 00:00:00', '0325', 1),
(1048, 88, 200000, '2025-04-28 00:00:00', '0425', 1),
(1049, 88, 200000, '2025-05-18 00:00:00', '0525', 1),
(1050, 88, 200000, '2025-06-17 00:00:00', '0625', 1),
(1051, 88, 200000, '2025-07-21 00:00:00', '0725', 1),
(1052, 88, 200000, '2025-09-25 00:00:00', '0825', 1),
(1053, 88, 200000, '2025-09-25 00:00:00', '0925', 1),
(1054, 88, 200000, '0000-00-00 00:00:00', '1025', 0),
(1055, 88, 200000, '0000-00-00 00:00:00', '1125', 0),
(1056, 88, 200000, '0000-00-00 00:00:00', '1225', 0),
(1057, 89, 200000, '2025-04-03 00:00:00', '0125', 1),
(1058, 89, 200000, '2025-04-03 00:00:00', '0225', 1),
(1059, 89, 200000, '2025-04-03 00:00:00', '0325', 1),
(1060, 89, 200000, '2025-04-28 00:00:00', '0425', 1),
(1061, 89, 200000, '2025-05-18 00:00:00', '0525', 1),
(1062, 89, 200000, '2025-06-17 00:00:00', '0625', 1),
(1063, 89, 200000, '2025-07-21 00:00:00', '0725', 1),
(1064, 89, 200000, '2025-09-25 00:00:00', '0825', 1),
(1065, 89, 200000, '2025-09-25 00:00:00', '0925', 1),
(1066, 89, 200000, '0000-00-00 00:00:00', '1025', 0),
(1067, 89, 200000, '0000-00-00 00:00:00', '1125', 0),
(1068, 89, 200000, '0000-00-00 00:00:00', '1225', 0),
(1069, 90, 200000, '2025-04-03 00:00:00', '0125', 1),
(1070, 90, 200000, '2025-04-03 00:00:00', '0225', 1),
(1071, 90, 200000, '2025-04-03 00:00:00', '0325', 1),
(1072, 90, 200000, '2025-05-18 00:00:00', '0425', 1),
(1073, 90, 200000, '2025-05-18 00:00:00', '0525', 1),
(1074, 90, 200000, '2025-09-25 00:00:00', '0625', 1),
(1075, 90, 200000, '2025-09-25 00:00:00', '0725', 1),
(1076, 90, 200000, '2025-09-25 00:00:00', '0825', 1),
(1077, 90, 200000, '0000-00-00 00:00:00', '0925', 0),
(1078, 90, 200000, '0000-00-00 00:00:00', '1025', 0),
(1079, 90, 200000, '0000-00-00 00:00:00', '1125', 0),
(1080, 90, 200000, '0000-00-00 00:00:00', '1225', 0),
(1081, 91, 200000, '2025-04-03 00:00:00', '0125', 1),
(1082, 91, 200000, '2025-04-03 00:00:00', '0225', 1),
(1083, 91, 200000, '2025-04-03 00:00:00', '0325', 1),
(1084, 91, 200000, '2025-04-11 00:00:00', '0425', 1),
(1085, 91, 200000, '2025-05-18 00:00:00', '0525', 1),
(1086, 91, 200000, '2025-07-21 00:00:00', '0625', 1),
(1087, 91, 200000, '2025-07-21 00:00:00', '0725', 1),
(1088, 91, 200000, '2025-09-25 00:00:00', '0825', 1),
(1089, 91, 200000, '2025-09-25 00:00:00', '0925', 1),
(1090, 91, 200000, '0000-00-00 00:00:00', '1025', 0),
(1091, 91, 200000, '0000-00-00 00:00:00', '1125', 0),
(1092, 91, 200000, '0000-00-00 00:00:00', '1225', 0),
(1093, 92, 200000, '2025-04-03 00:00:00', '0125', 1),
(1094, 92, 200000, '2025-06-17 00:00:00', '0225', 1),
(1095, 92, 200000, '2025-06-17 00:00:00', '0325', 1),
(1096, 92, 200000, '2025-06-17 00:00:00', '0425', 1),
(1097, 92, 200000, '2025-07-21 00:00:00', '0525', 1),
(1098, 92, 200000, '2025-07-21 00:00:00', '0625', 1),
(1099, 92, 200000, '2025-07-21 00:00:00', '0725', 1),
(1100, 92, 200000, '2025-09-25 00:00:00', '0825', 1),
(1101, 92, 200000, '2025-09-25 00:00:00', '0925', 1),
(1102, 92, 200000, '2025-10-01 00:00:00', '1025', 1),
(1103, 92, 200000, '0000-00-00 00:00:00', '1125', 0),
(1104, 92, 200000, '0000-00-00 00:00:00', '1225', 0),
(1105, 93, 200000, '2025-04-03 00:00:00', '0125', 1),
(1106, 93, 200000, '2025-04-03 00:00:00', '0225', 1),
(1107, 93, 200000, '2025-04-03 00:00:00', '0325', 1),
(1108, 93, 200000, '2025-04-09 00:00:00', '0425', 1),
(1109, 93, 200000, '2025-05-18 00:00:00', '0525', 1),
(1110, 93, 200000, '2025-07-21 00:00:00', '0625', 1),
(1111, 93, 200000, '2025-07-21 00:00:00', '0725', 1),
(1112, 93, 200000, '2025-09-25 00:00:00', '0825', 1),
(1113, 93, 200000, '2025-09-25 00:00:00', '0925', 1),
(1114, 93, 200000, '0000-00-00 00:00:00', '1025', 0),
(1115, 93, 200000, '0000-00-00 00:00:00', '1125', 0),
(1116, 93, 200000, '0000-00-00 00:00:00', '1225', 0),
(1117, 94, 200000, '2025-04-03 00:00:00', '0125', 1),
(1118, 94, 200000, '2025-04-03 00:00:00', '0225', 1),
(1119, 94, 200000, '2025-04-10 00:00:00', '0325', 1),
(1120, 94, 200000, '2025-04-09 00:00:00', '0425', 1),
(1121, 94, 200000, '2025-09-29 00:00:00', '0525', 1),
(1122, 94, 200000, '2025-07-21 00:00:00', '0625', 1),
(1123, 94, 200000, '2025-09-29 00:00:00', '0725', 1),
(1124, 94, 200000, '2025-09-29 00:00:00', '0825', 1),
(1125, 94, 200000, '0000-00-00 00:00:00', '0925', 0),
(1126, 94, 200000, '0000-00-00 00:00:00', '1025', 0),
(1127, 94, 200000, '0000-00-00 00:00:00', '1125', 0),
(1128, 94, 200000, '0000-00-00 00:00:00', '1225', 0),
(1129, 95, 200000, '2025-04-03 00:00:00', '0125', 1),
(1130, 95, 200000, '2025-04-03 00:00:00', '0225', 1),
(1131, 95, 200000, '2025-04-03 00:00:00', '0325', 1),
(1132, 95, 200000, '2025-04-16 00:00:00', '0425', 1),
(1133, 95, 200000, '2025-05-18 00:00:00', '0525', 1),
(1134, 95, 200000, '2025-07-29 00:00:00', '0625', 1),
(1135, 95, 200000, '2025-09-29 00:00:00', '0725', 1),
(1136, 95, 200000, '2025-09-29 00:00:00', '0825', 1),
(1137, 95, 200000, '0000-00-00 00:00:00', '0925', 0),
(1138, 95, 200000, '0000-00-00 00:00:00', '1025', 0),
(1139, 95, 200000, '0000-00-00 00:00:00', '1125', 0),
(1140, 95, 200000, '0000-00-00 00:00:00', '1225', 0),
(1141, 96, 200000, '2025-04-03 00:00:00', '0125', 1),
(1142, 96, 200000, '2025-04-03 00:00:00', '0225', 1),
(1143, 96, 200000, '2025-04-03 00:00:00', '0325', 1),
(1144, 96, 200000, '2025-04-28 00:00:00', '0425', 1),
(1145, 96, 200000, '2025-05-18 00:00:00', '0525', 1),
(1146, 96, 200000, '2025-07-21 00:00:00', '0625', 1),
(1147, 96, 200000, '2025-07-21 00:00:00', '0725', 1),
(1148, 96, 200000, '2025-09-25 00:00:00', '0825', 1),
(1149, 96, 200000, '2025-09-25 00:00:00', '0925', 1),
(1150, 96, 200000, '0000-00-00 00:00:00', '1025', 0),
(1151, 96, 200000, '0000-00-00 00:00:00', '1125', 0),
(1152, 96, 200000, '0000-00-00 00:00:00', '1225', 0),
(1153, 97, 200000, '2025-04-03 00:00:00', '0125', 1),
(1154, 97, 200000, '2025-04-03 00:00:00', '0225', 1),
(1155, 97, 200000, '2025-04-28 00:00:00', '0325', 1),
(1156, 97, 200000, '2025-09-29 00:00:00', '0425', 1),
(1157, 97, 200000, '2025-09-29 00:00:00', '0525', 1),
(1158, 97, 200000, '2025-09-29 00:00:00', '0625', 1),
(1159, 97, 200000, '2025-09-29 00:00:00', '0725', 1),
(1160, 97, 200000, '2025-09-29 00:00:00', '0825', 1),
(1161, 97, 200000, '2025-09-29 00:00:00', '0925', 1),
(1162, 97, 200000, '0000-00-00 00:00:00', '1025', 0),
(1163, 97, 200000, '0000-00-00 00:00:00', '1125', 0),
(1164, 97, 200000, '0000-00-00 00:00:00', '1225', 0),
(1165, 98, 200000, '2025-04-03 00:00:00', '0125', 1),
(1166, 98, 200000, '2025-04-03 00:00:00', '0225', 1),
(1167, 98, 200000, '2025-04-03 00:00:00', '0325', 1),
(1168, 98, 200000, '2025-04-10 00:00:00', '0425', 1),
(1169, 98, 200000, '2025-05-18 00:00:00', '0525', 1),
(1170, 98, 200000, '2025-07-21 00:00:00', '0625', 1),
(1171, 98, 200000, '2025-07-21 00:00:00', '0725', 1),
(1172, 98, 200000, '2025-09-25 00:00:00', '0825', 1),
(1173, 98, 200000, '2025-09-25 00:00:00', '0925', 1),
(1174, 98, 200000, '0000-00-00 00:00:00', '1025', 0),
(1175, 98, 200000, '0000-00-00 00:00:00', '1125', 0),
(1176, 98, 200000, '0000-00-00 00:00:00', '1225', 0),
(1177, 99, 200000, '2025-04-03 00:00:00', '0125', 1),
(1178, 99, 200000, '2025-04-03 00:00:00', '0225', 1),
(1179, 99, 200000, '2025-04-03 00:00:00', '0325', 1),
(1180, 99, 200000, '2025-04-16 00:00:00', '0425', 1),
(1181, 99, 200000, '2025-05-18 00:00:00', '0525', 1),
(1182, 99, 200000, '2025-07-21 00:00:00', '0625', 1),
(1183, 99, 200000, '2025-07-21 00:00:00', '0725', 1),
(1184, 99, 200000, '0000-00-00 00:00:00', '0825', 0),
(1185, 99, 200000, '0000-00-00 00:00:00', '0925', 0),
(1186, 99, 200000, '0000-00-00 00:00:00', '1025', 0),
(1187, 99, 200000, '0000-00-00 00:00:00', '1125', 0),
(1188, 99, 200000, '0000-00-00 00:00:00', '1225', 0),
(1189, 100, 200000, '2025-04-03 00:00:00', '0125', 1),
(1190, 100, 200000, '2025-04-03 00:00:00', '0225', 1),
(1191, 100, 200000, '2025-04-28 00:00:00', '0325', 1),
(1192, 100, 200000, '2025-04-21 00:00:00', '0425', 1),
(1193, 100, 200000, '2025-05-18 00:00:00', '0525', 1),
(1194, 100, 200000, '2025-07-24 00:00:00', '0625', 1),
(1195, 100, 200000, '2025-07-24 00:00:00', '0725', 1),
(1196, 100, 200000, '2025-09-25 00:00:00', '0825', 1),
(1197, 100, 200000, '2025-09-25 00:00:00', '0925', 1),
(1198, 100, 200000, '0000-00-00 00:00:00', '1025', 0),
(1199, 100, 200000, '0000-00-00 00:00:00', '1125', 0),
(1200, 100, 200000, '0000-00-00 00:00:00', '1225', 0),
(1201, 101, 200000, '2025-04-03 00:00:00', '0125', 1),
(1202, 101, 200000, '2025-04-03 00:00:00', '0225', 1),
(1203, 101, 200000, '2025-04-03 00:00:00', '0325', 1),
(1204, 101, 200000, '2025-04-21 00:00:00', '0425', 1),
(1205, 101, 200000, '2025-05-18 00:00:00', '0525', 1),
(1206, 101, 200000, '2025-06-17 00:00:00', '0625', 1),
(1207, 101, 200000, '2025-07-21 00:00:00', '0725', 1),
(1208, 101, 200000, '2025-09-25 00:00:00', '0825', 1),
(1209, 101, 200000, '2025-09-25 00:00:00', '0925', 1),
(1210, 101, 200000, '0000-00-00 00:00:00', '1025', 0),
(1211, 101, 200000, '0000-00-00 00:00:00', '1125', 0),
(1212, 101, 200000, '0000-00-00 00:00:00', '1225', 0),
(1213, 102, 200000, '2025-04-03 00:00:00', '0125', 1),
(1214, 102, 200000, '2025-04-03 00:00:00', '0225', 1),
(1215, 102, 200000, '2025-04-29 00:00:00', '0325', 1),
(1216, 102, 200000, '2025-05-18 00:00:00', '0425', 1),
(1217, 102, 200000, '2025-05-29 00:00:00', '0525', 1),
(1218, 102, 200000, '2025-06-17 00:00:00', '0625', 1),
(1219, 102, 200000, '2025-08-01 00:00:00', '0725', 1),
(1220, 102, 200000, '2025-09-30 00:00:00', '0825', 1),
(1221, 102, 200000, '2025-09-30 00:00:00', '0925', 1),
(1222, 102, 200000, '0000-00-00 00:00:00', '1025', 0),
(1223, 102, 200000, '0000-00-00 00:00:00', '1125', 0),
(1224, 102, 200000, '0000-00-00 00:00:00', '1225', 0),
(1225, 103, 200000, '2025-04-03 00:00:00', '0125', 1),
(1226, 103, 200000, '2025-04-03 00:00:00', '0225', 1),
(1227, 103, 200000, '2025-04-03 00:00:00', '0325', 1),
(1228, 103, 200000, '2025-05-18 00:00:00', '0425', 1),
(1229, 103, 200000, '2025-05-18 00:00:00', '0525', 1),
(1230, 103, 200000, '2025-06-17 00:00:00', '0625', 1),
(1231, 103, 200000, '2025-07-21 00:00:00', '0725', 1),
(1232, 103, 200000, '2025-09-25 00:00:00', '0825', 1),
(1233, 103, 200000, '2025-09-25 00:00:00', '0925', 1),
(1234, 103, 200000, '0000-00-00 00:00:00', '1025', 0),
(1235, 103, 200000, '0000-00-00 00:00:00', '1125', 0),
(1236, 103, 200000, '0000-00-00 00:00:00', '1225', 0),
(1237, 104, 200000, '2025-04-03 00:00:00', '0125', 1),
(1238, 104, 200000, '2025-04-03 00:00:00', '0225', 1),
(1239, 104, 200000, '2025-04-03 00:00:00', '0325', 1),
(1240, 104, 200000, '2025-04-16 00:00:00', '0425', 1),
(1241, 104, 200000, '2025-05-18 00:00:00', '0525', 1),
(1242, 104, 200000, '2025-06-17 00:00:00', '0625', 1),
(1243, 104, 200000, '2025-07-21 00:00:00', '0725', 1),
(1244, 104, 200000, '2025-09-25 00:00:00', '0825', 1),
(1245, 104, 200000, '2025-09-25 00:00:00', '0925', 1),
(1246, 104, 200000, '0000-00-00 00:00:00', '1025', 0),
(1247, 104, 200000, '0000-00-00 00:00:00', '1125', 0),
(1248, 104, 200000, '0000-00-00 00:00:00', '1225', 0),
(1249, 105, 200000, '2025-04-03 00:00:00', '0125', 1),
(1250, 105, 200000, '2025-04-03 00:00:00', '0225', 1),
(1251, 105, 200000, '2025-04-03 00:00:00', '0325', 1),
(1252, 105, 200000, '2025-04-28 00:00:00', '0425', 1),
(1253, 105, 200000, '2025-05-18 00:00:00', '0525', 1),
(1254, 105, 200000, '2025-06-17 00:00:00', '0625', 1),
(1255, 105, 200000, '2025-07-24 00:00:00', '0725', 1),
(1256, 105, 200000, '2025-09-25 00:00:00', '0825', 1),
(1257, 105, 200000, '2025-09-25 00:00:00', '0925', 1),
(1258, 105, 200000, '0000-00-00 00:00:00', '1025', 0),
(1259, 105, 200000, '0000-00-00 00:00:00', '1125', 0),
(1260, 105, 200000, '0000-00-00 00:00:00', '1225', 0),
(1261, 106, 200000, '2025-04-03 00:00:00', '0125', 1),
(1262, 106, 200000, '2025-04-03 00:00:00', '0225', 1),
(1263, 106, 200000, '2025-04-03 00:00:00', '0325', 1),
(1264, 106, 200000, '2025-04-16 00:00:00', '0425', 1),
(1265, 106, 200000, '2025-05-18 00:00:00', '0525', 1),
(1266, 106, 200000, '2025-06-17 00:00:00', '0625', 1),
(1267, 106, 200000, '2025-07-24 00:00:00', '0725', 1),
(1268, 106, 200000, '2025-09-25 00:00:00', '0825', 1),
(1269, 106, 200000, '2025-09-25 00:00:00', '0925', 1),
(1270, 106, 200000, '0000-00-00 00:00:00', '1025', 0),
(1271, 106, 200000, '0000-00-00 00:00:00', '1125', 0),
(1272, 106, 200000, '0000-00-00 00:00:00', '1225', 0),
(1273, 107, 200000, '2025-04-03 00:00:00', '0125', 1),
(1274, 107, 200000, '2025-04-03 00:00:00', '0225', 1),
(1275, 107, 200000, '2025-04-03 00:00:00', '0325', 1),
(1276, 107, 200000, '2025-04-21 00:00:00', '0425', 1),
(1277, 107, 200000, '2025-05-18 00:00:00', '0525', 1),
(1278, 107, 200000, '2025-06-17 00:00:00', '0625', 1),
(1279, 107, 200000, '2025-07-24 00:00:00', '0725', 1),
(1280, 107, 200000, '2025-09-25 00:00:00', '0825', 1),
(1281, 107, 200000, '2025-09-25 00:00:00', '0925', 1),
(1282, 107, 200000, '0000-00-00 00:00:00', '1025', 0),
(1283, 107, 200000, '0000-00-00 00:00:00', '1125', 0),
(1284, 107, 200000, '0000-00-00 00:00:00', '1225', 0),
(1285, 108, 200000, '2025-04-03 00:00:00', '0125', 1),
(1286, 108, 200000, '2025-04-03 00:00:00', '0225', 1),
(1287, 108, 200000, '2025-04-03 00:00:00', '0325', 1),
(1288, 108, 200000, '2025-04-28 00:00:00', '0425', 1),
(1289, 108, 200000, '2025-05-18 00:00:00', '0525', 1),
(1290, 108, 200000, '2025-06-17 00:00:00', '0625', 1),
(1291, 108, 200000, '2025-07-24 00:00:00', '0725', 1),
(1292, 108, 200000, '2025-09-25 00:00:00', '0825', 1),
(1293, 108, 200000, '2025-09-25 00:00:00', '0925', 1),
(1294, 108, 200000, '0000-00-00 00:00:00', '1025', 0),
(1295, 108, 200000, '0000-00-00 00:00:00', '1125', 0),
(1296, 108, 200000, '0000-00-00 00:00:00', '1225', 0),
(1297, 109, 200000, '2025-04-03 00:00:00', '0125', 1),
(1298, 109, 200000, '2025-04-03 00:00:00', '0225', 1),
(1299, 109, 200000, '2025-04-03 00:00:00', '0325', 1),
(1300, 109, 200000, '2025-04-16 00:00:00', '0425', 1),
(1301, 109, 200000, '2025-05-18 00:00:00', '0525', 1),
(1302, 109, 200000, '2025-06-17 00:00:00', '0625', 1),
(1303, 109, 200000, '2025-07-24 00:00:00', '0725', 1),
(1304, 109, 200000, '2025-09-25 00:00:00', '0825', 1),
(1305, 109, 200000, '2025-09-25 00:00:00', '0925', 1),
(1306, 109, 200000, '0000-00-00 00:00:00', '1025', 0),
(1307, 109, 200000, '0000-00-00 00:00:00', '1125', 0),
(1308, 109, 200000, '0000-00-00 00:00:00', '1225', 0),
(1309, 110, 200000, '2025-04-03 00:00:00', '0125', 1),
(1310, 110, 200000, '2025-04-03 00:00:00', '0225', 1),
(1311, 110, 200000, '2025-04-03 00:00:00', '0325', 1),
(1312, 110, 200000, '2025-04-09 00:00:00', '0425', 1),
(1313, 110, 200000, '2025-05-18 00:00:00', '0525', 1),
(1314, 110, 200000, '2025-06-17 00:00:00', '0625', 1),
(1315, 110, 200000, '2025-07-24 00:00:00', '0725', 1),
(1316, 110, 200000, '2025-09-25 00:00:00', '0825', 1),
(1317, 110, 200000, '2025-09-25 00:00:00', '0925', 1),
(1318, 110, 200000, '0000-00-00 00:00:00', '1025', 0),
(1319, 110, 200000, '0000-00-00 00:00:00', '1125', 0),
(1320, 110, 200000, '0000-00-00 00:00:00', '1225', 0),
(1321, 111, 200000, '2025-04-03 00:00:00', '0125', 1),
(1322, 111, 200000, '2025-04-03 00:00:00', '0225', 1),
(1323, 111, 200000, '2025-04-03 00:00:00', '0325', 1),
(1324, 111, 200000, '2025-04-11 00:00:00', '0425', 1),
(1325, 111, 200000, '2025-05-18 00:00:00', '0525', 1),
(1326, 111, 200000, '2025-06-17 00:00:00', '0625', 1),
(1327, 111, 200000, '2025-07-24 00:00:00', '0725', 1),
(1328, 111, 200000, '2025-09-25 00:00:00', '0825', 1),
(1329, 111, 200000, '2025-09-25 00:00:00', '0925', 1),
(1330, 111, 200000, '0000-00-00 00:00:00', '1025', 0),
(1331, 111, 200000, '0000-00-00 00:00:00', '1125', 0),
(1332, 111, 200000, '0000-00-00 00:00:00', '1225', 0),
(1333, 112, 200000, '2025-01-06 00:00:00', '0125', 1),
(1334, 112, 200000, '2025-04-03 00:00:00', '0225', 1),
(1335, 112, 200000, '2025-04-03 00:00:00', '0325', 1),
(1336, 112, 200000, '2025-04-09 00:00:00', '0425', 1),
(1337, 112, 200000, '2025-05-18 00:00:00', '0525', 1),
(1338, 112, 200000, '2025-06-17 00:00:00', '0625', 1),
(1339, 112, 200000, '2025-07-24 00:00:00', '0725', 1),
(1340, 112, 200000, '2025-09-29 00:00:00', '0825', 1),
(1341, 112, 200000, '2025-09-29 00:00:00', '0925', 1),
(1342, 112, 200000, '0000-00-00 00:00:00', '1025', 0),
(1343, 112, 200000, '0000-00-00 00:00:00', '1125', 0),
(1344, 112, 200000, '0000-00-00 00:00:00', '1225', 0),
(1345, 1, 200000, '2025-03-14 13:27:48', '1124', 1),
(1346, 1, 200000, '2025-03-14 13:48:56', '1224', 1),
(1347, 112, NULL, '2024-11-18 00:00:00', '1124', 1),
(1348, 2, 200000, '2024-11-18 00:00:00', '1124', 1),
(1349, 2, 200000, '2024-12-02 00:00:00', '1224', 1),
(1350, 3, 200000, '2024-11-01 00:00:00', '1124', 1),
(1351, 3, 200000, '2024-12-02 00:00:00', '1224', 1),
(1352, 4, NULL, '2024-11-04 00:00:00', '1124', 1),
(1353, 4, NULL, '2024-12-04 00:00:00', '1224', 1),
(1354, 5, NULL, '2024-11-04 00:00:00', '1124', 1),
(1355, 5, NULL, '2024-12-04 00:00:00', '1224', 1),
(1356, 6, 200000, '2024-11-08 00:00:00', '1124', 1),
(1357, 6, 200000, '2024-12-12 00:00:00', '1224', 1),
(1358, 7, 200000, '2024-11-12 00:00:00', '1124', 1),
(1359, 7, 200000, '2024-12-05 00:00:00', '1224', 1),
(1360, 8, 200000, '2024-11-12 00:00:00', '1124', 1),
(1361, 8, 200000, '2024-12-04 00:00:00', '1224', 1),
(1362, 9, 200000, '2024-11-05 00:00:00', '1124', 1),
(1363, 9, 200000, '2024-12-04 00:00:00', '1224', 1),
(1364, 10, 200000, '2024-11-19 00:00:00', '1124', 1),
(1365, 10, 200000, '2024-12-03 00:00:00', '1224', 1),
(1366, 31, NULL, '2024-11-07 00:00:00', '1124', 1),
(1367, 112, NULL, '2024-12-04 00:00:00', '1224', 1),
(1368, 11, 200000, '2024-11-05 00:00:00', '1124', 1),
(1369, 11, 200000, '2024-12-04 00:00:00', '1224', 1),
(1370, 12, 200000, '2025-04-01 00:00:00', '1124', 1),
(1371, 25, 200000, '2025-04-01 00:00:00', '1124', 1),
(1372, 12, 200000, '2025-04-01 00:00:00', '1224', 1),
(1373, 13, 200000, '2025-04-01 00:00:00', '1124', 1),
(1374, 13, 200000, '2025-04-01 00:00:00', '1224', 1),
(1375, 14, 200000, '2025-04-01 00:00:00', '1124', 1),
(1376, 14, 200000, '2025-04-01 00:00:00', '1224', 1),
(1377, 15, 200000, '2025-04-01 00:00:00', '1124', 1),
(1378, 15, 200000, '2025-04-01 00:00:00', '1224', 1),
(1379, 16, 200000, '2025-04-01 00:00:00', '1124', 1),
(1380, 16, 200000, '2025-04-01 00:00:00', '1224', 1),
(1381, 17, 200000, '2025-04-01 00:00:00', '1124', 1),
(1382, 17, 200000, '2025-04-01 00:00:00', '1224', 1),
(1383, 18, 200000, '2025-04-01 00:00:00', '1124', 1),
(1384, 18, 200000, '2025-04-01 00:00:00', '1224', 1),
(1385, 19, 200000, '2025-04-01 00:00:00', '1124', 1),
(1386, 19, 200000, '2025-04-01 00:00:00', '1224', 1),
(1387, 24, 200000, '2025-04-01 00:00:00', '1124', 1),
(1388, 20, 200000, '2025-04-01 00:00:00', '1124', 1),
(1389, 26, 200000, '2025-04-01 00:00:00', '1124', 1),
(1390, 32, 200000, '2025-04-01 00:00:00', '1124', 1),
(1391, 29, 200000, '2025-04-01 00:00:00', '1124', 1),
(1392, 20, 200000, '2025-04-01 00:00:00', '1224', 1),
(1393, 29, 200000, '2025-04-01 00:00:00', '1224', 1),
(1394, 26, 200000, '2025-04-01 00:00:00', '1224', 1),
(1395, 21, 200000, '2025-04-01 00:00:00', '1124', 1),
(1396, 21, 200000, '2025-04-01 00:00:00', '1224', 1),
(1397, 27, 200000, '2025-04-01 00:00:00', '1124', 1),
(1398, 22, 200000, '2025-04-01 00:00:00', '1124', 1),
(1399, 22, 200000, '2025-04-01 00:00:00', '1224', 1),
(1400, 30, 200000, '2025-04-01 00:00:00', '1124', 1),
(1401, 28, 200000, '2025-04-01 00:00:00', '1124', 1),
(1402, 23, 200000, '2025-04-01 00:00:00', '1124', 1),
(1403, 23, 200000, '2025-04-01 00:00:00', '1224', 1),
(1404, 24, 200000, '2025-04-01 00:00:00', '1224', 1),
(1405, 25, 200000, '2025-04-01 00:00:00', '1224', 1),
(1406, 27, 200000, '2025-04-01 00:00:00', '1224', 1),
(1407, 28, 200000, '2025-04-01 00:00:00', '1224', 1),
(1408, 30, 200000, '2025-04-01 00:00:00', '1224', 1),
(1409, 31, 200000, '2025-04-01 00:00:00', '1224', 1),
(1410, 32, 200000, '2025-04-01 00:00:00', '1224', 1),
(1411, 33, 200000, '2025-04-01 00:00:00', '1124', 1),
(1412, 33, 200000, '2025-04-01 00:00:00', '1224', 1),
(1413, 34, 200000, '2025-04-01 00:00:00', '1124', 1),
(1414, 34, 200000, '2025-04-01 00:00:00', '1224', 1),
(1415, 35, 200000, '2025-04-01 00:00:00', '1124', 1),
(1416, 35, 200000, '2025-04-01 00:00:00', '1224', 1),
(1417, 36, 200000, '2025-04-01 00:00:00', '1124', 1),
(1418, 36, 200000, '2025-04-01 00:00:00', '1224', 1),
(1419, 37, 200000, '2025-04-01 00:00:00', '1124', 1),
(1420, 37, 200000, '2025-04-01 00:00:00', '1224', 1),
(1421, 44, 200000, '2025-04-01 00:00:00', '1124', 1),
(1422, 38, 200000, '2025-04-01 00:00:00', '1124', 1),
(1423, 42, 200000, '2025-04-01 00:00:00', '1124', 1),
(1424, 38, 200000, '2025-04-01 00:00:00', '1224', 1),
(1425, 43, 200000, '2025-04-01 00:00:00', '1124', 1),
(1426, 39, 200000, '2025-04-01 00:00:00', '1124', 1),
(1427, 39, 200000, '2025-04-01 00:00:00', '1224', 1),
(1428, 40, 200000, '2025-04-01 00:00:00', '1124', 1),
(1429, 40, 200000, '2025-04-01 00:00:00', '1224', 1),
(1430, 48, 200000, '2025-04-01 00:00:00', '1124', 1),
(1431, 41, 200000, '2025-04-01 00:00:00', '1124', 1),
(1432, 41, 200000, '2025-04-01 00:00:00', '1224', 1),
(1433, 42, 200000, '2025-04-01 00:00:00', '1224', 1),
(1434, 43, 200000, '2025-04-01 00:00:00', '1224', 1),
(1435, 44, 200000, '2025-04-01 00:00:00', '1224', 1),
(1436, 52, 200000, '2025-04-01 00:00:00', '1124', 1),
(1437, 46, 200000, '2025-04-01 00:00:00', '1124', 1),
(1438, 45, 200000, '2025-04-03 00:00:00', '1124', 1),
(1439, 49, 200000, '2025-04-03 00:00:00', '1124', 1),
(1440, 45, 200000, '2025-04-03 00:00:00', '1224', 1),
(1441, 46, 200000, '2025-04-03 00:00:00', '1224', 1),
(1442, 51, 200000, '2025-04-03 00:00:00', '1124', 1),
(1443, 58, 200000, '2025-04-03 00:00:00', '1124', 1),
(1444, 59, 200000, '2025-04-03 00:00:00', '1124', 1),
(1445, 54, 200000, '2025-04-03 00:00:00', '1124', 1),
(1446, 56, 200000, '2025-04-03 00:00:00', '1124', 1),
(1447, 55, 200000, '2025-04-03 00:00:00', '1124', 1),
(1448, 54, 200000, '2025-04-03 00:00:00', '1224', 1),
(1449, 55, 200000, '2025-04-03 00:00:00', '1224', 1),
(1450, 56, 200000, '2025-04-03 00:00:00', '1224', 1),
(1451, 52, 200000, '2025-04-03 00:00:00', '1224', 1),
(1452, 58, 200000, '2025-04-03 00:00:00', '1224', 1),
(1453, 50, 200000, '2025-04-03 00:00:00', '1124', 1),
(1454, 57, 200000, '2025-04-03 00:00:00', '1124', 1),
(1455, 57, 200000, '2025-04-03 00:00:00', '1224', 1),
(1456, 63, 200000, '2025-04-03 00:00:00', '1124', 1),
(1457, 59, 200000, '2025-04-03 00:00:00', '1224', 1),
(1458, 53, 200000, '2025-04-03 00:00:00', '1124', 1),
(1459, 53, 200000, '2025-04-03 00:00:00', '1224', 1),
(1460, 63, 200000, '2025-04-03 00:00:00', '1224', 1),
(1461, 47, 200000, '2025-04-03 00:00:00', '1124', 1),
(1462, 70, 200000, '2025-04-03 00:00:00', '1124', 1),
(1463, 61, 200000, '2025-04-03 00:00:00', '1124', 1),
(1464, 61, 200000, '2025-04-03 00:00:00', '1224', 1),
(1465, 50, 200000, '2025-04-03 00:00:00', '1224', 1),
(1466, 60, 200000, '2025-04-03 00:00:00', '1124', 1),
(1467, 107, 200000, '2025-04-03 00:00:00', '1124', 1),
(1468, 47, 200000, '2025-04-03 00:00:00', '1224', 1),
(1469, 48, 200000, '2025-04-03 00:00:00', '1224', 1),
(1470, 49, 200000, '2025-04-03 00:00:00', '1224', 1),
(1471, 51, 200000, '2025-04-03 00:00:00', '1224', 1),
(1472, 60, 200000, '2025-04-03 00:00:00', '1224', 1),
(1473, 62, 200000, '2025-04-03 00:00:00', '1124', 1),
(1474, 62, 200000, '2025-04-03 00:00:00', '1224', 1),
(1475, 64, 200000, '2025-04-03 00:00:00', '1124', 1),
(1476, 78, 200000, '2025-04-03 00:00:00', '1124', 1),
(1477, 85, 200000, '2025-04-03 00:00:00', '1124', 1),
(1478, 80, 200000, '2025-04-03 00:00:00', '1124', 1),
(1479, 78, 200000, '2025-04-03 00:00:00', '1224', 1),
(1480, 76, 200000, '2025-04-03 00:00:00', '1124', 1),
(1481, 80, 200000, '2025-04-03 00:00:00', '1224', 1),
(1482, 77, 200000, '2025-04-03 00:00:00', '1124', 1),
(1483, 81, 200000, '2025-04-03 00:00:00', '1124', 1),
(1484, 84, 200000, '2025-04-03 00:00:00', '1124', 1),
(1485, 81, 200000, '2025-04-03 00:00:00', '1224', 1),
(1486, 74, 200000, '2025-04-03 00:00:00', '1124', 1),
(1487, 75, 200000, '2025-04-03 00:00:00', '1124', 1),
(1488, 79, 200000, '2025-04-03 00:00:00', '1124', 1),
(1489, 77, 200000, '2025-04-03 00:00:00', '1224', 1),
(1490, 83, 200000, '2025-04-03 00:00:00', '1124', 1),
(1491, 84, 200000, '2025-04-03 00:00:00', '1224', 1),
(1492, 79, 200000, '2025-04-03 00:00:00', '1224', 1),
(1493, 68, 200000, '2025-04-03 00:00:00', '1124', 1),
(1494, 67, 200000, '2025-04-03 00:00:00', '1124', 1),
(1495, 82, 200000, '2025-04-03 00:00:00', '1124', 1),
(1496, 85, 200000, '2025-04-03 00:00:00', '1224', 1),
(1497, 64, 200000, '2025-04-03 00:00:00', '1224', 1),
(1498, 73, 200000, '2025-04-03 00:00:00', '1124', 1),
(1499, 82, 200000, '2025-04-03 00:00:00', '1224', 1),
(1500, 75, 200000, '2025-04-03 00:00:00', '1224', 1),
(1501, 68, 200000, '2025-04-03 00:00:00', '1224', 1),
(1502, 71, 200000, '2025-04-03 00:00:00', '1124', 1),
(1503, 102, 200000, '2025-04-03 00:00:00', '1224', 1),
(1504, 65, 200000, '2025-04-03 00:00:00', '1124', 1),
(1505, 65, 200000, '2025-04-03 00:00:00', '1224', 1),
(1506, 83, 200000, '2025-04-03 00:00:00', '1224', 1),
(1507, 109, 200000, '2025-04-03 00:00:00', '1124', 1),
(1508, 76, 200000, '2025-04-03 00:00:00', '1224', 1),
(1509, 66, 200000, '2025-04-03 00:00:00', '1124', 1),
(1510, 66, 200000, '2025-04-03 00:00:00', '1224', 1),
(1511, 67, 200000, '2025-04-03 00:00:00', '1224', 1),
(1512, 69, 200000, '2025-04-03 00:00:00', '1124', 1),
(1513, 69, 200000, '2025-04-03 00:00:00', '1224', 1),
(1514, 70, 200000, '2025-04-03 00:00:00', '1224', 1),
(1515, 71, 200000, '2025-04-03 00:00:00', '1224', 1),
(1516, 72, 200000, '2025-04-03 00:00:00', '1124', 1),
(1517, 72, 200000, '2025-04-03 00:00:00', '1224', 1),
(1518, 73, 200000, '2025-04-03 00:00:00', '1224', 1),
(1519, 74, 200000, '2025-04-03 00:00:00', '1224', 1),
(1520, 110, 200000, '2025-04-03 00:00:00', '1124', 1),
(1521, 96, 200000, '2025-04-03 00:00:00', '1124', 1),
(1522, 86, 200000, '2025-04-03 00:00:00', '1124', 1),
(1523, 93, 200000, '2025-04-03 00:00:00', '1124', 1),
(1524, 99, 200000, '2025-04-03 00:00:00', '1124', 1),
(1525, 96, 200000, '2025-04-03 00:00:00', '1224', 1),
(1526, 100, 200000, '2025-04-03 00:00:00', '1124', 1),
(1527, 98, 200000, '2025-04-03 00:00:00', '1224', 1),
(1528, 92, 200000, '2025-04-03 00:00:00', '1224', 1),
(1529, 87, 200000, '2025-04-03 00:00:00', '1124', 1),
(1530, 94, 200000, '2025-04-03 00:00:00', '1124', 1),
(1531, 94, 200000, '2025-04-03 00:00:00', '1224', 1),
(1532, 93, 200000, '2025-04-03 00:00:00', '1224', 1),
(1533, 97, 200000, '2025-04-03 00:00:00', '1124', 1),
(1534, 95, 200000, '2025-04-03 00:00:00', '1124', 1),
(1535, 101, 200000, '2025-04-03 00:00:00', '1124', 1),
(1536, 103, 200000, '2025-04-03 00:00:00', '1124', 1),
(1537, 88, 200000, '2025-04-03 00:00:00', '1124', 1),
(1538, 101, 200000, '2025-04-03 00:00:00', '1224', 1),
(1539, 103, 200000, '2025-04-03 00:00:00', '1224', 1),
(1540, 98, 200000, '2025-04-03 00:00:00', '1124', 1),
(1541, 97, 200000, '2025-04-03 00:00:00', '1224', 1),
(1542, 105, 200000, '2025-04-03 00:00:00', '1124', 1),
(1543, 87, 200000, '2025-04-03 00:00:00', '1224', 1),
(1544, 95, 200000, '2025-04-03 00:00:00', '1224', 1),
(1545, 90, 200000, '2025-04-03 00:00:00', '1124', 1),
(1546, 88, 200000, '2025-04-03 00:00:00', '1224', 1),
(1547, 90, 200000, '2025-04-03 00:00:00', '1224', 1),
(1548, 86, 200000, '2025-04-03 00:00:00', '1224', 1),
(1549, 89, 200000, '2025-04-03 00:00:00', '1124', 1),
(1550, 91, 200000, '2025-04-03 00:00:00', '1124', 1),
(1551, 104, 200000, '2025-04-03 00:00:00', '1124', 1),
(1552, 92, 200000, '2025-04-03 00:00:00', '1124', 1),
(1553, 91, 200000, '2025-04-03 00:00:00', '1224', 1),
(1554, 100, 200000, '2025-04-03 00:00:00', '1224', 1),
(1555, 108, 200000, '2025-04-03 00:00:00', '1124', 1),
(1556, 111, 200000, '2025-04-03 00:00:00', '1124', 1),
(1557, 106, 200000, '2025-04-03 00:00:00', '1124', 1),
(1558, 105, 200000, '2025-04-03 00:00:00', '1224', 1),
(1559, 110, 200000, '2025-04-03 00:00:00', '1224', 1),
(1560, 109, 200000, '2025-04-03 00:00:00', '1224', 1),
(1561, 102, 200000, '2025-04-03 00:00:00', '1124', 1),
(1562, 99, 200000, '2025-04-03 00:00:00', '1224', 1),
(1563, 111, 200000, '2025-04-03 00:00:00', '1224', 1),
(1564, 107, 200000, '2025-04-03 00:00:00', '1224', 1),
(1565, 106, 200000, '2025-04-03 00:00:00', '1224', 1),
(1566, 108, 200000, '2025-04-03 00:00:00', '1224', 1),
(1567, 89, 200000, '2025-04-03 00:00:00', '1224', 1),
(1568, 104, 200000, '2025-04-03 00:00:00', '1224', 1);

-- --------------------------------------------------------

--
-- Table structure for table `tbl_kategori`
--

CREATE TABLE `tbl_kategori` (
  `id` int NOT NULL,
  `kode` varchar(50) CHARACTER SET utf8mb4 COLLATE utf8mb4_general_ci DEFAULT NULL,
  `name` varchar(50) CHARACTER SET utf8mb4 COLLATE utf8mb4_general_ci DEFAULT NULL
) ENGINE=InnoDB DEFAULT CHARSET=utf8mb4 COLLATE=utf8mb4_0900_ai_ci;

--
-- Dumping data for table `tbl_kategori`
--

INSERT INTO `tbl_kategori` (`id`, `kode`, `name`) VALUES
(1, 'IN', 'Pemasukan'),
(2, 'OUT', 'Pengeluaran'),
(3, 'TRF', 'Transfer');

-- --------------------------------------------------------

--
-- Table structure for table `tbl_kateg_trans`
--

CREATE TABLE `tbl_kateg_trans` (
  `id` int NOT NULL,
  `kode` varchar(50) CHARACTER SET utf8mb4 COLLATE utf8mb4_general_ci DEFAULT NULL,
  `name` varchar(50) CHARACTER SET utf8mb4 COLLATE utf8mb4_general_ci DEFAULT NULL,
  `kategori_id` int DEFAULT NULL
) ENGINE=InnoDB DEFAULT CHARSET=utf8mb4 COLLATE=utf8mb4_0900_ai_ci;

--
-- Dumping data for table `tbl_kateg_trans`
--

INSERT INTO `tbl_kateg_trans` (`id`, `kode`, `name`, `kategori_id`) VALUES
(1, NULL, 'Dana Hibah', 1),
(2, NULL, 'Dana Sosial', 1),
(3, NULL, 'Dana Simpanan Wajib', 1),
(4, NULL, 'Model Unit Usaha', 2),
(5, NULL, 'Kegiatan Koperasi', 2),
(6, NULL, 'Kegiatan Sosial', 2),
(7, NULL, 'Kegiatan Penunjang Koperasi', 2),
(8, NULL, 'Jasa Pengurus Koperasi', 2),
(9, NULL, 'Pembagian SHU anggota', 2),
(10, NULL, 'Pengadaan Inventaris', 2),
(11, NULL, 'Dana Hasil Penjualan', 1),
(12, NULL, 'Dana Simpanan Pokok', 1),
(13, NULL, 'Dana Simpanan Anggota', 1),
(14, NULL, 'Dana Cadangan', 1);

-- --------------------------------------------------------

--
-- Table structure for table `tbl_keuangan`
--

CREATE TABLE `tbl_keuangan` (
  `id` int NOT NULL,
  `kategori_keuangan` int DEFAULT NULL,
  `nominal` decimal(10,0) DEFAULT NULL,
  `periode` varchar(255) CHARACTER SET utf8mb4 COLLATE utf8mb4_general_ci DEFAULT NULL
) ENGINE=InnoDB DEFAULT CHARSET=utf8mb4 COLLATE=utf8mb4_0900_ai_ci;

--
-- Dumping data for table `tbl_keuangan`
--

INSERT INTO `tbl_keuangan` (`id`, `kategori_keuangan`, `nominal`, `periode`) VALUES
(1, 1, 0, '0325'),
(3, 3, 7600000, '0325'),
(4, 4, 0, '0325'),
(5, 5, 0, '0325'),
(6, 6, 0, '0325'),
(7, 7, 0, '0325'),
(8, 8, 0, '0325'),
(9, 9, 0, '0325'),
(10, 10, 0, '0325'),
(11, 11, 83949500, '0325'),
(12, 12, 56000000, '0325'),
(13, 2, 0, '0325'),
(14, 3, 2800000, '0225'),
(15, 3, 1400000, '0125'),
(16, 3, 0, '1124'),
(17, 3, 0, '1224'),
(18, 3, 126000000, '0425'),
(19, 1, 0, '0425'),
(20, 2, 0, '0425'),
(21, 4, 87754500, '0425'),
(22, 5, 0, '0425'),
(23, 6, 0, '0425'),
(24, 7, 0, '0425'),
(25, 8, 0, '0425'),
(26, 9, 0, '0425'),
(27, 10, 0, '0425'),
(28, 11, 121017250, '0425'),
(29, 12, 56000000, '0425'),
(30, 13, 100000000, '0425'),
(31, 13, 63600000, '0325'),
(32, 3, 147400000, '0525'),
(33, 13, 203400000, '0525'),
(34, 2, 464000, '0525'),
(35, 1, 0, '0525'),
(36, 4, 255119571, '0525'),
(37, 5, 2229373, '0525'),
(38, 6, 5113000, '0525'),
(39, 7, 25000, '0525'),
(40, 8, 4460000, '0525'),
(41, 9, 0, '0525'),
(42, 10, 11762223, '0525'),
(43, 11, 141227250, '0525'),
(44, 12, 56000000, '0525'),
(45, 14, 0, '0525'),
(46, 1, 0, '0625'),
(47, 2, 464000, '0625'),
(48, 3, 167600000, '0625'),
(49, 4, 255119571, '0625'),
(50, 5, 2229373, '0625'),
(51, 6, 5113000, '0625'),
(52, 7, 25000, '0625'),
(53, 8, 4460000, '0625'),
(54, 9, 0, '0625'),
(55, 10, 11762223, '0625'),
(56, 11, 193013750, '0625'),
(57, 12, 56000000, '0625'),
(58, 13, 223600000, '0625'),
(59, 14, 0, '0625'),
(60, 13, 2800000, '0225'),
(61, 3, 192400000, '0725'),
(62, 13, 248400000, '0725'),
(63, 1, 0, '0725'),
(64, 2, 464000, '0725'),
(65, 4, 255119571, '0725'),
(66, 5, 2229373, '0725'),
(67, 6, 5113000, '0725'),
(68, 7, 25000, '0725'),
(69, 8, 4460000, '0725'),
(70, 9, 0, '0725'),
(71, 10, 11762223, '0725'),
(72, 11, 235829750, '0725'),
(73, 12, 56000000, '0725'),
(74, 14, 0, '0725'),
(75, 3, 206000000, '0825'),
(76, 13, 262000000, '0825'),
(77, 1, 0, '0825'),
(78, 2, 464000, '0825'),
(79, 4, 255119571, '0825'),
(80, 5, 2229373, '0825'),
(81, 6, 5113000, '0825'),
(82, 7, 25000, '0825'),
(83, 8, 4460000, '0825'),
(84, 9, 0, '0825'),
(85, 10, 11762223, '0825'),
(86, 11, 262210750, '0825'),
(87, 12, 56000000, '0825'),
(88, 14, 0, '0825'),
(89, 1, 0, '0925'),
(90, 2, 464000, '0925'),
(91, 3, 236000000, '0925'),
(92, 4, 255119571, '0925'),
(93, 5, 2229373, '0925'),
(94, 6, 5113000, '0925'),
(95, 7, 41875843, '0925'),
(96, 8, 4460000, '0925'),
(97, 9, 0, '0925'),
(98, 10, 11762223, '0925'),
(99, 11, 308689750, '0925'),
(100, 12, 56000000, '0925'),
(101, 13, 292000000, '0925'),
(102, 14, 0, '0925'),
(103, 3, 241600000, '1025'),
(104, 13, 241600000, '1025'),
(105, 1, 0, '1025'),
(106, 2, 464000, '1025'),
(107, 4, 255119571, '1025'),
(108, 5, 2229373, '1025'),
(109, 6, 5113000, '1025'),
(110, 7, 48654843, '1025'),
(111, 8, 4460000, '1025'),
(112, 9, 0, '1025'),
(113, 10, 11762223, '1025'),
(114, 11, 312262750, '1025'),
(115, 12, 56000000, '1025'),
(116, 14, 0, '1025');

-- --------------------------------------------------------

--
-- Table structure for table `tbl_level`
--

CREATE TABLE `tbl_level` (
  `id` int NOT NULL,
  `level_name` varchar(100) DEFAULT NULL
) ENGINE=MyISAM DEFAULT CHARSET=latin1;

--
-- Dumping data for table `tbl_level`
--

INSERT INTO `tbl_level` (`id`, `level_name`) VALUES
(1, 'Super User'),
(2, 'Admin'),
(3, 'Kasir');

-- --------------------------------------------------------

--
-- Table structure for table `tbl_pemasukan`
--

CREATE TABLE `tbl_pemasukan` (
  `id` int NOT NULL,
  `kategori_id` int DEFAULT NULL,
  `nominal` decimal(10,0) DEFAULT NULL,
  `date` date DEFAULT NULL,
  `keterangan` text CHARACTER SET utf8mb4 COLLATE utf8mb4_general_ci
) ENGINE=InnoDB DEFAULT CHARSET=utf8mb4 COLLATE=utf8mb4_0900_ai_ci;

--
-- Dumping data for table `tbl_pemasukan`
--

INSERT INTO `tbl_pemasukan` (`id`, `kategori_id`, `nominal`, `date`, `keterangan`) VALUES
(1, 2, 5577000, '2025-05-18', 'SHU AKHIR THUN 2024'),
(2, 1, 11100000, '2025-05-18', 'HIBAH DARI ANGGOTA KOPRASI'),
(3, 1, 1394209, '2025-05-18', 'HIBAH SHU ANGGOTA'),
(4, 13, 50000000, '2025-05-18', 'PENGEMBALIAN DANA UNIT USAHA SEMBAKO'),
(5, 13, 1000000, '2025-05-18', 'PENGEMBALIAN DANA DARI UNIT USAHA AIR'),
(6, 14, 1394209, '2025-05-29', 'SHU AKHIR TAHUN 2024');

-- --------------------------------------------------------

--
-- Table structure for table `tbl_pengeluaran`
--

CREATE TABLE `tbl_pengeluaran` (
  `id` int NOT NULL,
  `kategori_id` int DEFAULT NULL,
  `sumber_dana_id` int DEFAULT NULL,
  `nominal` decimal(10,0) DEFAULT NULL,
  `date` date DEFAULT NULL,
  `keterangan` text CHARACTER SET utf8mb4 COLLATE utf8mb4_general_ci
) ENGINE=InnoDB DEFAULT CHARSET=utf8mb4 COLLATE=utf8mb4_0900_ai_ci;

--
-- Dumping data for table `tbl_pengeluaran`
--

INSERT INTO `tbl_pengeluaran` (`id`, `kategori_id`, `sumber_dana_id`, `nominal`, `date`, `keterangan`) VALUES
(1, 4, 11, 60000, '2025-04-21', 'BKK NO. 01042025  Pembelin perlengkapan kantor'),
(2, 4, 11, 51000, '2025-04-21', 'BKK NO. 02042025 Keperluan kantor kartu perdana'),
(3, 4, 11, 100000, '2025-04-21', 'BKK NO. 03042025 Jasa sablon karung beras'),
(4, 4, 11, 18000, '2025-04-21', 'BKK NO. 04042025 Perlengkapan kantor keset + colokan  listrik'),
(5, 4, 11, 5525500, '2025-04-21', 'BKK NO 05KSU-0425 Belanja untuk ABK bln 04 2025'),
(6, 4, 13, 16000000, '2025-04-01', 'DANA UNTUK UNIT USAHA ATK'),
(7, 4, 13, 1000000, '2025-04-01', 'MODAL UNTUK UNIT USAHA AIR MINUM'),
(8, 4, 13, 65000000, '2025-04-01', 'MODAL UNUTK UNIT USAHA SEMBAKO'),
(9, 6, 2, 594000, '2025-02-02', 'UNTUK TAMBAHAN DANA ABK BLN 1 2025'),
(10, 6, 2, 2399000, '2025-03-17', 'Untuk tambahan dana ABK bln 2 2025'),
(11, 6, 2, 1561000, '2025-04-10', 'Untuk tambahan dana ABK bln 3 2025'),
(12, 6, 2, 559000, '2025-05-01', 'Untuk tambahan dana ABK bln 04 2025'),
(13, 10, 1, 8492000, '2024-10-31', 'Pmbelian alat pembersih beras dll'),
(14, 5, 1, 220000, '2024-11-17', ' KONSUMSI RAPAT anggota 17/11 / 2024\r\n'),
(15, 5, 1, 615164, '2025-01-12', 'KONSUMSI RAPAT AKHIR THN 2024\r\n'),
(16, 10, 1, 3167045, '2025-04-28', 'PEMBELIAN PERALATAN KANTOR KOPRASI'),
(17, 4, 11, 811450, '2025-04-01', 'BELI GULA GMP 50 KG'),
(18, 4, 11, 811450, '2025-03-04', 'BELI GULA GMP 50 KG'),
(19, 4, 11, 811450, '2025-03-11', 'PEMBELIAN GULA GMP 50 KG'),
(20, 4, 11, 337321, '2025-03-11', 'BELI PLASTI ZAKAT 500 LBR'),
(21, 4, 11, 816100, '2025-03-19', 'BELI GULA GMP 50 KG'),
(22, 4, 11, 50000000, '2025-04-14', 'PENGEMBALIAN DANA UNIT USAHA SEMBAKO'),
(23, 4, 11, 5139000, '2025-03-16', 'PEMBELIAN  SEMBAKO UNUTUK ABK BLN 3 2025'),
(24, 4, 11, 744000, '2025-03-16', 'PEMBELIAN SEMBAKO UNTUK ABK'),
(25, 4, 11, 273000, '2025-03-20', 'TAMBAHAN SEMBAKO UNTUK ABK 03 2025'),
(26, 8, 11, 2380000, '2025-03-28', 'GAJI ADMIN KOPRASI (IVAN) BLN 3 2025'),
(27, 10, 11, 23178, '2025-04-23', 'PEMBELIAN PERLATAN KANTOR ( PEMBOLONG & ACCO)'),
(28, 4, 11, 787500, '2025-04-25', 'BELI GULA  GMP 50 KG '),
(29, 7, 11, 25000, '2025-04-29', 'BELI PAKET INTERNET'),
(30, 10, 11, 50000, '2025-04-30', 'BELI SAPU, KNTONG KRESEK, PLASTIK GULA'),
(31, 8, 11, 2080000, '2025-04-30', 'GAJI ADMIN ABK BLN4 2025 \r\n(IVAN)'),
(32, 4, 11, 327000, '2025-04-30', 'BELI AIR SISA UNIT USAHA AIR QUAVIT GELAS 11 DOS, BOTOL 5 DOS'),
(33, 5, 14, 1394209, '2025-04-28', 'PEMBELIAN PERALATAN KANTOR KOPRASI'),
(34, 4, 11, 620000, '2025-05-01', 'BKK001/0525KSU BELI AIR QUAVIT GELAS 20 DOS BOTOL 10 DOS'),
(35, 4, 11, 802500, '2025-05-02', 'BKK002/0525KSU BELI GULA GMP 50 KG'),
(36, 4, 11, 812400, '2025-05-15', 'BKK003/0525KSU BELI GULA GMP 50 KG'),
(37, 4, 11, 15922000, '2025-05-18', 'BKK004/0525KSU BELI SEMBAKO UNTUK ABK DAN UNTUK DI JUAL'),
(38, 4, 11, 25000, '2025-05-19', 'BKK005/0525KSU ISI PAKET INTERNET 10 GB'),
(39, 4, 11, 420000, '2025-05-20', 'BKK006/0525KSU BELI AIR QUAVIT BOTOL 15 DOS'),
(40, 4, 11, 16000, '2025-05-24', 'BKK007/0525KSU BELI KARET 2 BKS UNTUK PAKING INDOMIE PAKET ABK'),
(41, 10, 11, 30000, '2025-05-25', 'BKK008/0525KSU BELI COLOKAN T BROCO'),
(42, 4, 11, 51000, '2025-05-28', 'BKK009/0525KSU BELI PAKET INTERNT 25 GB'),
(43, 4, 11, 87837900, '2025-03-01', 'MODAL AWAL NON TUNAI BERUPA BARANG SIAP JUL'),
(44, 7, 11, 1200000, '2025-09-02', 'BAYAR KONTRAKAN BLN09 2025'),
(45, 7, 11, 40000, '2025-09-02', 'BELI PERDANA UNTUK MODEM'),
(46, 7, 11, 3525000, '2025-09-02', 'BELI BERAS ST 5 KARUNG (705.000)'),
(47, 7, 11, 460000, '2025-09-02', 'BELI AQUAVIT BOTOL 600ML 28.000(10)+GELAS 18.000 (10)'),
(48, 7, 11, 2828000, '2025-09-03', 'BELI BERAS ST 3 KARUNG (705000) BELI BERAS MT 1 KARUNG (695000) BELI KALENG LITERAN (18000)'),
(49, 7, 11, 475000, '2025-09-04', 'BELI LEMINERAL 330ML (38000)+LEMINERAL 600ML (45000)+TIPS (5000)'),
(50, 7, 11, 27418, '2025-09-05', 'BELI ABC K.HIJAU 250ML 9PEC'),
(51, 7, 11, 35700, '2025-09-05', 'BELI PRISTINE 400ML 15 BOTOL'),
(52, 7, 11, 98500, '2025-09-05', 'BELI SUPER O2 600ML (15 BOTOL)'),
(53, 7, 11, 803000, '2025-09-07', 'BELI GULA GMP 50KG '),
(54, 7, 11, 103000, '2025-09-06', 'BELI TOKEN LISTRIK'),
(55, 7, 11, 1396000, '2025-09-07', 'BELI BERAS BMW SPR (2 KARUNG)'),
(56, 7, 11, 376000, '2025-09-07', 'BELI MINYAK KITA 1LT + 2LT'),
(57, 7, 11, 1150000, '2025-09-07', 'BELI MINYAK TROPICAL 2LT BOTOL (5 KRAT)'),
(58, 7, 11, 302500, '2025-09-08', 'BELI ABC BOTOL (38500)+POCARI 350ML(130000)+LE MINERAL 330ML 2 DUS(76000)+TEH PUCUK (58000)'),
(59, 7, 11, 35000, '2025-09-10', 'BELI MODEM DATA'),
(60, 7, 11, 637000, '2025-09-10', 'BELI TERIGU 25KG(215000)+INDOMIE GRNG 1 DUS(114000)+INDOMIE SOTO 1 DUS(109000)+INDOMIE AYAM BWG 1DUS(109000)+LE MINERAL 600ML 2 DUS(90000)'),
(61, 7, 11, 2740000, '2025-09-10', 'BELI BERAS HU 4 KARUNG (685000)'),
(62, 7, 11, 318000, '2025-09-11', 'BELI GOODAY BOTOL 1DUS(117000)+INDO KIDS 1DUS(92000)+INDOMIE SOTO 1DUS(109000)'),
(63, 7, 11, 190000, '2025-09-12', 'BELI LE MINERAL 330ML 5 DUS (38000)'),
(64, 7, 11, 1950000, '2025-09-14', 'BELI MINYAK KITA 2LT/DUS(195000)'),
(65, 7, 11, 803000, '2025-09-14', 'BELI GULA GMP 5OKG'),
(66, 7, 11, 700000, '2025-09-14', 'BELI PLASTIK BERAS 5KG 1BAL(25KG)'),
(67, 7, 11, 2764000, '2025-09-14', 'BELI BERAS JT 4 KARUNG (685000)+BELI BENSIN (24000)'),
(68, 7, 11, 216000, '2025-09-15', 'BELI MINYAK SUNCO 2LT (1 DUS)'),
(69, 7, 11, 906000, '2025-09-17', 'BELI GULA GMP 1KARUNG(803000)+SUSU 7 KURMA(103000)'),
(70, 7, 11, 1240000, '2025-09-17', 'BELI INDOMIE GORENG 6DUS(115000)+INDOMIE SOTO 5DUS(110000)'),
(71, 7, 11, 7000, '2025-09-16', 'BELI PLATIK GULA (PE)'),
(72, 7, 11, 4110000, '2025-09-16', 'BELI BERAS JT KARUNGAN 6 KRNG (685.000)'),
(73, 7, 11, 690000, '2025-09-18', 'BELI BERAS KUDA 1 KARUNG'),
(74, 7, 11, 2720000, '2025-09-18', 'BELI BERAS KUDA 2KARUNG(675000)+ BERAS HU 2KARUNG(685000)'),
(75, 7, 11, 850000, '2025-09-19', 'BELI TELOR 2 PETI'),
(76, 7, 11, 2010000, '2025-09-21', 'BELI MINYAK GRANDCO 2LT 8DUS(1704000)+KECAP NASIONAL 300GR 2DUS(296000)+TIPS (10000)'),
(77, 7, 11, 103000, '2025-09-21', 'BELI PULSA LISTRIK'),
(78, 7, 11, 800000, '2025-09-21', 'BELI GULA GMP 1 KARUNG'),
(79, 7, 11, 30000, '2025-09-22', 'BELI MODEM PAKET DATA'),
(80, 7, 11, 600000, '2025-09-22', 'BELI PULSA OPERATOR SYATHIBY CELL'),
(81, 7, 11, 230285, '2025-09-22', 'BELI PRISTINE 400ML (714000)+LARUTAN CAP KAKI3(124775)+LARUTAN CAP BADAK(34110)'),
(82, 7, 11, 30000, '2025-09-23', 'BELI PULSA MODEM'),
(83, 7, 11, 90000, '2025-09-22', 'BELI LE MINERAL 600ML 2DUS'),
(84, 7, 11, 183000, '2025-09-23', 'BELI QUAVIT GELAS 10 DUS+PENGARIS(3000)'),
(85, 7, 11, 39440, '2025-09-25', 'BELI ZIPER MAP'),
(86, 7, 11, 76000, '2025-09-27', 'BELI LE MINERAL MINI 350ML 2DUS'),
(87, 7, 11, 2025000, '2025-09-28', 'BELI BERAS JT KARUNGAN(3 KRNG)'),
(88, 7, 11, 250000, '2025-09-28', 'BELI JAJANAN SHOPEE'),
(89, 7, 11, 800000, '2025-09-29', 'BELI GULA GMP'),
(90, 7, 11, 257000, '2025-09-30', 'BELI LE MINERAL 330ML(76.000)+TEH PUCUK (58.000)+TUJUH KURMA(103.000)+YAKULT(20.000)'),
(91, 7, 11, 600000, '2025-09-30', 'BELI SALDO SYATHIBY CELL'),
(92, 7, 11, 31000, '2025-09-17', 'BELI PLASTIK PE 1 KG (7.000), MIKA TELOR 1 PACK (24.000)'),
(93, 7, 11, 1975000, '2025-09-30', 'GAJI IVAN BULAN 9/2025'),
(94, 7, 11, 980000, '2025-09-30', 'GAJI ARIS BULAN 9/2025'),
(95, 7, 11, 1200000, '2025-10-02', 'BAYAR SEWA KANTOR KSU'),
(96, 7, 11, 6000, '2025-10-02', 'BELI PLASTK KLIP 8 X12'),
(97, 7, 11, 37000, '2025-10-02', 'BELI PULSA INTERNET MODEM 8GB'),
(98, 7, 11, 103000, '2025-10-04', 'BELI PULSA PLN KANTOR KSU'),
(99, 7, 11, 15000, '2025-10-03', 'BELI 1 IKAT PLASTIK HD28 HITAM'),
(100, 7, 11, 2055000, '2025-10-05', 'BELI BERAS JERUK (705.000)+BERAS MJH (1.350.000)'),
(101, 7, 11, 408000, '2025-10-06', 'BELI AQUAVIT GELAS 15DUS (180.000)+QUAVIT BOTOL 5DUS(140.000)+LE MINERAL 600ML(45.000)+LE MINERAL 330ML(38.000)+TIPS 5000');

-- --------------------------------------------------------

--
-- Table structure for table `tbl_transaksi`
--

CREATE TABLE `tbl_transaksi` (
  `id` int NOT NULL,
  `no_transaksi` varchar(255) COLLATE utf8mb4_general_ci DEFAULT NULL,
  `diskon` varchar(100) COLLATE utf8mb4_general_ci DEFAULT NULL,
  `grand_total` varchar(65) COLLATE utf8mb4_general_ci DEFAULT NULL,
  `uang_bayar` varchar(100) COLLATE utf8mb4_general_ci DEFAULT NULL,
  `uang_kembali` varchar(100) COLLATE utf8mb4_general_ci DEFAULT NULL,
  `tgl_transaksi` datetime DEFAULT NULL,
  `pelanggan_id` int DEFAULT NULL,
  `lainnya` varchar(255) COLLATE utf8mb4_general_ci DEFAULT NULL,
  `metode_bayar` int DEFAULT NULL,
  `kasir_id` int DEFAULT NULL
) ENGINE=InnoDB DEFAULT CHARSET=utf8mb4 COLLATE=utf8mb4_general_ci ROW_FORMAT=DYNAMIC;

--
-- Dumping data for table `tbl_transaksi`
--

INSERT INTO `tbl_transaksi` (`id`, `no_transaksi`, `diskon`, `grand_total`, `uang_bayar`, `uang_kembali`, `tgl_transaksi`, `pelanggan_id`, `lainnya`, `metode_bayar`, `kasir_id`) VALUES
(17, 'TRX-2503-0001', '0', '74000', '74000', '0', '2025-03-07 22:38:00', 6, NULL, 1, NULL),
(19, 'TRX-2503-0018', '0', '122000', '122000', '0', '2025-03-07 22:52:00', 19, NULL, 1, NULL),
(20, 'TRX-2503-0020', '0', '122000', '150000', '28000', '2025-03-08 23:10:00', 86, NULL, 1, NULL),
(21, 'TRX-2503-0021', '0', '40000', '40000', '0', '2025-03-08 23:13:00', 16, NULL, 1, NULL),
(22, 'TRX-2503-0022', '0', '220000', '220000', '0', '2025-03-09 10:43:00', 13, NULL, 1, NULL),
(23, 'TRX-2503-0023', '0', '222000', '222000', '0', '2025-03-03 11:30:00', 0, NULL, 1, NULL),
(24, 'TRX-2503-0024', '0', '225000', '225000', '0', '2025-03-04 11:33:00', 8, NULL, 1, NULL),
(25, 'TRX-2503-0025', '0', '148000', '148000', '0', '2025-03-09 11:34:00', 87, NULL, 1, NULL),
(26, 'TRX-2503-0026', '0', '357000', '357000', '0', '2025-03-09 11:35:00', 117, 'RZKI', 1, NULL),
(27, 'TRX-2503-0027', '0', '114000', '114000', '0', '2025-03-04 11:37:00', 40, NULL, 1, NULL),
(28, 'TRX-2503-0028', '0', '258000', '258000', '0', '2025-03-09 17:07:00', 65, NULL, 1, NULL),
(29, 'TRX-2503-0029', '0', '645000', '645000', '0', '2025-03-09 17:11:00', 65, NULL, 1, NULL),
(30, 'TRX-2503-0030', '0', '215000', '215000', '0', '2025-03-09 20:45:00', 65, NULL, 1, NULL),
(31, 'TRX-2503-0031', '0', '122000', '122000', '0', '2025-03-09 20:49:00', 65, NULL, 1, NULL),
(32, 'TRX-2503-0032', '0', '122000', '122000', '0', '2025-03-09 20:55:00', 79, NULL, 1, NULL),
(33, 'TRX-2503-0033', '0', '296000', '296000', '0', '2025-03-10 19:08:00', 117, NULL, 1, NULL),
(34, 'TRX-2503-0034', '0', '122000', '122000', '0', '2025-03-10 20:52:00', 106, NULL, 1, NULL),
(35, 'TRX-2503-0035', '0', '559000', '559000', '0', '2025-03-10 21:13:00', 5, NULL, 1, NULL),
(36, 'TRX-2503-0036', '0', '315000', '315000', '0', '2025-03-10 21:20:00', 19, NULL, 1, NULL),
(37, 'TRX-2503-0037', '0', '135000', '135000', '0', '2025-03-10 21:31:00', 21, NULL, 1, NULL),
(38, 'TRX-2503-0038', '0', '397000', '397000', '0', '2025-03-05 12:51:00', 117, 'bu ani', 1, NULL),
(39, 'TRX-2503-0039', '0', '180000', '180000', '0', '2025-03-05 13:40:00', 56, NULL, 1, NULL),
(40, 'TRX-2503-0040', '0', '357000', '360000', '3000', '2025-03-11 13:48:00', 117, 'bu ani', 1, NULL),
(41, 'TRX-2503-0041', '0', '450000', '450000', '0', '2025-03-11 13:59:00', 42, NULL, 1, NULL),
(42, 'TRX-2503-0042', '0', '357000', '357000', '0', '2025-03-11 15:30:00', 117, NULL, 1, NULL),
(43, 'TRX-2503-0043', '0', '132000', '132000', '0', '2025-03-05 22:03:00', 117, 'mama ariq', 1, NULL),
(44, 'TRX-2503-0044', '0', '122000', '122000', '0', '2025-03-11 22:05:00', 21, NULL, 1, NULL),
(45, 'TRX-2503-0045', '0', '645000', '645000', '0', '2025-03-11 22:06:00', 117, 'mama intan', 1, NULL),
(46, 'TRX-2503-0046', '0', '74000', '74000', '0', '2025-03-11 22:08:00', 6, NULL, 1, NULL),
(47, 'TRX-2503-0047', '0', '671000', '671000', '0', '2025-03-06 22:10:00', 117, 'bu naning', 1, NULL),
(48, 'TRX-2503-0048', '0', '40000', '40000', '0', '2025-03-11 22:11:00', 117, 'mama ariq', 1, NULL),
(49, 'TRX-2503-0049', '0', '675000', '6750000', '6075000', '2025-03-11 22:13:00', 117, 'mas toni', 1, NULL),
(50, 'TRX-2503-0050', '0', '1333000', '1333000', '0', '2025-03-11 22:17:00', 36, NULL, 1, NULL),
(51, 'TRX-2503-0051', '0', '258000', '258000', '0', '2025-03-06 22:20:00', 117, 'bu naning', 1, NULL),
(52, 'TRX-2503-0052', '0', '578000', '578000', '0', '2025-03-11 22:23:00', 36, NULL, 1, NULL),
(53, 'TRX-2503-0053', '0', '450000', '450000', '0', '2025-03-07 22:24:00', 42, NULL, 1, NULL),
(54, 'TRX-2503-0054', '0', '1104000', '1104000', '0', '2025-03-11 22:31:00', 117, 'bu tuti', 1, NULL),
(55, 'TRX-2503-0055', '0', '437000', '437000', '0', '2025-03-08 22:34:00', 0, NULL, 1, NULL),
(56, 'TRX-2503-0056', '0', '915000', '915000', '0', '2025-03-08 22:35:00', 117, NULL, 1, 5),
(57, 'TRX-2503-0057', '0', '244000', '244000', '0', '2025-03-08 22:36:00', 28, NULL, 1, NULL),
(58, 'TRX-2503-0058', '0', '180000', '180000', '0', '2025-03-11 22:45:00', 56, NULL, 1, NULL),
(59, 'TRX-2503-0059', '0', '258000', '258000', '0', '2025-03-11 22:46:00', 36, NULL, 1, NULL),
(60, 'TRX-2503-0060', '0', '602000', '602000', '0', '2025-03-08 22:47:00', 0, NULL, 1, NULL),
(61, 'TRX-2503-0061', '0', '114000', '114000', '0', '2025-03-08 22:49:00', 117, 'mama ariq', 1, NULL),
(62, 'TRX-2503-0062', '0', '18000', '18000', '0', '2025-03-08 22:50:00', 105, NULL, 1, NULL),
(63, 'TRX-2503-0063', '0', '1552000', '1552000', '0', '2025-03-11 22:51:00', 23, NULL, 1, NULL),
(64, 'TRX-2503-0064', '0', '74000', '74000', '0', '2025-03-11 22:55:00', 6, NULL, 1, NULL),
(65, 'TRX-2503-0065', '0', '1480000', '1480000', '0', '2025-03-09 22:56:00', 117, 'ibu karyati', 1, NULL),
(66, 'TRX-2503-0066', '0', '114000', '114000', '0', '2025-03-10 22:57:00', 55, NULL, 1, NULL),
(67, 'TRX-2503-0067', '0', '1184000', '1184000', '0', '2025-03-11 22:59:00', 117, 'mama kanza', 1, NULL),
(68, 'TRX-2503-0068', '0', '90000', '90000', '0', '2025-03-11 23:04:00', 105, NULL, 1, NULL),
(69, 'TRX-2503-0069', '0', '270000', '270000', '0', '2025-03-11 23:05:00', 117, 'bu diyah', 1, NULL),
(70, 'TRX-2503-0070', '0', '172000', '200000', '28000', '2025-03-12 14:17:00', 5, NULL, 1, 5),
(71, 'TRX-2503-0071', '0', '58000', '58000', '0', '2025-03-12 14:22:00', 5, NULL, 1, 5),
(72, 'TRX-2503-0072', '0', '344000', '344000', '0', '2025-03-12 16:58:00', 36, NULL, 1, 5),
(75, 'TRX-2503-0075', '0', '135000', '135000', '0', '2025-03-12 18:30:00', 117, 'Bunda Raisa', 1, 5),
(76, 'TRX-2503-0076', '0', '225000', '225000', '0', '2025-03-12 20:36:00', 15, NULL, 1, 5),
(77, 'TRX-2503-0077', '0', '122000', '122000', '0', '2025-03-12 22:30:00', 117, 'Mas Ratno', 1, 3),
(78, 'TRX-2503-0078', '0', '122000', '122000', '0', '2025-03-12 22:31:00', 117, 'Mas Dede', 1, 3),
(80, 'TRX-2503-0079', '0', '430000', '430000', '0', '2025-03-13 14:18:00', 36, NULL, 1, 5),
(92, 'TRX-2503-0081', '0', '3450000', '3450000', '0', '2025-03-13 15:36:00', 117, 'Onnet', 1, 5),
(97, 'TRX-2503-0093', '0', '473000', '473000', '0', '2025-03-13 21:35:00', 117, NULL, 1, 3),
(100, 'TRX-2503-0098', '0', '180000', '180000', '0', '2025-03-13 22:15:00', 117, 'bu yani', 1, 5),
(101, 'TRX-2503-0101', '0', '510000', '510000', '0', '2025-03-18 19:09:57', 117, 'bu naning', 1, 5),
(102, 'TRX-2503-0102', '0', '450000', '450000', '0', '2025-03-14 13:18:00', 42, NULL, 1, 5),
(103, 'TRX-2503-0103', '0', '74000', '74000', '0', '2025-03-14 16:00:00', 117, 'mama fahri', 1, 5),
(104, 'TRX-2503-0104', '0', '430000', '430000', '0', '2025-03-14 16:53:00', 36, NULL, 1, 5),
(105, 'TRX-2503-0105', '0', '119000', '119000', '0', '2025-03-14 20:51:00', 35, NULL, 1, 5),
(106, 'TRX-2503-0106', '0', '731000', '731000', '0', '2025-03-14 20:53:00', 8, NULL, 1, 5),
(107, 'TRX-2503-0107', '0', '645000', '645000', '0', '2025-03-14 21:19:00', 90, NULL, 1, 5),
(108, 'TRX-2503-0108', '0', '180000', '200000', '20000', '2025-03-15 16:58:00', 16, NULL, 1, 5),
(109, 'TRX-2503-0109', '0', '135000', '135000', '0', '2025-03-15 20:35:00', 76, NULL, 1, 5),
(110, 'TRX-2503-0110', '0', '122000', '122000', '0', '2025-03-16 11:38:00', 49, NULL, 1, 5),
(111, 'TRX-2503-0111', '0', '1161000', '1161000', '0', '2025-03-16 12:11:00', 56, NULL, 1, 3),
(112, 'TRX-2503-0112', '0', '120000', '120000', '0', '2025-03-16 13:00:00', 23, NULL, 1, 3),
(113, 'TRX-2503-0113', '0', '430000', '430000', '0', '2025-03-20 21:10:17', 24, NULL, 1, 3),
(114, 'TRX-2503-0114', '0', '215000', '215000', '0', '2025-03-16 19:03:00', 56, NULL, 1, 5),
(115, 'TRX-2503-0115', '0', '357000', '357000', '0', '2025-03-16 23:22:00', 5, NULL, 1, 5),
(116, 'TRX-2503-0116', '0', '115000', '115000', '0', '2025-03-16 23:24:00', 117, 'majlis', 1, 5),
(117, 'TRX-2503-0117', '0', '180000', '180000', '0', '2025-03-16 23:26:00', 21, NULL, 1, 5),
(118, 'TRX-2503-0118', '0', '180000', '180000', '0', '2025-03-16 23:27:00', 80, NULL, 1, 5),
(119, 'TRX-2503-0119', '0', '645000', '645000', '0', '2025-03-18 19:10:11', 117, 'bu naning', 1, 5),
(120, 'TRX-2503-0120', '0', '648000', '650000', '2000', '2025-03-17 14:23:00', 63, NULL, 1, 5),
(121, 'TRX-2503-0121', '0', '90000', '100000', '10000', '2025-03-17 14:27:00', 117, 'mama fika', 1, 5),
(122, 'TRX-2503-0122', '0', '225000', '250000', '25000', '2025-03-17 16:17:00', 106, NULL, 1, 5),
(123, 'TRX-2503-0123', '0', '135000', '200000', '65000', '2025-03-17 17:14:00', 109, NULL, 1, 5),
(124, 'TRX-2503-0124', '0', '492000', '492000', '0', '2025-03-17 17:22:00', 117, 'pak khoir', 1, 5),
(125, 'TRX-2503-0125', '0', '135000', '135000', '0', '2025-03-17 19:20:00', 1, NULL, 1, 5),
(126, 'TRX-2503-0126', '0', '122000', '122000', '0', '2025-03-17 21:38:00', 1, NULL, 1, 3),
(127, 'TRX-2503-0127', '0', '516000', '516000', '0', '2025-03-17 21:44:00', 35, NULL, 1, 3),
(128, 'TRX-2503-0128', '0', '559000', '559000', '0', '2025-03-15 21:50:00', 17, NULL, 1, 3),
(129, 'TRX-2503-0129', '0', '86000', '86000', '0', '2025-03-17 22:01:00', 117, 'wali santri', 1, 3),
(130, 'TRX-2503-0130', '0', '18000', '18000', '0', '2025-03-17 22:29:00', 117, 'majelis', 1, 3),
(131, 'TRX-2503-0131', '0', '989000', '989000', '0', '2025-03-18 13:51:00', 26, NULL, 1, 5),
(132, 'TRX-2503-0132', '0', '315000', '315000', '0', '2025-03-18 14:52:00', 117, 'mbak shinta', 1, 5),
(133, 'TRX-2503-0133', '0', '301000', '301000', '0', '2025-03-18 16:56:00', 36, NULL, 1, 5),
(134, 'TRX-2503-0134', '0', '450000', '450000', '0', '2025-03-18 17:28:00', 117, 'pak soleh', 1, 5),
(135, 'TRX-2503-0135', '0', '172000', '172000', '0', '2025-03-18 18:52:00', 117, 'Abu Ardin', 1, 5),
(136, 'TRX-2503-0136', '0', '122000', '122000', '0', '2025-03-18 20:49:00', 86, NULL, 1, 5),
(137, 'TRX-2503-0137', '0', '244000', '244000', '0', '2025-03-18 21:13:00', 117, 'mama intan', 1, 5),
(138, 'TRX-2503-0138', '0', '180000', '180000', '0', '2025-03-18 21:34:00', 63, NULL, 1, 5),
(139, 'TRX-2503-0139', '0', '360000', '360000', '0', '2025-03-18 21:36:00', 55, NULL, 1, 5),
(140, 'TRX-2503-0140', '0', '598000', '598000', '0', '2025-03-18 21:38:00', 65, NULL, 1, 5),
(141, 'TRX-2503-0141', '0', '1204000', '1204000', '0', '2025-03-18 21:44:00', 41, NULL, 1, 5),
(142, 'TRX-2503-0142', '0', '215000', '215000', '0', '2025-03-19 09:43:00', 35, NULL, 1, 3),
(143, 'TRX-2503-0143', '0', '180000', '180000', '0', '2025-03-19 17:20:00', 77, NULL, 1, 5),
(144, 'TRX-2503-0144', '0', '418000', '418000', '0', '2025-03-19 11:58:00', 36, NULL, 1, 3),
(145, 'TRX-2503-0145', '0', '289000', '289000', '0', '2025-03-21 17:23:25', 26, NULL, 1, 3),
(146, 'TRX-2503-0146', '0', '602000', '602000', '0', '2025-03-19 12:01:00', 65, NULL, 1, 3),
(147, 'TRX-2503-0147', '0', '90000', '90000', '0', '2025-03-19 12:02:00', 117, 'UAS', 1, 3),
(148, 'TRX-2503-0148', '0', '45000', '45000', '0', '2025-03-20 12:05:00', 117, 'MAS RATNO', 1, 3),
(149, 'TRX-2503-0149', '0', '270000', '270000', '0', '2025-03-20 13:06:00', 42, NULL, 1, 5),
(150, 'TRX-2503-0150', '0', '129000', '150000', '21000', '2025-03-20 13:10:00', 56, NULL, 1, 5),
(151, 'TRX-2503-0151', '0', '473000', '473000', '0', '2025-03-20 17:10:00', 36, NULL, 1, 5),
(152, 'TRX-2503-0152', '0', '258000', '258000', '0', '2025-03-21 17:23:11', 117, 'Bu naning', 1, 5),
(153, 'TRX-2503-0153', '0', '453000', '453000', '0', '2025-03-20 21:05:00', 67, NULL, 1, 5),
(154, 'TRX-2503-0154', '0', '180000', '180000', '0', '2025-03-20 21:06:00', 117, 'ust edi', 1, 5),
(155, 'TRX-2503-0155', '0', '860000', '860000', '0', '2025-03-24 10:31:42', 24, NULL, 1, 5),
(156, 'TRX-2503-0156', '0', '135000', '135000', '0', '2025-03-20 21:32:00', 106, NULL, 1, 5),
(157, 'TRX-2503-0157', '0', '244000', '244000', '0', '2025-03-21 13:49:00', 117, 'bu ani', 1, 5),
(158, 'TRX-2503-0158', '0', '375000', '375000', '0', '2025-03-21 17:22:59', 26, NULL, 1, 5),
(159, 'TRX-2503-0159', '0', '122000', '152000', '30000', '2025-03-21 17:02:00', 76, NULL, 1, 5),
(160, 'TRX-2503-0160', '0', '180000', '200000', '20000', '2025-03-21 17:10:00', 117, 'mbak yuni', 1, 5),
(161, 'TRX-2503-0161', '0', '135000', '135000', '0', '2025-03-21 17:19:00', 117, 'bu karyati', 1, 5),
(162, 'TRX-2503-0162', '0', '225000', '225000', '0', '2025-03-21 20:42:00', 117, 'mas ikhlas', 1, 5),
(163, 'TRX-2503-0163', '0', '215000', '215000', '0', '2025-03-21 20:46:00', 65, NULL, 1, 5),
(164, 'TRX-2503-0164', '0', '225000', '225000', '0', '2025-03-21 20:49:00', 9, NULL, 1, 5),
(165, 'TRX-2503-0165', '0', '135000', '135000', '0', '2025-03-21 20:51:00', 19, NULL, 1, 5),
(166, 'TRX-2503-0166', '0', '90000', '90000', '0', '2025-03-21 21:21:00', 117, 'ust RUSDI', 1, 5),
(167, 'TRX-2503-0167', '0', '370000', '0', '0', '2025-04-09 22:43:37', 117, 'MAMA INTAN', 1, 5),
(168, 'TRX-2503-0168', '0', '45000', '50000', '5000', '2025-03-21 22:18:00', 117, 'MAMA BADAR', 1, 5),
(169, 'TRX-2503-0169', '0', '135000', '135000', '0', '2025-03-22 10:20:00', 46, NULL, 1, 5),
(170, 'TRX-2503-0170', '0', '225000', '225000', '0', '2025-03-22 11:01:00', 117, 'bu lia', 1, 5),
(171, 'TRX-2503-0171', '0', '551000', '551000', '0', '2025-03-22 13:23:00', 63, NULL, 1, 5),
(172, 'TRX-2503-0172', '0', '357000', '357000', '0', '2025-03-22 16:16:00', 117, 'mbak murni', 1, 5),
(173, 'TRX-2503-0173', '0', '135000', '135000', '0', '2025-03-22 17:13:00', 93, NULL, 1, 5),
(174, 'TRX-2503-0174', '0', '86000', '86000', '0', '2025-03-22 17:17:00', 117, 'bu tina', 1, 5),
(175, 'TRX-2503-0175', '0', '102000', '102000', '0', '2025-03-22 17:36:00', 5, NULL, 1, 5),
(176, 'TRX-2503-0176', '0', '299000', '299000', '0', '2025-03-22 22:17:00', 117, ' UST RUSLAN', 1, 5),
(177, 'TRX-2503-0177', '0', '180000', '180000', '0', '2025-03-22 23:15:00', 73, NULL, 1, 5),
(178, 'TRX-2503-0178', '0', '430000', '430000', '0', '2025-03-24 10:31:52', 24, NULL, 1, 5),
(179, 'TRX-2503-0179', '0', '450000', '450000', '0', '2025-03-22 23:59:00', 42, NULL, 1, 5),
(180, 'TRX-2503-0180', '0', '215000', '215000', '0', '2025-03-23 12:48:00', 56, NULL, 1, 5),
(181, 'TRX-2503-0181', '0', '90000', '90000', '0', '2025-03-23 14:45:00', 45, NULL, 1, 5),
(182, 'TRX-2503-0182', '0', '45000', '45000', '0', '2025-03-23 12:47:00', 45, NULL, 1, 3),
(183, 'TRX-2503-0183', '0', '180000', '200000', '20000', '2025-03-23 12:49:00', 117, 'IBU ERMAWAN', 1, 3),
(184, 'TRX-2503-0184', '0', '135000', '135000', '0', '2025-03-23 12:51:00', 117, 'U ADENG', 1, 3),
(185, 'TRX-2503-0185', '0', '135000', '135000', '0', '2025-03-23 12:52:00', 117, 'FAREL', 1, 3),
(186, 'TRX-2503-0186', '0', '860000', '860000', '0', '2025-03-23 12:54:00', 24, NULL, 1, 3),
(187, 'TRX-2503-0187', '0', '860000', '860000', '0', '2025-03-23 12:54:00', 117, 'MAMA ECA', 1, 3),
(188, 'TRX-2503-0188', '0', '450000', '450000', '0', '2025-03-23 12:56:00', 117, 'MAMA ELISYA', 1, 3),
(189, 'TRX-2503-0189', '0', '516000', '516000', '0', '2025-03-23 12:57:00', 117, 'UST RIZAL', 1, 3),
(190, 'TRX-2503-0190', '0', '148000', '148000', '0', '2025-04-09 22:34:44', 6, NULL, 1, 3),
(191, 'TRX-2503-0191', '0', '286000', '286000', '0', '2025-03-24 22:24:00', 117, 'MAMA DIVA', 1, 5),
(192, 'TRX-2503-0192', '0', '172000', '172000', '0', '2025-03-24 22:27:00', 56, NULL, 1, 3),
(193, 'TRX-2503-0193', '0', '45000', '45000', '0', '2025-03-24 22:28:00', 117, 'PAK SAMSURI', 1, 3),
(194, 'TRX-2503-0194', '0', '90000', '90000', '0', '2025-03-24 22:30:00', 117, 'USTD KHARIRI', 1, 3),
(195, 'TRX-2503-0195', '0', '45000', '45000', '0', '2025-03-24 22:31:00', 107, NULL, 1, 3),
(196, 'TRX-2503-0196', '0', '180000', '180000', '0', '2025-03-24 22:58:00', 86, NULL, 1, 3),
(197, 'TRX-2503-0197', '0', '722000', '0', '0', '2025-04-09 22:43:24', 117, 'BU NANING', 1, 3),
(198, 'TRX-2503-0198', '0', '296000', '296000', '0', '2025-03-24 23:01:00', 27, NULL, 1, 3),
(199, 'TRX-2503-0199', '0', '180000', '180000', '0', '2025-03-24 23:02:00', 96, NULL, 1, 3),
(200, 'TRX-2503-0200', '0', '946000', '946000', '0', '2025-03-24 23:03:00', 24, NULL, 1, 3),
(201, 'TRX-2503-0201', '0', '270000', '270000', '0', '2025-03-25 13:29:00', 117, 'raffi', 1, 5),
(202, 'TRX-2503-0202', '0', '603000', '603000', '0', '2025-03-26 13:47:15', 42, NULL, 1, 5),
(203, 'TRX-2503-0203', '0', '289000', '289000', '0', '2025-03-25 15:36:00', 117, 'bu farida', 1, 5),
(204, 'TRX-2503-0204', '0', '270000', '270000', '0', '2025-03-25 16:58:00', 117, 'mama azlan', 1, 5),
(205, 'TRX-2503-0205', '0', '180000', '180000', '0', '2025-03-25 17:14:00', 117, 'bu shafina', 1, 5),
(206, 'TRX-2503-0206', '0', '180000', '180000', '0', '2025-03-25 17:30:00', 117, 'mama ariq', 1, 5),
(207, 'TRX-2503-0207', '0', '602000', '602000', '0', '2025-03-25 17:43:00', 117, 'bu tuti', 1, 5),
(208, 'TRX-2503-0208', '0', '168000', '168000', '0', '2025-03-25 17:50:00', 117, 'bu tina', 1, 5),
(209, 'TRX-2503-0209', '0', '270000', '270000', '0', '2025-03-25 18:45:00', 117, 'mama okta', 1, 5),
(210, 'TRX-2503-0210', '0', '357000', '357000', '0', '2025-03-25 18:59:00', 117, 'bu ani', 1, 5),
(211, 'TRX-2503-0211', '0', '90000', '90000', '0', '2025-03-25 20:18:00', 117, 'mas rizal', 1, 5),
(212, 'TRX-2503-0212', '0', '129000', '129000', '0', '2025-03-25 20:28:00', 56, NULL, 1, 5),
(213, 'TRX-2503-0213', '0', '86000', '100000', '14000', '2025-03-25 20:32:00', 117, 'padeh joko', 1, 5),
(214, 'TRX-2503-0214', '0', '43000', '100000', '57000', '2025-03-25 20:37:00', 117, 'padeh joko', 1, 5),
(215, 'TRX-2503-0215', '0', '180000', '200000', '20000', '2025-03-25 20:40:00', 117, 'ibu elda', 1, 5),
(216, 'TRX-2503-0216', '0', '212000', '212000', '0', '2025-03-25 20:41:00', 106, NULL, 1, 5),
(217, 'TRX-2503-0217', '0', '855000', '855000', '0', '2025-03-25 22:08:00', 24, NULL, 1, 5),
(218, 'TRX-2503-0218', '0', '12733500', '12733500', '0', '2025-04-10 13:24:02', 117, 'ABK 23', 1, 3),
(219, 'TRX-2503-0219', '0', '180000', '180000', '0', '2025-03-26 13:48:00', 42, NULL, 1, 5),
(220, 'TRX-2503-0220', '0', '74000', '74000', '0', '2025-03-26 13:49:00', 42, NULL, 1, 5),
(221, 'TRX-2503-0221', '0', '2070000', '2070000', '0', '2025-03-26 14:07:00', 117, 'onnet', 1, 5),
(222, 'TRX-2503-0222', '0', '90000', '90000', '0', '2025-03-26 15:09:00', 117, 'mama uchi', 1, 5),
(223, 'TRX-2503-0223', '0', '90000', '100000', '10000', '2025-03-26 16:35:00', 35, NULL, 1, 5),
(224, 'TRX-2503-0224', '0', '180000', '180000', '0', '2025-03-26 16:54:00', 117, 'bu inul mardiah', 1, 5),
(225, 'TRX-2503-0225', '0', '258000', '258000', '0', '2025-03-26 17:23:00', 65, NULL, 1, 5),
(226, 'TRX-2503-0226', '0', '135000', '135000', '0', '2025-03-26 17:32:00', 106, NULL, 1, 5),
(227, 'TRX-2503-0227', '0', '262000', '262000', '0', '2025-03-26 18:56:00', 1, NULL, 1, 5),
(228, 'TRX-2503-0228', '0', '135000', '135000', '0', '2025-03-26 19:05:00', 6, NULL, 1, 5),
(229, 'TRX-2503-0229', '0', '122000', '0', '0', '2025-04-09 22:43:47', 117, 'bu naning', 1, 5),
(230, 'TRX-2503-0230', '0', '860000', '860000', '0', '2025-03-26 20:23:00', 41, NULL, 1, 5),
(231, 'TRX-2503-0231', '0', '244000', '244000', '0', '2025-03-26 20:28:00', 80, NULL, 1, 5),
(232, 'TRX-2503-0232', '0', '122000', '150000', '28000', '2025-03-26 20:45:00', 13, NULL, 1, 5),
(233, 'TRX-2503-0233', '0', '45000', '45000', '0', '2025-03-26 21:04:00', 106, NULL, 1, 5),
(234, 'TRX-2503-0234', '0', '3440000', '3440000', '0', '2025-03-26 22:53:00', 10, NULL, 1, 5),
(235, 'TRX-2503-0235', '0', '254000', '254000', '0', '2025-03-27 18:37:00', 79, NULL, 1, 5),
(236, 'TRX-2503-0236', '0', '645000', '645000', '0', '2025-03-27 18:39:00', 41, NULL, 1, 5),
(237, 'TRX-2503-0237', '0', '180000', '180000', '0', '2025-03-27 18:40:00', 117, 'bu nurul', 1, 5),
(238, 'TRX-2503-0238', '0', '476000', '476000', '0', '2025-03-27 18:41:00', 117, 'mama kanza', 1, 5),
(239, 'TRX-2503-0239', '0', '209000', '209000', '0', '2025-03-27 18:42:00', 117, 'mama sandi', 1, 5),
(240, 'TRX-2503-0240', '0', '180000', '180000', '0', '2025-03-27 18:42:00', 117, 'pak paidi', 1, 5),
(241, 'TRX-2503-0241', '0', '690000', '690000', '0', '2025-03-27 19:00:00', 117, 'IBU KAMPUNG BELAKANG', 1, 5),
(242, 'TRX-2503-0242', '0', '90000', '90000', '0', '2025-03-28 13:36:00', 117, 'RAHAYU', 1, 3),
(243, 'TRX-2504-0243', '0', '244000', '244000', '0', '2025-04-16 13:33:11', 27, NULL, 1, 3),
(244, 'TRX-2504-0244', '0', '41000', '41000', '0', '2025-04-10 20:16:00', 117, 'ibu APSOH', 1, 3),
(245, 'TRX-2504-0245', '0', '122000', '122000', '0', '2025-04-10 20:17:00', 117, 'BU NANI', 1, 3),
(246, 'TRX-2504-0246', '0', '270000', '270000', '0', '2025-04-10 20:31:00', 117, 'pak khoir', 1, 5),
(247, 'TRX-2504-0247', '0', '90000', '90000', '0', '2025-04-10 20:32:00', 117, 'mas rusdi', 1, 5),
(248, 'TRX-2504-0248', '0', '476000', '476000', '0', '2025-04-10 20:34:00', 117, 'bu ani', 1, 5),
(249, 'TRX-2504-0249', '0', '560000', '560000', '0', '2025-04-10 20:38:00', 117, 'mas ridwan', 1, 5),
(250, 'TRX-2504-0250', '0', '225000', '225000', '0', '2025-04-10 20:39:00', 117, 'fatimah', 1, 5),
(251, 'TRX-2504-0251', '0', '270000', '270000', '0', '2025-04-10 20:40:00', 117, 'bu fitroh', 1, 5),
(252, 'TRX-2504-0252', '0', '135000', '135000', '0', '2025-04-10 20:41:00', 117, 'bu nani', 1, 5),
(253, 'TRX-2504-0253', '0', '180000', '180000', '0', '2025-04-10 20:41:00', 117, 'mas ridwan', 1, 5),
(254, 'TRX-2504-0254', '0', '180000', '180000', '0', '2025-04-10 20:43:00', 117, 'istri a rano', 1, 5),
(255, 'TRX-2504-0255', '0', '172000', '172000', '0', '2025-04-10 22:01:00', 117, 'BU NANING', 1, 3),
(256, 'TRX-2504-0256', '0', '357000', '357000', '0', '2025-04-11 15:50:00', 117, 'bu ani', 1, 5),
(257, 'TRX-2504-0257', '0', '74000', '74000', '0', '2025-04-11 20:08:00', 13, NULL, 1, 3),
(258, 'TRX-2504-0258', '0', '296000', '296000', '0', '2025-04-12 12:55:00', 117, 'mba murni', 1, 5),
(259, 'TRX-2504-0259', '0', '603000', '603000', '0', '2025-04-16 13:33:20', 117, 'bu naning', 1, 5),
(260, 'TRX-2504-0260', '0', '289000', '289000', '0', '2025-04-12 22:14:00', 17, NULL, 1, 3),
(261, 'TRX-2504-0261', '0', '135000', '135000', '0', '2025-04-12 14:14:00', 103, NULL, 1, 3),
(262, 'TRX-2504-0262', '0', '1314000', '1314000', '0', '2025-04-12 14:18:00', 117, 'BU NANING', 1, 3),
(263, 'TRX-2504-0263', '0', '122000', '122000', '0', '2025-04-14 15:46:00', 117, 'mbak iis', 1, 5),
(264, 'TRX-2504-0264', '0', '82000', '82000', '0', '2025-04-16 13:33:27', 117, 'bu naning', 1, 5),
(265, 'TRX-2504-0265', '0', '122000', '122000', '0', '2025-04-16 13:33:38', 117, 'bu naning', 1, 5),
(266, 'TRX-2504-0266', '0', '74000', '74000', '0', '2025-04-17 10:06:00', 6, NULL, 1, 3),
(267, 'TRX-2504-0267', '0', '246000', '246000', '0', '2025-04-19 20:56:46', 75, NULL, 1, 3),
(268, 'TRX-2504-0268', '0', '74000', '100000', '26000', '2025-04-19 20:48:00', 13, NULL, 1, 5),
(269, 'TRX-2504-0269', '0', '357000', '360000', '3000', '2025-04-19 20:49:00', 117, 'ricky', 1, 5),
(270, 'TRX-2504-0270', '0', '690000', '690000', '0', '2025-04-24 10:21:02', 117, 'bu naning', 1, 5),
(271, 'TRX-2504-0271', '0', '74000', '74000', '0', '2025-04-15 23:12:00', 21, NULL, 1, 3),
(272, 'TRX-2504-0272', '0', '74000', '74000', '0', '2025-04-20 23:13:00', 117, 'majelis', 1, 3),
(273, 'TRX-2504-0273', '0', '122000', '122000', '0', '2025-04-22 10:23:00', 29, NULL, 1, 3),
(274, 'TRX-2504-0274', '0', '30000', '30000', '0', '2025-04-24 10:25:00', 117, 'MAJELIS', 1, 3),
(275, 'TRX-2504-0275', '0', '122000', '122000', '0', '2025-05-14 20:21:12', 117, 'BU NANING', 1, 3),
(276, 'TRX-2504-0276', '0', '10401250', '10401250', '0', '2025-04-30 11:35:33', 117, 'ABK', 1, 3),
(277, 'TRX-2504-0277', '0', '119000', '119000', '0', '2025-04-24 20:03:00', 117, 'IBU JAMAAH', 1, 3),
(278, 'TRX-2504-0278', '0', '348000', '348000', '0', '2025-04-25 20:09:00', 13, NULL, 1, 3),
(279, 'TRX-2504-0279', '0', '580000', '580000', '0', '2025-04-25 20:10:00', 117, 'BU NANING', 1, 3),
(280, 'TRX-2504-0280', '0', '72000', '72000', '0', '2025-04-27 20:11:00', 117, ' MAJELIS', 1, 3),
(281, 'TRX-2504-0281', '0', '119000', '119000', '0', '2025-04-28 06:26:44', 91, NULL, 1, 3),
(282, 'TRX-2504-0282', '0', '144000', '144000', '0', '2025-04-27 20:14:00', 87, NULL, 1, 3),
(283, 'TRX-2504-0283', '0', '72000', '72000', '0', '2025-04-29 21:37:42', 6, NULL, 1, 3),
(284, 'TRX-2504-0284', '0', '348000', '348000', '0', '2025-04-28 23:21:00', 117, 'RIZKI', 1, 3),
(285, 'TRX-2504-0285', '0', '270000', '270000', '0', '2025-04-28 23:27:00', 42, NULL, 1, 3),
(286, 'TRX-2504-0286', '0', '119000', '119000', '0', '2025-04-29 18:48:00', 117, 'bu ani', 1, 5),
(287, 'TRX-2504-0287', '0', '360000', '360000', '0', '2025-04-29 18:49:00', 117, 'rizky', 1, 5),
(288, 'TRX-2504-0288', '0', '119000', '119000', '0', '2025-04-29 21:40:00', 117, 'bu ani', 1, 5),
(289, 'TRX-2504-0289', '0', '119000', '119000', '0', '2025-04-28 21:41:00', 117, 'jamaah', 1, 5),
(290, 'TRX-2504-0290', '0', '137000', '137000', '0', '2025-04-30 15:35:00', 117, 'bu ani', 1, 5),
(291, 'TRX-2504-0291', '0', '378000', '378000', '0', '2025-04-30 16:14:00', 42, NULL, 1, 5),
(292, 'TRX-2504-0292', '0', '348000', '348000', '0', '2025-04-30 19:12:00', 117, 'ricky', 1, 5),
(293, 'TRX-2504-0293', '0', '119000', '119000', '0', '2025-04-30 20:24:00', 106, NULL, 1, 5),
(294, 'TRX-2504-0294', '0', '72000', '72000', '0', '2025-04-30 20:37:00', 95, NULL, 1, 3),
(295, 'TRX-2504-0295', '0', '72000', '72000', '0', '2025-04-30 21:31:00', 15, NULL, 1, 3),
(296, 'TRX-2504-0296', '0', '119000', '119000', '0', '2025-04-30 21:42:00', 43, NULL, 1, 3),
(297, 'TRX-2504-0297', '0', '41000', '41000', '0', '2025-04-30 21:43:00', 13, NULL, 1, 3),
(298, 'TRX-2504-0298', '0', '274000', '274000', '0', '2025-04-30 22:44:00', 117, 'jual ke jamaah', 1, 5),
(299, 'TRX-2505-0299', '0', '27250', '27250', '0', '2025-05-01 22:43:00', 117, 'Majelis', 1, 3),
(300, 'TRX-2505-0300', '0', '119000', '119000', '0', '2025-05-01 11:23:00', 117, 'ibu hapsoh', 1, 5),
(301, 'TRX-2505-0301', '0', '105000', '105000', '0', '2025-05-02 17:35:00', 27, NULL, 1, 5),
(302, 'TRX-2505-0302', '0', '160000', '160000', '0', '2025-05-03 14:14:00', 117, 'pak soleh', 1, 5),
(303, 'TRX-2505-0303', '0', '119000', '119000', '0', '2025-05-03 19:10:00', 117, 'bu ani', 1, 5),
(304, 'TRX-2505-0304', '0', '119000', '119000', '0', '2025-05-03 19:15:00', 35, NULL, 1, 5),
(305, 'TRX-2505-0305', '0', '72000', '72000', '0', '2025-05-04 13:43:00', 117, 'majelis', 1, 5),
(306, 'TRX-2505-0306', '0', '72000', '72000', '0', '2025-05-05 15:39:00', 13, NULL, 1, 5),
(307, 'TRX-2505-0307', '0', '348000', '348000', '0', '2025-05-05 15:40:00', 117, 'mba murni', 1, 5),
(308, 'TRX-2505-0308', '0', '119000', '119000', '0', '2025-05-05 15:40:00', 117, 'bu ismasito', 1, 5),
(309, 'TRX-2505-0308', '0', '119000', '119000', '0', '2025-05-05 15:40:00', 117, 'bu ismasito', 1, 5),
(310, 'TRX-2505-0310', '0', '119000', '119000', '0', '2025-05-05 15:43:00', 117, 'bu ani', 1, 5),
(311, 'TRX-2505-0311', '0', '348000', '348000', '0', '2025-05-05 20:04:00', 117, 'mama naura', 1, 5),
(312, 'TRX-2505-0312', '0', '72000', '72000', '0', '2025-05-05 20:16:00', 13, NULL, 1, 5),
(313, 'TRX-2505-0313', '0', '161000', '161000', '0', '2025-05-05 20:57:00', 117, 'majelis', 1, 5),
(314, 'TRX-2505-0314', '0', '1380000', '1380000', '0', '2025-03-27 14:00:00', 5, NULL, 1, 3),
(315, 'TRX-2505-0315', '0', '90000', '100000', '10000', '2025-05-06 16:12:00', 16, NULL, 1, 5),
(316, 'TRX-2505-0316', '0', '72000', '72000', '0', '2025-05-06 16:53:00', 117, 'ibu yani', 1, 5),
(317, 'TRX-2505-0317', '0', '696000', '696000', '0', '2025-05-06 17:25:00', 117, 'mba murni', 1, 5),
(318, 'TRX-2505-0318', '0', '119000', '119000', '0', '2025-05-06 20:38:00', 117, 'ibu siti saniati', 1, 5),
(319, 'TRX-2505-0319', '0', '119000', '119000', '0', '2025-05-07 15:45:00', 117, 'bu ani', 1, 5),
(320, 'TRX-2505-0320', '0', '348000', '348000', '0', '2025-05-07 20:09:00', 35, NULL, 1, 5),
(321, 'TRX-2505-0321', '0', '72000', '72000', '0', '2025-05-07 23:40:00', 6, NULL, 1, 5),
(322, 'TRX-2505-0322', '0', '119000', '119000', '0', '2025-05-08 20:08:00', 19, NULL, 1, 5),
(323, 'TRX-2505-0323', '0', '348000', '348000', '0', '2025-05-19 20:37:18', 9, NULL, 1, 3),
(324, 'TRX-2505-0324', '0', '72000', '72000', '0', '2025-05-19 20:36:50', 6, NULL, 1, 3),
(325, 'TRX-2505-0325', '0', '360000', '360000', '0', '2025-05-09 13:15:00', 42, NULL, 1, 5),
(326, 'TRX-2505-0326', '0', '119000', '119000', '0', '2025-05-09 15:46:00', 117, 'bu ani', 1, 5),
(327, 'TRX-2505-0327', '0', '113000', '150000', '37000', '2025-05-13 15:36:00', 13, NULL, 1, 5),
(328, 'TRX-2505-0328', '0', '119000', '150000', '31000', '2025-05-13 15:46:00', 117, 'bu ani', 1, 5),
(329, 'TRX-2505-0329', '0', '41000', '50000', '9000', '2025-05-13 20:12:00', 117, 'mas ikhlas', 1, 5),
(330, 'TRX-2505-0330', '0', '6250', '7000', '750', '2025-05-13 20:15:00', 13, NULL, 1, 5),
(331, 'TRX-2505-0331', '0', '464000', '464000', '0', '2025-05-14 21:46:50', 24, NULL, 1, 5),
(332, 'TRX-2505-0332', '0', '119000', '120000', '1000', '2025-05-14 15:43:00', 117, 'ibu ani', 1, 5),
(333, 'TRX-2505-0333', '0', '41000', '41000', '0', '2025-05-14 20:11:00', 75, NULL, 1, 5),
(334, 'TRX-2505-0334', '0', '348000', '348000', '0', '2025-05-16 13:28:26', 117, 'bu naning', 1, 5),
(335, 'TRX-2505-0335', '0', '72000', '72000', '0', '2025-06-11 22:12:48', 117, 'maqjelis', 1, 5),
(336, 'TRX-2505-0336', '0', '119000', '119000', '0', '2025-05-14 21:43:00', 80, NULL, 1, 5),
(337, 'TRX-2505-0337', '0', '474000', '474000', '0', '2025-05-16 13:22:00', 117, 'jamaah', 1, 5),
(338, 'TRX-2505-0338', '0', '84000', '84000', '0', '2025-06-11 22:13:08', 117, 'jamaah', 1, 5),
(339, 'TRX-2505-0339', '0', '141000', '141000', '0', '2025-05-22 20:30:46', 27, NULL, 1, 5),
(340, 'TRX-2505-0340', '0', '74000', '74000', '0', '2025-05-20 20:37:00', 13, NULL, 1, 5),
(341, 'TRX-2505-0341', '0', '122000', '122000', '0', '2025-05-21 20:39:00', 117, 'mbak dyah', 1, 5),
(343, 'TRX-2505-0343', '0', '18000', '18000', '0', '2025-05-22 20:31:00', 16, NULL, 1, 5),
(344, 'TRX-2505-0344', '0', '74000', '74000', '0', '2025-05-22 20:32:00', 86, NULL, 1, 5),
(345, 'TRX-2505-0345', '0', '690000', '690000', '0', '2025-05-22 21:11:00', 27, NULL, 1, 5),
(346, 'TRX-2505-0346', '0', '122000', '122000', '0', '2025-05-17 21:12:00', 86, NULL, 1, 5),
(347, 'TRX-2505-0347', '0', '196000', '196000', '0', '2025-05-23 21:13:00', 117, 'bu ani', 1, 5),
(348, 'TRX-2505-0348', '0', '54000', '54000', '0', '2025-05-23 21:13:00', 117, 'wali santri', 1, 5),
(349, 'TRX-2505-0349', '0', '18000', '18000', '0', '2025-05-23 21:14:00', 117, 'wali santri', 1, 5),
(350, 'TRX-2505-0350', '0', '148000', '148000', '0', '2025-05-23 21:15:00', 87, NULL, 1, 5),
(351, 'TRX-2505-0351', '0', '92000', '92000', '0', '2025-05-26 20:13:00', 13, NULL, 1, 5),
(352, 'TRX-2505-0352', '0', '40000', '40000', '0', '2025-05-26 21:01:00', 117, 'wali santri', 1, 5),
(353, 'TRX-2505-0353', '0', '360000', '360000', '0', '2025-05-25 15:02:00', 42, NULL, 1, 5),
(354, 'TRX-2505-0354', '0', '122000', '122000', '0', '2025-05-27 15:03:00', 117, 'bu ani', 1, 5),
(356, 'TRX-2505-0356', '0', '122000', '122000', '0', '2025-05-27 15:04:00', 117, 'pa khoir', 1, 5),
(357, 'TRX-2505-0356', '0', '122000', '122000', '0', '2025-05-27 15:04:00', 117, 'pa khoir', 1, 5),
(358, 'TRX-2505-0358', '0', '74000', '74000', '0', '2025-05-27 15:05:00', 6, NULL, 1, 5),
(359, 'TRX-2505-0359', '0', '10397500', '10397500', '0', '2025-05-28 15:25:00', 117, 'ABK', 1, 5),
(360, 'TRX-2505-0360', '0', '122000', '122000', '0', '2025-05-28 15:41:00', 117, 'bu ani', 1, 5),
(361, 'TRX-2505-0361', '0', '115000000', '115000000', '0', '2025-03-01 12:50:00', 117, 'Modal Awal', 1, 6),
(362, 'TRX-2505-0362', '0', '240000', '240000', '0', '2025-05-29 15:50:00', 75, NULL, 1, 5),
(363, 'TRX-2506-0363', '0', '74000', '74000', '0', '2025-06-02 10:12:00', 75, NULL, 1, 5),
(364, 'TRX-2506-0364', '0', '288000', '288000', '0', '2025-06-04 23:27:45', 42, NULL, 1, 5),
(365, 'TRX-2506-0365', '0', '153000', '153000', '0', '2025-06-02 20:48:00', 37, NULL, 1, 3),
(366, 'TRX-2506-0366', '0', '14600000', '14600000', '0', '2025-06-03 00:01:00', 36, NULL, 1, 3),
(367, 'TRX-2506-0367', '0', '122000', '122000', '0', '2025-06-03 00:04:00', 117, 'BU DIAH JAMAAH', 1, 3),
(368, 'TRX-2506-0368', '0', '148000', '148000', '0', '2025-06-02 00:06:00', 117, 'IBU JAMAAH MALAM SELASA', 1, 3),
(369, 'TRX-2506-0369', '0', '21000', '21000', '0', '2025-06-02 00:08:00', 75, NULL, 1, 3),
(370, 'TRX-2506-0370', '0', '42000', '42000', '0', '2025-06-05 20:39:28', 6, NULL, 1, 3),
(371, 'TRX-2506-0371', '0', '122000', '122000', '0', '2025-06-02 13:16:00', 117, 'bu ani', 1, 5),
(372, 'TRX-2506-0372', '0', '122000', '122000', '0', '2025-06-03 13:18:00', 117, 'wali santri', 1, 5),
(373, 'TRX-2506-0373', '0', '92000', '92000', '0', '2025-06-02 13:18:00', 16, NULL, 1, 5),
(374, 'TRX-2506-0374', '0', '122000', '122000', '0', '2025-06-02 13:20:00', 117, 'mama aira', 1, 5),
(375, 'TRX-2506-0375', '0', '74000', '74000', '0', '2025-06-02 13:20:00', 13, NULL, 1, 5),
(376, 'TRX-2506-0376', '0', '198000', '198000', '0', '2025-05-31 14:24:00', 42, NULL, 1, 5),
(377, 'TRX-2506-0377', '0', '154000', '154000', '0', '2025-06-03 14:48:00', 117, 'shopee', 1, 5),
(378, 'TRX-2506-0378', '0', '244000', '244000', '0', '2025-06-03 19:27:00', 111, NULL, 1, 5),
(379, 'TRX-2506-0379', '0', '80000', '80000', '0', '2025-06-03 19:27:00', 17, NULL, 1, 5),
(380, 'TRX-2506-0380', '0', '74000', '74000', '0', '2025-06-03 20:59:00', 117, 'wali santri', 1, 5),
(381, 'TRX-2506-0381', '0', '122000', '122000', '0', '2025-06-04 13:39:00', 80, NULL, 1, 3),
(382, 'TRX-2506-0382', '0', '148000', '148000', '0', '2025-06-04 21:17:00', 106, NULL, 1, 3),
(383, 'TRX-2506-0383', '0', '122000', '122000', '0', '2025-06-04 21:17:00', 21, NULL, 1, 3),
(384, 'TRX-2506-0384', '0', '122000', '122000', '0', '2025-06-04 21:18:00', 80, NULL, 1, 3),
(385, 'TRX-2506-0385', '0', '222000', '222000', '0', '2025-06-03 21:19:00', 36, NULL, 1, 3),
(386, 'TRX-2506-0386', '0', '74000', '74000', '0', '2025-06-03 21:20:00', 4, NULL, 1, 3),
(387, 'TRX-2506-0387', '0', '360000', '360000', '0', '2025-06-04 23:30:00', 42, NULL, 1, 3),
(388, 'TRX-2506-0388', '0', '122000', '122000', '0', '2025-06-05 20:38:00', 117, 'mama ariq', 1, 5),
(389, 'TRX-2506-0389', '0', '18000', '18000', '0', '2025-06-05 21:06:00', 17, NULL, 1, 5),
(390, 'TRX-2506-0390', '0', '36000', '50000', '14000', '2025-06-10 20:13:00', 5, NULL, 1, 5),
(391, 'TRX-2506-0391', '0', '114000', '115000', '1000', '2025-06-10 20:15:00', 13, NULL, 1, 5),
(392, 'TRX-2506-0392', '0', '690000', '690000', '0', '2025-06-11 13:27:00', 117, 'onnet', 1, 5),
(393, 'TRX-2506-0393', '0', '165000', '165000', '0', '2025-06-06 13:50:00', 76, NULL, 1, 5),
(394, 'TRX-2506-0394', '0', '122000', '122000', '0', '2025-06-06 13:51:00', 117, 'pak khoir', 1, 5),
(395, 'TRX-2506-0395', '0', '18000', '18000', '0', '2025-06-06 13:52:00', 117, 'bu siti', 1, 5),
(396, 'TRX-2506-0396', '0', '122000', '122000', '0', '2025-06-11 15:48:00', 63, NULL, 1, 5),
(397, 'TRX-2506-0397', '0', '1380000', '1380000', '0', '2025-06-12 15:46:00', 22, NULL, 1, 5),
(398, 'TRX-2506-0398', '0', '122000', '122000', '0', '2025-06-12 15:48:00', 117, 'bu ani', 1, 5),
(399, 'TRX-2506-0399', '0', '176000', '176000', '0', '2025-06-12 15:49:00', 16, NULL, 1, 5),
(400, 'TRX-2506-0400', '0', '365000', '365000', '0', '2025-06-12 19:20:00', 117, 'mama intan', 1, 5),
(401, 'TRX-2506-0401', '0', '122000', '122000', '0', '2025-06-13 21:45:57', 117, 'majelis', 1, 5),
(402, 'TRX-2506-0402', '0', '74000', '74000', '0', '2025-06-13 20:09:00', 6, NULL, 1, 5),
(403, 'TRX-2506-0403', '0', '36000', '36000', '0', '2025-06-13 20:06:00', 117, 'mas edy', 1, 5),
(404, 'TRX-2506-0404', '0', '1380000', '1380000', '0', '2025-06-16 15:24:00', 22, NULL, 1, 5),
(405, 'TRX-2506-0405', '0', '360000', '360000', '0', '2025-06-16 15:25:00', 42, NULL, 1, 5),
(406, 'TRX-2506-0406', '0', '74000', '74000', '0', '2025-06-15 16:58:00', 86, NULL, 1, 5),
(407, 'TRX-2506-0407', '0', '36000', '36000', '0', '2025-06-15 18:59:00', 117, 'mas edy', 1, 5),
(408, 'TRX-2506-0408', '0', '74000', '100000', '26000', '2025-06-16 19:10:00', 86, NULL, 1, 5),
(409, 'TRX-2506-0409', '0', '97000', '97000', '0', '2025-06-16 19:29:00', 117, 'bu naning', 1, 5),
(410, 'TRX-2506-0410', '0', '148000', '148000', '0', '2025-06-16 20:09:00', 87, NULL, 1, 5),
(411, 'TRX-2506-0411', '0', '122000', '122000', '0', '2025-06-16 20:17:00', 117, 'mama alya', 1, 5),
(412, 'TRX-2506-0412', '0', '484000', '0', '0', '2025-06-30 20:59:08', 27, NULL, 1, 3),
(413, 'TRX-2506-0413', '0', '836000', '836000', '0', '2025-06-18 11:19:00', 103, NULL, 1, 5),
(415, 'TRX-2506-0415', '0', '205000', '205000', '0', '2025-06-18 15:13:00', 103, NULL, 1, 5),
(416, 'TRX-2506-0416', '0', '122000', '0', '0', '2025-06-23 10:30:07', 15, NULL, 1, 5),
(417, 'TRX-2506-0417', '0', '695000', '695000', '0', '2025-06-18 20:52:00', 117, 'IBU KAMPUNG BELAKANG', 1, 5),
(418, 'TRX-2506-0418', '0', '122000', '122000', '0', '2025-06-18 20:54:00', 79, NULL, 1, 5),
(419, 'TRX-2506-0419', '0', '42000', '42000', '0', '2025-07-10 14:00:17', 117, 'majelis', 1, 5),
(420, 'TRX-2506-0420', '0', '405000', '405000', '0', '2025-06-19 14:16:00', 103, NULL, 1, 3),
(421, 'TRX-2506-0421', '0', '357000', '357000', '0', '2025-06-20 18:40:00', 117, 'bu naning', 1, 5),
(422, 'TRX-2506-0422', '0', '126000', '126000', '0', '2025-06-22 11:38:48', 13, NULL, 1, 5),
(423, 'TRX-2506-0423', '0', '122000', '122000', '0', '2025-06-22 11:38:02', 4, NULL, 1, 5),
(424, 'TRX-2506-0424', '0', '173000', '173000', '0', '2025-06-22 10:24:00', 76, NULL, 1, 5),
(425, 'TRX-2506-0425', '0', '74000', '74000', '0', '2025-06-22 10:27:00', 117, 'bu sairoh', 1, 5),
(426, 'TRX-2506-0426', '0', '74000', '74000', '0', '2025-06-22 10:30:00', 85, NULL, 1, 5),
(427, 'TRX-2506-0427', '0', '243000', '243000', '0', '2025-06-22 10:36:00', 13, NULL, 1, 5),
(428, 'TRX-2506-0428', '0', '122000', '122000', '0', '2025-06-22 10:40:00', 117, 'mba iis', 1, 5),
(429, 'TRX-2506-0429', '0', '2780000', '2780000', '0', '2025-06-22 11:15:00', 56, NULL, 1, 5),
(430, 'TRX-2506-0430', '0', '10437500', '0', '0', '2025-06-23 10:30:39', 117, ' ABK', 1, 3),
(431, 'TRX-2506-0431', '0', '695000', '695000', '0', '2025-06-22 14:38:00', 27, NULL, 1, 5),
(432, 'TRX-2506-0432', '0', '21000', '21000', '0', '2025-07-10 14:00:26', 117, 'majelis', 1, 5),
(433, 'TRX-2506-0433', '0', '18000', '18000', '0', '2025-06-22 17:31:00', 117, 'khariri', 1, 5),
(434, 'TRX-2506-0434', '0', '360000', '360000', '0', '2025-06-25 20:07:43', 42, NULL, 1, 5),
(435, 'TRX-2506-0435', '0', '122000', '122000', '0', '2025-06-23 14:46:00', 117, 'ibu ivan', 1, 5),
(436, 'TRX-2506-0436', '0', '3475000', '3475000', '0', '2025-06-24 15:29:00', 22, NULL, 1, 5),
(437, 'TRX-2506-0437', '0', '415000', '415000', '0', '2025-06-25 19:26:00', 103, NULL, 1, 5),
(438, 'TRX-2506-0438', '0', '148000', '150000', '2000', '2025-06-25 20:05:00', 106, NULL, 1, 5),
(439, 'TRX-2506-0439', '0', '180000', '180000', '0', '2025-06-25 20:07:00', 42, NULL, 1, 5),
(440, 'TRX-2506-0440', '0', '122000', '122000', '0', '2025-06-25 20:16:00', 49, NULL, 1, 5),
(441, 'TRX-2506-0441', '0', '74000', '74000', '0', '2025-06-25 20:36:00', 95, NULL, 1, 5),
(442, 'TRX-2506-0442', '0', '21000', '21000', '0', '2025-06-25 20:38:00', 15, NULL, 1, 5),
(443, 'TRX-2506-0443', '0', '74000', '74000', '0', '2025-06-25 20:47:00', 6, NULL, 1, 5),
(444, 'TRX-2506-0444', '0', '140000', '140000', '0', '2025-06-25 22:49:00', 37, NULL, 1, 5),
(445, 'TRX-2506-0445', '0', '18000', '18000', '0', '2025-07-10 14:00:38', 117, 'majelis', 1, 5),
(447, 'TRX-2506-0447', '0', '695000', '695000', '0', '2025-06-26 13:39:00', 117, 'bu sumirah', 1, 5),
(448, 'TRX-2506-0448', '0', '7000', '7000', '0', '2025-07-10 14:00:48', 117, 'majelis', 1, 5),
(449, 'TRX-2506-0449', '0', '55000', '55000', '0', '2025-06-24 17:00:00', 117, 'mas edy', 1, 5),
(450, 'TRX-2506-0450', '0', '415000', '415000', '0', '2025-06-30 20:59:37', 103, NULL, 1, 5),
(451, 'TRX-2506-0451', '0', '74000', '74000', '0', '2025-06-26 19:20:00', 16, NULL, 1, 5),
(452, 'TRX-2506-0452', '0', '74000', '100000', '26000', '2025-06-26 19:23:00', 117, 'mama kanza', 1, 5),
(453, 'TRX-2506-0453', '0', '122000', '122000', '0', '2025-06-26 20:04:00', 117, 'mama ariq', 1, 5),
(454, 'TRX-2506-0454', '0', '122000', '122000', '0', '2025-06-26 20:11:00', 117, 'mas ikhlas', 1, 5),
(455, 'TRX-2506-0455', '0', '650000', '650000', '0', '2025-06-29 10:41:00', 8, NULL, 1, 5),
(456, 'TRX-2506-0456', '0', '18000', '18000', '0', '2025-06-29 17:44:00', 16, NULL, 1, 5),
(457, 'TRX-2506-0457', '0', '196000', '196000', '0', '2025-06-30 20:18:00', 86, NULL, 1, 5),
(458, 'TRX-2506-0458', '0', '36000', '36000', '0', '2025-06-21 22:13:00', 117, 'UST EDI', 1, 3),
(459, 'TRX-2506-0459', '0', '36000', '36000', '0', '2025-06-22 22:14:00', 117, 'UST EDI', 1, 3),
(460, 'TRX-2506-0460', '0', '74000', '74000', '0', '2025-06-30 23:33:00', 117, 'UST AJI', 1, 3),
(461, 'TRX-2506-0461', '0', '74000', '74000', '0', '2025-06-30 23:38:00', 21, NULL, 1, 5),
(462, 'TRX-2507-0462', '0', '122000', '122000', '0', '2025-07-01 15:37:00', 117, 'bu ani', 1, 5),
(463, 'TRX-2507-0463', '0', '55000', '55000', '0', '2025-07-01 19:01:00', 117, 'ustad edy', 1, 5),
(464, 'TRX-2507-0464', '0', '160000', '160000', '0', '2025-07-01 19:13:00', 17, NULL, 1, 5),
(465, 'TRX-2507-0465', '0', '92000', '92000', '0', '2025-07-01 21:17:00', 5, NULL, 1, 5),
(466, 'TRX-2507-0466', '0', '357000', '357000', '0', '2025-07-01 21:23:00', 111, NULL, 1, 5),
(467, 'TRX-2507-0467', '0', '35000', '35000', '0', '2025-07-01 21:26:00', 111, NULL, 1, 5),
(468, 'TRX-2507-0468', '0', '695000', '695000', '0', '2025-07-02 13:18:00', 4, NULL, 1, 5),
(469, 'TRX-2507-0469', '0', '700000', '700000', '0', '2025-07-02 15:45:00', 117, 'bu sumirah', 1, 5),
(470, 'TRX-2507-0470', '0', '137000', '200000', '63000', '2025-07-02 17:22:00', 117, 'mama ariq', 1, 5),
(471, 'TRX-2507-0471', '0', '21000', '21000', '0', '2025-07-10 14:00:58', 117, 'majelis', 1, 5),
(472, 'TRX-2507-0472', '0', '65000', '70000', '5000', '2025-07-02 21:25:36', 117, 'ustade edy', 1, 5),
(473, 'TRX-2507-0473', '0', '405000', '405000', '0', '2025-06-21 12:44:00', 103, NULL, 1, 3),
(474, 'TRX-2507-0474', '0', '415000', '415000', '0', '2025-07-03 15:34:05', 103, NULL, 1, 5),
(475, 'TRX-2507-0475', '0', '83000', '100000', '17000', '2025-07-03 14:44:00', 117, 'mama ariq', 1, 5),
(476, 'TRX-2507-0476', '0', '415000', '415000', '0', '2025-06-27 15:04:00', 103, NULL, 1, 3),
(477, 'TRX-2507-0477', '0', '415000', '415000', '0', '2025-06-26 15:11:00', 103, NULL, 1, 3),
(478, 'TRX-2507-0478', '0', '840000', '840000', '0', '2025-06-28 15:15:00', 103, NULL, 1, 3),
(479, 'TRX-2507-0476', '0', '92000', '100000', '8000', '2025-07-03 15:21:00', 16, NULL, 1, 5),
(480, 'TRX-2507-0480', '0', '420000', '420000', '0', '2025-07-03 15:33:00', 103, NULL, 1, 3),
(481, 'TRX-2507-0481', '0', '74000', '74000', '0', '2025-07-03 15:49:00', 117, 'bu ani', 1, 5),
(482, 'TRX-2507-0482', '0', '74000', '74000', '0', '2025-07-03 19:52:00', 106, NULL, 1, 5),
(483, 'TRX-2507-0483', '0', '420000', '420000', '0', '2025-07-04 15:28:18', 103, NULL, 1, 5),
(484, 'TRX-2507-0484', '0', '74000', '74000', '0', '2025-07-03 20:15:00', 35, NULL, 1, 5),
(485, 'TRX-2507-0485', '0', '338000', '338000', '0', '2025-07-04 13:13:00', 117, 'mba milla', 1, 5),
(487, 'TRX-2507-0486', '0', '122000', '122000', '0', '2025-07-18 15:05:55', 117, 'mama ariq', 1, 5),
(488, 'TRX-2507-0488', '0', '420000', '420000', '0', '2025-07-06 10:40:03', 103, NULL, 1, 5),
(489, 'TRX-2507-0489', '0', '122000', '122000', '0', '2025-07-04 15:42:00', 117, 'bu ani', 1, 5),
(490, 'TRX-2507-0490', '0', '55000', '55000', '0', '2025-07-04 10:50:00', 117, 'UST EDI', 1, 3),
(492, 'TRX-2507-0492', '0', '63000', '63000', '0', '2025-07-07 09:52:31', 13, NULL, 1, 3),
(493, 'TRX-2507-0493', '0', '31000', '31000', '0', '2025-07-10 14:01:08', 117, 'MAJELIS ', 1, 3),
(494, 'TRX-2507-0494', '0', '74000', '74000', '0', '2025-07-06 10:59:00', 117, 'MAMA SANDI', 1, 5),
(495, 'TRX-2507-0495', '0', '163000', '163000', '0', '2025-07-06 11:03:00', 76, NULL, 1, 3),
(496, 'TRX-2507-0496', '0', '132000', '132000', '0', '2025-07-06 11:09:00', 117, 'mama ariq', 1, 3),
(498, 'TRX-2507-0497', '0', '150000', '150000', '0', '2025-07-06 15:20:00', 20, NULL, 1, 5),
(500, 'TRX-2507-0499', '0', '65000', '65000', '0', '2025-07-07 19:20:00', 117, 'mama ariq', 1, 5),
(501, 'TRX-2507-0501', '0', '205000', '205000', '0', '2025-07-09 14:02:27', 103, NULL, 1, 5),
(502, 'TRX-2507-0502', '0', '75000', '75000', '0', '2025-07-06 18:44:00', 117, 'majelis', 1, 5),
(503, 'TRX-2507-0503', '0', '216000', '216000', '0', '2025-07-09 19:46:00', 117, 'mba milla', 1, 5),
(504, 'TRX-2507-0504', '0', '360000', '360000', '0', '2025-07-09 18:48:00', 42, NULL, 1, 5),
(505, 'TRX-2507-0505', '0', '14600000', '14600000', '0', '2025-07-12 11:08:00', 36, NULL, 1, 3),
(506, 'TRX-2507-0506', '0', '150000', '150000', '0', '2025-07-12 11:40:00', 36, NULL, 1, 5),
(508, 'TRX-2507-0507', '0', '122000', '122000', '0', '2025-07-07 18:41:00', 117, 'bu ani', 1, 5),
(509, 'TRX-2507-0509', '0', '50000', '50000', '0', '2025-07-15 20:47:00', 20, NULL, 1, 5),
(510, 'TRX-2507-0510', '0', '35000', '35000', '0', '2025-07-15 20:48:00', 117, 'mama fahri', 1, 5),
(511, 'TRX-2507-0511', '0', '125000', '125000', '0', '2025-07-08 20:57:00', 117, 'MAMA ARIQ', 1, 5),
(512, 'TRX-2507-0512', '0', '17500', '17500', '0', '2025-07-07 20:58:00', 117, 'MAJELIS', 1, 5),
(513, 'TRX-2507-0513', '0', '24000', '24000', '0', '2025-07-07 20:58:00', 117, 'WALI SANTRI', 1, 5),
(514, 'TRX-2507-0514', '0', '180000', '180000', '0', '2025-07-08 20:59:00', 42, NULL, 1, 5),
(515, 'TRX-2507-0515', '0', '195500', '195500', '0', '2025-07-09 21:04:00', 117, 'MAMA ARIQ', 1, 5),
(516, 'TRX-2507-0516', '0', '84000', '84000', '0', '2025-07-10 21:06:00', 117, 'USTAD SUHERI', 1, 5),
(517, 'TRX-2507-0517', '0', '67000', '67000', '0', '2025-07-10 21:07:00', 117, 'MAMA ARIQ', 1, 5),
(518, 'TRX-2507-0518', '0', '55000', '55000', '0', '2025-07-10 21:08:00', 117, 'USTAD EDY', 1, 5),
(519, 'TRX-2507-0519', '0', '40000', '40000', '0', '2025-07-11 21:09:00', 117, 'USTAD SUHERI', 1, 5),
(520, 'TRX-2507-0520', '0', '122000', '122000', '0', '2025-07-14 21:10:00', 6, NULL, 1, 5),
(521, 'TRX-2507-0521', '0', '21000', '21000', '0', '2025-08-07 20:57:58', 117, 'MAJELIS', 1, 5),
(522, 'TRX-2507-0522', '0', '122000', '122000', '0', '2025-07-15 21:11:00', 117, 'BU ANI', 1, 5),
(523, 'TRX-2507-0523', '0', '122000', '122000', '0', '2025-07-15 21:11:00', 86, NULL, 1, 5),
(524, 'TRX-2507-0524', '0', '216000', '216000', '0', '2025-07-15 21:15:00', 117, 'MBA MILLA', 1, 5),
(525, 'TRX-2507-0525', '0', '75000', '0', '0', '2025-07-16 14:27:32', 20, NULL, 1, 5),
(526, 'TRX-2507-0526', '0', '84000', '84000', '0', '2025-07-15 22:23:00', 117, 'jamaah', 1, 5),
(527, 'TRX-2507-0527', '0', '112000', '112000', '0', '2025-07-15 22:24:00', 117, 'jamaah', 1, 5),
(528, 'TRX-2507-0528', '0', '122000', '122000', '0', '2025-07-16 21:02:00', 117, 'BU ANI', 1, 5),
(529, 'TRX-2507-0529', '0', '7000', '7000', '0', '2025-07-15 21:03:00', 13, NULL, 1, 5),
(530, 'TRX-2507-0530', '0', '158000', '158000', '0', '2025-07-16 21:04:00', 27, NULL, 1, 5),
(531, 'TRX-2507-0531', '0', '153000', '153000', '0', '2025-07-16 21:05:00', 117, 'MAMA ARIQ', 1, 5),
(532, 'TRX-2507-0532', '0', '360000', '360000', '0', '2025-07-16 21:06:00', 42, NULL, 1, 5),
(533, 'TRX-2507-0533', '0', '150000', '150000', '0', '2025-07-16 21:06:00', 86, NULL, 1, 5),
(534, 'TRX-2507-0534', '0', '150000', '150000', '0', '2025-07-16 21:07:00', 117, 'WALI SANTRI', 1, 5),
(535, 'TRX-2507-0535', '0', '40000', '40000', '0', '2025-07-16 21:07:00', 20, NULL, 1, 5),
(536, 'TRX-2507-0536', '0', '26000', '26000', '0', '2025-07-16 21:17:00', 117, 'JAMAAH', 1, 5),
(537, 'TRX-2507-0537', '0', '3500', '3500', '0', '2025-07-16 21:17:00', 117, 'IVAN', 1, 5),
(538, 'TRX-2507-0538', '0', '150000', '150000', '0', '2025-07-17 16:39:00', 117, 'mama ariq', 1, 5),
(539, 'TRX-2507-0539', '0', '17500', '17500', '0', '2025-07-17 17:15:00', 117, 'mama ariq', 1, 5),
(540, 'TRX-2507-0540', '0', '122000', '122000', '0', '2025-07-17 18:57:00', 60, NULL, 1, 5),
(541, 'TRX-2507-0541', '0', '122000', '122000', '0', '2025-07-17 20:28:00', 49, NULL, 1, 5),
(542, 'TRX-2507-0542', '0', '75000', '75000', '0', '2025-07-17 20:30:00', 13, NULL, 1, 5),
(543, 'TRX-2507-0543', '0', '122000', '122000', '0', '2025-07-18 23:50:00', 117, 'MAS AJI', 1, 5),
(544, 'TRX-2507-0544', '0', '188000', '188000', '0', '2025-07-20 10:14:00', 117, 'mama ariq', 1, 5),
(545, 'TRX-2507-0545', '0', '69000', '69000', '0', '2025-08-07 20:58:09', 117, 'MAJELIS', 1, 5),
(547, 'TRX-2507-0546', '0', '6000', '6000', '0', '2025-07-20 12:05:00', 6, NULL, 1, 5),
(548, 'TRX-2507-0548', '0', '270000', '270000', '0', '2025-07-20 14:34:00', 42, NULL, 1, 5),
(549, 'TRX-2507-0549', '0', '122000', '122000', '0', '2025-07-20 17:52:00', 117, 'mas ikhlas', 1, 5),
(550, 'TRX-2507-0550', '0', '115000', '120000', '5000', '2025-07-21 15:42:00', 4, NULL, 1, 5),
(551, 'TRX-2507-0551', '0', '133000', '150000', '17000', '2025-07-21 17:18:00', 117, 'MAMA ARIQ', 1, 5),
(552, 'TRX-2507-0552', '0', '7000', '7000', '0', '2025-07-21 17:46:00', 13, NULL, 1, 5),
(553, 'TRX-2507-0553', '0', '42000', '42000', '0', '2025-07-22 13:55:00', 117, 'jamaah', 1, 5),
(554, 'TRX-2507-0554', '0', '16000', '16000', '0', '2025-07-22 13:57:00', 117, 'jamaah', 1, 5),
(555, 'TRX-2507-0555', '0', '20000', '20000', '0', '2025-07-22 13:59:00', 117, 'jamaah', 1, 5),
(556, 'TRX-2507-0556', '0', '12000', '12000', '0', '2025-07-22 14:01:00', 117, 'jamaah', 1, 5),
(557, 'TRX-2507-0557', '0', '9000', '9000', '0', '2025-07-22 14:03:00', 117, 'jamaah', 1, 5),
(558, 'TRX-2507-0558', '0', '122000', '122000', '0', '2025-07-22 15:47:00', 117, 'bu ani', 1, 5),
(559, 'TRX-2507-0559', '0', '75000', '75000', '0', '2025-07-22 16:50:00', 117, 'jamaah', 1, 5),
(560, 'TRX-2507-0560', '0', '96000', '96000', '0', '2025-07-22 17:21:00', 117, 'mama ariq', 1, 5),
(561, 'TRX-2507-0561', '0', '270000', '270000', '0', '2025-07-22 18:16:00', 42, NULL, 1, 5),
(562, 'TRX-2507-0562', '0', '67000', '67000', '0', '2025-07-23 13:37:00', 117, 'jamaah', 1, 5),
(563, 'TRX-2507-0563', '0', '122000', '122000', '0', '2025-07-23 15:19:00', 117, 'ibu ani', 1, 5),
(564, 'TRX-2507-0564', '0', '83500', '83500', '0', '2025-07-24 13:24:00', 117, 'jamaah', 1, 5),
(565, 'TRX-2507-0565', '0', '42000', '42000', '0', '2025-07-24 13:26:00', 117, 'jamaah', 1, 5),
(566, 'TRX-2507-0566', '0', '122000', '122000', '0', '2025-07-24 16:13:00', 117, 'ibu ani', 1, 5),
(567, 'TRX-2507-0567', '0', '100000', '100000', '0', '2025-07-24 16:47:00', 117, 'mama ariq', 1, 5),
(568, 'TRX-2507-0568', '0', '150000', '150000', '0', '2025-07-24 18:41:00', 117, 'PA FADIL', 1, 5),
(569, 'TRX-2507-0569', '0', '360000', '360000', '0', '2025-07-25 19:04:00', 42, NULL, 1, 5),
(570, 'TRX-2507-0570', '0', '60000', '60000', '0', '2025-07-25 19:15:00', 117, 'mama ariq', 1, 5),
(571, 'TRX-2507-0571', '0', '20000', '20000', '0', '2025-07-25 23:05:00', 117, 'MAS EDI', 1, 5),
(572, 'TRX-2507-0572', '0', '18000', '18000', '0', '2025-07-25 23:08:00', 117, 'MAS EDI', 1, 5),
(573, 'TRX-2507-0573', '0', '16000', '16000', '0', '2025-07-26 22:41:00', 117, 'ikhwan', 1, 5),
(574, 'TRX-2507-0574', '0', '262000', '262000', '0', '2025-07-27 15:31:00', 27, NULL, 1, 5);
INSERT INTO `tbl_transaksi` (`id`, `no_transaksi`, `diskon`, `grand_total`, `uang_bayar`, `uang_kembali`, `tgl_transaksi`, `pelanggan_id`, `lainnya`, `metode_bayar`, `kasir_id`) VALUES
(575, 'TRX-2507-0575', '0', '122000', '122000', '0', '2025-07-28 15:44:00', 117, 'ibu ani', 1, 5),
(576, 'TRX-2507-0576', '0', '216000', '216000', '0', '2025-07-23 15:51:00', 117, 'mba milla', 1, 5),
(577, 'TRX-2507-0577', '0', '572500', '572500', '0', '2025-07-28 16:27:00', 117, 'jamaah', 1, 5),
(578, 'TRX-2507-0578', '0', '11500', '11500', '0', '2025-07-28 18:01:00', 117, 'jamaah', 1, 5),
(579, 'TRX-2507-0579', '0', '75000', '75000', '0', '2025-07-28 20:11:00', 35, NULL, 1, 5),
(580, 'TRX-2507-0580', '0', '21000', '21000', '0', '2025-08-07 20:58:17', 117, 'MAJELIS', 1, 5),
(581, 'TRX-2507-0581', '0', '75000', '75000', '0', '2025-07-28 20:51:00', 117, 'JAMAAH AKHWAT', 1, 5),
(582, 'TRX-2507-0582', '0', '15000', '15000', '0', '2025-07-28 21:04:00', 117, 'JAMAAH', 1, 5),
(583, 'TRX-2507-0583', '0', '288000', '288000', '0', '2025-07-28 21:11:00', 42, NULL, 1, 5),
(584, 'TRX-2507-0584', '0', '56000', '56000', '0', '2025-07-28 21:26:00', 117, 'JAMAAH', 1, 5),
(585, 'TRX-2507-0585', '0', '34000', '34000', '0', '2025-07-28 21:29:00', 117, 'JAMAAH', 1, 5),
(586, 'TRX-2507-0586', '0', '163000', '163000', '0', '2025-07-30 17:58:00', 117, 'mama ariq', 1, 5),
(587, 'TRX-2507-0587', '0', '38000', '40000', '2000', '2025-07-30 18:03:00', 117, 'ust edi', 1, 5),
(588, 'TRX-2507-0588', '0', '133500', '150000', '16500', '2025-07-31 13:22:00', 117, 'mam ariq', 1, 5),
(589, 'TRX-2507-0589', '0', '322500', '322500', '0', '2025-07-30 14:16:00', 117, 'jamaah', 1, 5),
(590, 'TRX-2507-0590', '0', '280000', '280000', '0', '2025-07-31 20:39:00', 111, NULL, 1, 5),
(591, 'TRX-2507-0591', '0', '21000', '21000', '0', '2025-07-31 20:46:00', 117, 'majelis', 1, 5),
(592, 'TRX-2508-0592', '0', '75000', '75000', '0', '2025-08-01 18:27:00', 106, NULL, 1, 5),
(593, 'TRX-2508-0593', '0', '45000', '45000', '0', '2025-08-01 18:54:00', 117, 'JAMAAH', 1, 5),
(594, 'TRX-2508-0594', '0', '108000', '108000', '0', '2025-08-03 10:26:00', 76, NULL, 1, 5),
(595, 'TRX-2508-0595', '0', '42500', '42500', '0', '2025-08-03 11:29:00', 96, NULL, 1, 5),
(596, 'TRX-2508-0596', '0', '28000', '40000', '12000', '2025-08-04 23:00:00', 117, 'UST EDI', 1, 5),
(597, 'TRX-2508-0597', '0', '10508500', '10508500', '0', '2025-07-25 10:49:00', 117, ' ABK', 1, 3),
(598, 'TRX-2508-0598', '0', '202000', '202000', '0', '2025-07-27 10:51:00', 29, NULL, 1, 3),
(599, 'TRX-2508-0599', '0', '116000', '116000', '0', '2025-08-05 18:11:00', 5, NULL, 1, 5),
(600, 'TRX-2508-0600', '0', '272000', '272000', '0', '2025-08-03 10:11:00', 36, NULL, 1, 5),
(601, 'TRX-2508-0601', '0', '75000', '75000', '0', '2025-08-03 19:22:00', 86, NULL, 1, 5),
(602, 'TRX-2508-0602', '0', '28000', '28000', '0', '2025-08-04 15:24:00', 16, NULL, 1, 5),
(603, 'TRX-2508-0603', '0', '53000', '53000', '0', '2025-08-04 14:25:00', 117, 'mama ariq', 1, 5),
(604, 'TRX-2508-0604', '0', '75000', '75000', '0', '2025-08-04 20:15:00', 35, NULL, 1, 5),
(605, 'TRX-2508-0605', '0', '37000', '37000', '0', '2025-08-04 20:19:00', 117, 'mba milla', 1, 5),
(606, 'TRX-2508-0606', '0', '75000', '75000', '0', '2025-08-02 15:48:00', 13, NULL, 1, 5),
(607, 'TRX-2508-0607', '0', '122000', '122000', '0', '2025-08-03 18:52:00', 117, 'bu hesti', 1, 5),
(608, 'TRX-2508-0608', '0', '10000', '10000', '0', '2025-07-31 18:56:00', 117, 'doti', 1, 5),
(609, 'TRX-2508-0609', '0', '122000', '122000', '0', '2025-07-30 13:58:00', 117, 'jamaah', 1, 5),
(610, 'TRX-2508-0610', '0', '110000', '110000', '0', '2025-07-30 13:59:00', 117, 'jamaah', 1, 5),
(611, 'TRX-2508-0611', '0', '140000', '140000', '0', '2025-07-29 14:01:00', 117, 'mama ariq', 1, 5),
(612, 'TRX-2508-0612', '0', '80000', '80000', '0', '2025-07-29 15:30:00', 4, NULL, 1, 5),
(613, 'TRX-2508-0613', '0', '40000', '40000', '0', '2025-07-29 15:40:00', 13, NULL, 1, 5),
(614, 'TRX-2508-0614', '0', '120000', '120000', '0', '2025-07-29 18:20:00', 117, 'bu dyah', 1, 5),
(615, 'TRX-2508-0615', '0', '730000', '730000', '0', '2025-08-01 19:21:00', 117, 'ibu kampung belakang', 1, 5),
(616, 'TRX-2508-0616', '0', '240000', '240000', '0', '2025-07-23 18:50:00', 117, 'MBA MILLA', 1, 5),
(617, 'TRX-2508-0617', '0', '710000', '710000', '0', '2025-07-18 15:30:00', 117, 'ibu kampung belakang', 1, 5),
(618, 'TRX-2508-0618', '0', '288500', '288500', '0', '2025-08-06 15:42:00', 117, 'jamaah', 1, 5),
(619, 'TRX-2508-0619', '0', '150000', '150000', '0', '2025-08-06 17:48:00', 117, 'mama ariq', 1, 5),
(620, 'TRX-2508-0620', '0', '234000', '234000', '0', '2025-08-06 18:15:00', 42, NULL, 1, 5),
(621, 'TRX-2508-0621', '0', '180000', '180000', '0', '2025-08-06 18:27:00', 117, 'jamaah', 1, 5),
(622, 'TRX-2508-0622', '0', '75000', '75000', '0', '2025-08-06 20:36:00', 117, 'jamaah', 1, 5),
(623, 'TRX-2508-0623', '0', '150000', '150000', '0', '2025-08-06 20:37:00', 117, 'bu uus', 1, 5),
(624, 'TRX-2508-0624', '0', '15000', '50000', '35000', '2025-08-06 20:38:00', 117, 'jamaah', 1, 5),
(625, 'TRX-2508-0625', '0', '195500', '405500', '210000', '2025-08-07 13:54:00', 117, 'jamaah', 1, 5),
(626, 'TRX-2508-0626', '0', '210000', '210000', '0', '2025-08-07 13:54:00', 117, 'jamaah', 1, 5),
(627, 'TRX-2508-0627', '0', '180000', '180000', '0', '2025-08-07 20:10:00', 117, 'mba milla', 1, 5),
(628, 'TRX-2508-0628', '0', '122000', '130000', '8000', '2025-08-07 20:17:00', 117, 'mba nina', 1, 5),
(629, 'TRX-2508-0629', '0', '18000', '18000', '0', '2025-08-07 20:35:00', 117, 'majelis', 1, 5),
(630, 'TRX-2508-0630', '0', '125000', '125000', '0', '2025-08-07 21:04:00', 32, NULL, 1, 5),
(631, 'TRX-2508-0631', '0', '161000', '161000', '0', '2025-08-07 21:08:00', 117, 'mba fitri', 1, 5),
(632, 'TRX-2508-0632', '0', '125000', '125000', '0', '2025-08-08 15:51:00', 117, 'bu ani', 1, 5),
(633, 'TRX-2508-0633', '0', '18000', '18000', '0', '2025-08-08 20:12:00', 117, 'mama ariq', 1, 5),
(634, 'TRX-2508-0634', '0', '198000', '198000', '0', '2025-08-08 20:23:00', 42, NULL, 1, 5),
(635, 'TRX-2508-0635', '0', '356500', '356500', '0', '2025-08-10 15:44:00', 117, 'jamaah', 1, 5),
(636, 'TRX-2508-0636', '0', '163000', '200000', '37000', '2025-08-11 15:34:00', 117, 'mama ariq', 1, 5),
(637, 'TRX-2508-0637', '0', '36000', '50000', '14000', '2025-08-11 18:52:00', 68, NULL, 1, 5),
(638, 'TRX-2508-0638', '0', '18000', '18000', '0', '2025-08-11 20:33:00', 5, NULL, 1, 5),
(639, 'TRX-2508-0639', '0', '125000', '125000', '0', '2025-08-11 20:34:00', 117, 'mama alya', 1, 5),
(640, 'TRX-2508-0640', '0', '59000', '59000', '0', '2025-08-12 16:28:00', 117, 'mama ariq', 1, 5),
(641, 'TRX-2508-0641', '0', '125000', '125000', '0', '2025-08-12 17:57:00', 117, 'bu ani', 1, 5),
(642, 'TRX-2508-0642', '0', '158000', '158000', '0', '2025-08-12 17:57:00', 117, 'jamaah', 1, 5),
(643, 'TRX-2508-0643', '0', '220500', '220500', '0', '2025-08-12 19:54:00', 117, 'jamaah', 1, 5),
(644, 'TRX-2508-0644', '0', '69500', '69500', '0', '2025-08-12 20:03:00', 117, 'jamaah', 1, 5),
(645, 'TRX-2508-0645', '0', '78000', '78000', '0', '2025-08-11 20:04:00', 117, 'wali santri', 1, 5),
(646, 'TRX-2508-0646', '0', '75000', '75000', '0', '2025-08-12 20:09:00', 5, NULL, 1, 5),
(647, 'TRX-2508-0647', '0', '3000', '3000', '0', '2025-08-12 20:12:00', 117, 'jamaah', 1, 5),
(648, 'TRX-2508-0648', '0', '216000', '216000', '0', '2025-03-02 20:13:00', 42, NULL, 1, 5),
(649, 'TRX-2508-0649', '0', '217000', '217000', '0', '2025-08-12 20:17:00', 117, 'mba milla', 1, 5),
(650, 'TRX-2508-0650', '0', '124000', '200000', '76000', '2025-08-13 16:15:00', 117, 'MAMA ARIQ', 1, 5),
(651, 'TRX-2508-0651', '0', '10000', '10000', '0', '2025-08-13 17:59:00', 16, NULL, 1, 5),
(652, 'TRX-2508-0652', '0', '237000', '237000', '0', '2025-08-13 20:12:00', 117, 'MBA MILLA', 1, 5),
(653, 'TRX-2508-0653', '0', '93000', '100000', '7000', '2025-08-13 20:22:00', 16, NULL, 1, 5),
(654, 'TRX-2508-0654', '0', '120500', '120500', '0', '2025-08-13 21:49:00', 117, 'jamaah', 1, 5),
(655, 'TRX-2508-0655', '0', '144000', '144000', '0', '2025-08-14 16:24:00', 117, 'mama ariq', 1, 5),
(656, 'TRX-2508-0656', '0', '56000', '56000', '0', '2025-08-14 21:10:00', 117, 'ustd edi', 1, 5),
(657, 'TRX-2508-0657', '0', '116000', '116000', '0', '2025-08-14 21:29:00', 117, 'jamaah', 1, 5),
(658, 'TRX-2508-0658', '0', '125000', '125000', '0', '2025-08-15 15:49:00', 117, 'bu ani', 1, 5),
(659, 'TRX-2508-0659', '0', '39000', '39000', '0', '2025-08-15 17:45:00', 20, NULL, 1, 5),
(660, 'TRX-2508-0660', '0', '150000', '150000', '0', '2025-08-15 18:49:00', 86, NULL, 1, 5),
(662, 'TRX-2508-0662', '0', '78000', '100000', '22000', '2025-08-15 19:26:00', 117, 'pak soleh', 1, 5),
(663, 'TRX-2508-0663', '0', '180000', '180000', '0', '2025-08-15 20:59:00', 117, 'mba milla', 1, 5),
(664, 'TRX-2508-0664', '0', '142000', '142000', '0', '2025-08-15 21:28:00', 117, 'jamaah', 1, 5),
(665, 'TRX-2508-0665', '0', '162000', '162000', '0', '2025-08-16 19:54:00', 117, 'MAMA ARIK', 1, 5),
(666, 'TRX-2508-0666', '0', '80000', '80000', '0', '2025-08-17 21:17:00', 6, NULL, 1, 5),
(667, 'TRX-2508-0667', '0', '59000', '100000', '41000', '2025-08-18 16:16:00', 117, 'mama ariq', 1, 5),
(668, 'TRX-2508-0668', '0', '80000', '80000', '0', '2025-08-18 18:29:00', 13, NULL, 1, 5),
(669, 'TRX-2508-0669', '0', '63500', '63500', '0', '2025-08-18 18:31:00', 7, NULL, 1, 5),
(670, 'TRX-2508-0670', '0', '39000', '39000', '0', '2025-08-18 18:33:00', 117, 'Teteh fitri', 1, 5),
(671, 'TRX-2508-0671', '0', '184500', '184500', '0', '2025-08-19 13:45:00', 117, 'jamaah', 1, 5),
(672, 'TRX-2508-0672', '0', '10000', '10000', '0', '2025-08-19 21:08:00', 117, 'jamaah', 1, 5),
(673, 'TRX-2508-0673', '0', '77000', '77000', '0', '2025-08-20 17:58:00', 117, 'Mama ariq', 1, 5),
(674, 'TRX-2508-0674', '0', '162000', '162000', '0', '2025-08-20 21:10:00', 42, NULL, 1, 5),
(675, 'TRX-2508-0675', '0', '295500', '295500', '0', '2025-08-20 21:20:00', 117, 'jamaah', 1, 5),
(676, 'TRX-2508-0676', '0', '156000', '156000', '0', '2025-08-21 16:15:00', 117, 'mama ariq', 1, 5),
(677, 'TRX-2508-0677', '0', '80000', '80000', '0', '2025-08-21 16:57:00', 117, 'wali santri', 1, 5),
(679, 'TRX-2508-0679', '0', '131000', '131000', '0', '2025-08-21 21:11:00', 117, 'jamaah', 1, 5),
(680, 'TRX-2508-0680', '0', '252000', '252000', '0', '2025-08-22 13:44:00', 42, NULL, 1, 5),
(681, 'TRX-2508-0681', '0', '125000', '125000', '0', '2025-08-22 16:32:00', 117, 'bu ani', 1, 5),
(682, 'TRX-2508-0682', '0', '76000', '76000', '0', '2025-08-22 17:59:00', 117, 'mama ariq', 1, 5),
(683, 'TRX-2508-0683', '0', '299500', '299500', '0', '2025-08-22 22:35:00', 117, 'jamaah', 1, 5),
(684, 'TRX-2508-0684', '0', '260000', '260000', '0', '2025-08-22 23:12:00', 117, 'Mba mila', 1, 5),
(685, 'TRX-2508-0685', '0', '360000', '360000', '0', '2025-08-25 13:10:00', 42, NULL, 1, 5),
(686, 'TRX-2508-0686', '0', '33500', '33500', '0', '2025-08-25 20:04:00', 68, NULL, 1, 5),
(687, 'TRX-2508-0687', '0', '82500', '82500', '0', '2025-08-24 12:36:00', 8, NULL, 1, 5),
(688, 'TRX-2508-0688', '0', '57500', '57500', '0', '2025-08-24 12:38:00', 117, 'jamaah akwat', 1, 5),
(689, 'TRX-2508-0689', '0', '40000', '40000', '0', '2025-08-24 12:40:00', 5, NULL, 1, 5),
(690, 'TRX-2508-0690', '0', '79000', '79000', '0', '2025-08-24 16:42:00', 106, NULL, 1, 5),
(691, 'TRX-2508-0691', '0', '79000', '79000', '0', '2025-08-25 20:43:00', 13, NULL, 1, 5),
(692, 'TRX-2508-0692', '0', '121000', '121000', '0', '2025-08-25 20:47:00', 117, 'mama ariq', 1, 5),
(693, 'TRX-2508-0693', '0', '125000', '125000', '0', '2025-08-25 20:48:00', 117, 'jamaah akwat', 1, 5),
(695, 'TRX-2508-0695', '0', '258000', '258000', '0', '2025-08-25 20:58:00', 10, NULL, 1, 5),
(696, 'TRX-2508-0696', '0', '378000', '378000', '0', '2025-08-25 21:58:00', 117, 'jamaah', 1, 5),
(697, 'TRX-2508-0697', '0', '18000', '18000', '0', '2025-08-24 21:59:00', 117, 'jamaah', 1, 5),
(698, 'TRX-2508-0698', '0', '10637500', '10637500', '0', '2025-08-26 15:14:00', 117, 'SEMBAKO ABK', 1, 5),
(699, 'TRX-2508-0699', '0', '13000', '13000', '0', '2025-08-26 15:58:00', 117, 'BU FITRI', 1, 5),
(700, 'TRX-2508-0700', '0', '66000', '66000', '0', '2025-08-26 17:04:00', 117, 'mama ariq', 1, 5),
(701, 'TRX-2508-0701', '0', '94000', '94000', '0', '2025-08-26 20:59:00', 117, 'jamaah', 1, 5),
(702, 'TRX-2508-0702', '0', '79000', '79000', '0', '2025-09-04 19:47:31', 80, NULL, 1, 5),
(703, 'TRX-2508-0703', '0', '162000', '162000', '0', '2025-08-27 21:06:00', 117, 'mama ariq', 1, 5),
(704, 'TRX-2508-0704', '0', '40000', '40000', '0', '2025-08-27 21:06:00', 117, 'wali santri', 1, 5),
(705, 'TRX-2508-0705', '0', '66500', '66500', '0', '2025-08-27 21:08:00', 117, 'jamaah', 1, 5),
(706, 'TRX-2508-0706', '0', '125000', '125000', '0', '2025-08-27 21:09:00', 20, NULL, 1, 5),
(707, 'TRX-2508-0707', '0', '125000', '125000', '0', '2025-08-27 21:10:00', 117, 'pa soleh', 1, 5),
(708, 'TRX-2508-0708', '0', '39000', '39000', '0', '2025-08-27 21:31:00', 15, NULL, 1, 5),
(709, 'TRX-2508-0709', '0', '270000', '270000', '0', '2025-08-28 20:22:56', 42, NULL, 1, 5),
(710, 'TRX-2508-0710', '0', '186000', '186000', '0', '2025-08-28 19:30:00', 40, NULL, 1, 5),
(711, 'TRX-2508-0711', '0', '76000', '76000', '0', '2025-08-28 19:31:00', 56, NULL, 1, 5),
(713, 'TRX-2508-0713', '0', '278000', '278000', '0', '2025-08-28 20:24:00', 117, 'mba milla', 1, 5),
(714, 'TRX-2508-0714', '0', '269500', '269500', '0', '2025-08-28 21:33:00', 117, 'jamaah', 1, 5),
(715, 'TRX-2508-0715', '0', '34500', '34500', '0', '2025-08-30 19:30:00', 91, NULL, 1, 5),
(716, 'TRX-2508-0716', '0', '730000', '730000', '0', '2025-08-30 22:43:00', 117, 'IBU KAMPUNG BELAKANG', 1, 5),
(717, 'TRX-2508-0717', '0', '165000', '165000', '0', '2025-08-31 10:13:00', 117, 'ibu ibu jamaah', 1, 5),
(718, 'TRX-2508-0718', '0', '440000', '440000', '0', '2025-08-31 10:32:00', 111, NULL, 1, 5),
(719, 'TRX-2508-0719', '0', '6160000', '6160000', '0', '2025-09-01 06:01:00', 36, NULL, 1, 5),
(720, 'TRX-2508-0720', '0', '450000', '450000', '0', '2025-09-01 06:05:00', 36, NULL, 1, 5),
(721, 'TRX-2509-0721', '0', '525000', '525000', '0', '2025-09-01 15:27:00', 117, 'ibu ibu', 1, 5),
(722, 'TRX-2509-0722', '0', '18000', '18000', '0', '2025-09-01 18:31:00', 117, 'lucky', 1, 5),
(723, 'TRX-2509-0723', '0', '288000', '288000', '0', '2025-09-01 19:10:00', 42, NULL, 1, 5),
(724, 'TRX-2509-0724', '0', '75000', '75000', '0', '2025-08-31 19:13:00', 117, 'mas aji', 1, 5),
(725, 'TRX-2509-0725', '0', '75000', '75000', '0', '2025-09-01 19:14:00', 117, 'mama ariq', 1, 5),
(726, 'TRX-2509-0726', '0', '125000', '200000', '75000', '2025-09-01 19:43:00', 86, NULL, 1, 5),
(727, 'TRX-2509-0727', '0', '424500', '424500', '0', '2025-09-01 21:37:00', 117, 'jamaah', 1, 5),
(728, 'TRX-2509-0728', '0', '18000', '18000', '0', '2025-09-01 21:38:00', 117, 'wali santri', 1, 5),
(729, 'TRX-2509-0729', '0', '119500', '119500', '0', '2025-09-02 22:27:00', 117, 'jamaah', 1, 3),
(730, 'TRX-2509-0730', '0', '130000', '130000', '0', '2025-09-02 22:29:00', 117, 'mama jovan', 1, 3),
(731, 'TRX-2509-0731', '0', '18000', '18000', '0', '2025-09-02 22:31:00', 117, 'amir', 1, 3),
(732, 'TRX-2509-0732', '0', '365000', '365000', '0', '2025-09-02 20:34:00', 117, 'mama ariq', 1, 5),
(733, 'TRX-2509-0733', '0', '78000', '78000', '0', '2025-09-03 20:35:00', 117, 'bu ani', 1, 5),
(734, 'TRX-2509-0734', '0', '135000', '135000', '0', '2025-09-03 20:36:00', 117, 'mama ariq', 1, 5),
(735, 'TRX-2509-0735', '0', '78000', '78000', '0', '2025-09-03 20:36:00', 117, 'mas arif', 1, 5),
(736, 'TRX-2509-0736', '0', '375000', '375000', '0', '2025-09-04 19:48:55', 117, 'bu naning', 1, 5),
(737, 'TRX-2509-0737', '0', '40000', '40000', '0', '2025-09-03 20:37:00', 13, NULL, 1, 5),
(738, 'TRX-2509-0738', '0', '78000', '78000', '0', '2025-09-03 20:38:00', 15, NULL, 1, 5),
(739, 'TRX-2509-0739', '0', '116000', '116000', '0', '2025-09-03 23:26:00', 117, 'jamaah', 1, 5),
(740, 'TRX-2509-0740', '0', '168000', '168000', '0', '2025-09-01 23:27:00', 117, 'ibu ibu', 1, 5),
(741, 'TRX-2509-0741', '0', '68000', '68000', '0', '2025-09-03 23:29:00', 117, 'mama ariq', 1, 5),
(742, 'TRX-2509-0742', '0', '80000', '80000', '0', '2025-09-03 23:30:00', 17, NULL, 1, 5),
(743, 'TRX-2509-0743', '0', '120000', '120000', '0', '2025-09-03 23:31:00', 26, NULL, 1, 5),
(744, 'TRX-2509-0744', '0', '270000', '270000', '0', '2025-09-04 19:45:00', 42, NULL, 1, 5),
(745, 'TRX-2509-0745', '0', '480000', '480000', '0', '2025-09-04 20:11:00', 26, NULL, 1, 5),
(746, 'TRX-2509-0746', '0', '68000', '68000', '0', '2025-09-04 21:55:00', 117, 'jamaah', 1, 5),
(747, 'TRX-2509-0747', '0', '90000', '90000', '0', '2025-09-04 21:59:00', 117, 'bu ropiah', 1, 5),
(748, 'TRX-2509-0748', '0', '18000', '18000', '0', '2025-09-04 17:48:00', 5, NULL, 1, 5),
(749, 'TRX-2509-0749', '0', '390000', '390000', '0', '2025-09-07 10:51:00', 9, NULL, 1, 5),
(750, 'TRX-2509-0750', '0', '58000', '58000', '0', '2025-09-07 10:31:00', 9, NULL, 1, 5),
(752, 'TRX-2509-0752', '0', '31000', '31000', '0', '2025-09-05 17:15:00', 16, NULL, 1, 5),
(753, 'TRX-2509-0753', '0', '306000', '306000', '0', '2025-09-08 13:21:00', 42, NULL, 1, 5),
(754, 'TRX-2509-0754', '0', '3625000', '3625000', '0', '2025-09-08 15:24:00', 22, NULL, 1, 5),
(755, 'TRX-2509-0755', '0', '250000', '250000', '0', '2025-09-08 17:46:00', 20, NULL, 1, 5),
(756, 'TRX-2509-0756', '0', '40000', '40000', '0', '2025-09-08 17:47:00', 110, NULL, 1, 5),
(757, 'TRX-2509-0757', '0', '125000', '125000', '0', '2025-09-08 20:14:00', 117, 'bu ani', 1, 5),
(758, 'TRX-2509-0758', '0', '180000', '180000', '0', '2025-09-08 20:46:00', 117, 'mba millaq', 1, 5),
(759, 'TRX-2509-0759', '0', '492500', '492500', '0', '2025-09-08 21:23:00', 117, 'jamaah', 1, 5),
(760, 'TRX-2509-0760', '0', '70000', '70000', '0', '2025-09-08 21:26:00', 117, 'jamaah', 1, 5),
(761, 'TRX-2509-0761', '0', '125000', '125000', '0', '2025-09-09 17:44:00', 20, NULL, 1, 5),
(762, 'TRX-2509-0762', '0', '78000', '78000', '0', '2025-09-09 17:46:00', 110, NULL, 1, 5),
(763, 'TRX-2509-0763', '0', '156000', '156000', '0', '2025-09-05 19:46:00', 117, 'jamaah', 1, 5),
(764, 'TRX-2509-0764', '0', '78000', '78000', '0', '2025-09-05 19:46:00', 117, 'jamaah', 1, 5),
(765, 'TRX-2509-0765', '0', '101000', '101000', '0', '2025-09-09 21:33:00', 117, 'jamaah', 1, 5),
(766, 'TRX-2509-0766', '0', '52500', '52500', '0', '2025-09-09 18:02:00', 117, 'WALI SANTRI', 1, 5),
(767, 'TRX-2509-0767', '0', '48000', '48000', '0', '2025-09-10 18:03:00', 117, 'MAS AJI', 1, 5),
(768, 'TRX-2509-0768', '0', '143000', '143000', '0', '2025-09-10 21:09:00', 117, 'jamaah', 1, 5),
(769, 'TRX-2509-0769', '0', '118000', '118000', '0', '2025-09-10 21:09:00', 117, 'jamaah', 1, 5),
(770, 'TRX-2509-0770', '0', '75000', '75000', '0', '2025-09-10 21:55:00', 79, NULL, 1, 5),
(771, 'TRX-2509-0771', '0', '264500', '264500', '0', '2025-09-10 22:19:00', 117, 'jamaah ibu-ibu', 1, 5),
(772, 'TRX-2509-0772', '0', '187500', '187500', '0', '2025-09-10 22:24:00', 96, NULL, 1, 5),
(773, 'TRX-2509-0773', '0', '209000', '209000', '0', '2025-09-11 17:02:00', 117, 'mama ariq', 1, 5),
(774, 'TRX-2509-0774', '0', '40000', '40000', '0', '2025-09-11 17:43:00', 5, NULL, 1, 5),
(775, 'TRX-2509-0775', '0', '270000', '270000', '0', '2025-09-11 18:07:00', 42, NULL, 1, 5),
(776, 'TRX-2509-0776', '0', '113500', '113500', '0', '2025-09-11 21:24:00', 117, 'jamaah', 1, 5),
(777, 'TRX-2509-0777', '0', '197500', '197500', '0', '2025-09-11 21:28:00', 117, 'jamaah', 1, 5),
(778, 'TRX-2509-0778', '0', '75000', '75000', '0', '2025-09-12 17:48:00', 117, 'MAMA ARIQ', 1, 5),
(779, 'TRX-2509-0779', '0', '78000', '78000', '0', '2025-09-12 20:40:00', 13, NULL, 1, 5),
(780, 'TRX-2509-0780', '0', '93000', '93000', '0', '2025-09-12 21:01:00', 117, 'jamaah', 1, 5),
(781, 'TRX-2509-0781', '0', '78000', '78000', '0', '2025-09-12 23:03:00', 37, NULL, 1, 5),
(782, 'TRX-2509-0782', '0', '125000', '125000', '0', '2025-09-13 19:18:00', 117, 'IBU ANI', 1, 5),
(783, 'TRX-2509-0783', '0', '16000', '16000', '0', '2025-09-13 19:20:00', 13, NULL, 1, 5),
(784, 'TRX-2509-0784', '0', '78000', '78000', '0', '2025-09-13 19:32:00', 117, 'IBU DIAH', 1, 5),
(785, 'TRX-2509-0785', '0', '50500', '50500', '0', '2025-09-13 19:53:00', 5, NULL, 1, 5),
(786, 'TRX-2509-0786', '0', '26000', '26000', '0', '2025-09-13 19:54:00', 117, 'JAMAAH', 1, 5),
(787, 'TRX-2509-0787', '0', '167000', '167000', '0', '2025-09-14 09:54:00', 117, 'MAMA ARIQ', 1, 5),
(788, 'TRX-2509-0788', '0', '60000', '60000', '0', '2025-09-14 10:13:00', 117, 'IBU HAPSOH', 1, 5),
(789, 'TRX-2509-0789', '0', '103000', '103000', '0', '2025-09-14 10:20:00', 117, 'JAMAH IBU', 1, 5),
(790, 'TRX-2509-0790', '0', '41000', '41000', '0', '2025-09-14 10:42:00', 60, NULL, 1, 5),
(791, 'TRX-2509-0791', '0', '249000', '249000', '0', '2025-09-14 10:46:00', 117, 'JAMAAH', 1, 5),
(792, 'TRX-2509-0792', '0', '75000', '75000', '0', '2025-09-14 10:50:00', 117, 'PAK PAIDI', 1, 5),
(793, 'TRX-2509-0793', '0', '360000', '360000', '0', '2025-09-17 18:10:03', 42, NULL, 1, 5),
(794, 'TRX-2509-0794', '0', '730000', '730000', '0', '2025-09-15 22:09:39', 117, ' BU KARYATI', 1, 5),
(795, 'TRX-2509-0795', '0', '125000', '125000', '0', '2025-09-14 16:26:00', 117, 'ibu ani', 1, 5),
(796, 'TRX-2509-0796', '0', '2040000', '2040000', '0', '2025-09-15 09:04:00', 36, NULL, 1, 3),
(797, 'TRX-2509-0797', '0', '3600000', '3600000', '0', '2025-09-15 13:51:00', 22, NULL, 1, 5),
(798, 'TRX-2509-0798', '0', '60000', '60000', '0', '2025-09-15 20:15:00', 117, 'wali santri', 1, 5),
(800, 'TRX-2509-0800', '0', '18000', '18000', '0', '2025-09-15 20:16:00', 7, NULL, 1, 5),
(802, 'TRX-2509-0802', '0', '62500', '62500', '0', '2025-09-15 20:16:00', 86, NULL, 1, 5),
(804, 'TRX-2509-0804', '0', '360000', '360000', '0', '2025-09-16 18:02:18', 67, NULL, 1, 5),
(805, 'TRX-2509-0805', '0', '353500', '353500', '0', '2025-09-15 22:04:00', 117, 'jamaah', 1, 5),
(806, 'TRX-2509-0806', '0', '33000', '33000', '0', '2025-09-15 22:15:00', 117, 'jamaah', 1, 5),
(807, 'TRX-2509-0807', '0', '21000', '21000', '0', '2025-09-15 22:16:00', 117, 'jamaah', 1, 5),
(808, 'TRX-2509-0808', '0', '63000', '63000', '0', '2025-09-26 14:22:11', 117, 'mba kiki', 1, 5),
(809, 'TRX-2509-0809', '0', '125000', '125000', '0', '2025-09-16 17:40:00', 49, NULL, 1, 5),
(810, 'TRX-2509-0810', '0', '125000', '125000', '0', '2025-09-16 17:47:00', 117, 'BU ANI', 1, 5),
(811, 'TRX-2509-0811', '0', '36000', '36000', '0', '2025-09-16 20:02:00', 117, 'WALI SANTRI', 1, 5),
(813, 'TRX-2509-0812', '0', '28000', '28000', '0', '2025-09-16 21:56:00', 117, 'jamaah ', 1, 5),
(814, 'TRX-2509-0814', '0', '125000', '125000', '0', '2025-09-17 15:53:00', 117, 'ibu ani', 1, 5),
(815, 'TRX-2509-0815', '0', '105000', '105000', '0', '2025-09-17 18:29:00', 117, 'WALI SANTRI', 1, 5),
(816, 'TRX-2509-0816', '0', '180000', '180000', '0', '2025-09-17 18:30:00', 42, NULL, 1, 5),
(817, 'TRX-2509-0817', '0', '82500', '82500', '0', '2025-09-17 21:17:00', 117, 'jamaah', 1, 5),
(818, 'TRX-2509-0818', '0', '36500', '36500', '0', '2025-09-17 22:22:00', 117, 'jamaah', 1, 5),
(819, 'TRX-2509-0819', '0', '153000', '153000', '0', '2025-09-18 17:26:00', 15, NULL, 1, 5),
(820, 'TRX-2509-0820', '0', '204000', '204000', '0', '2025-09-18 17:49:00', 40, NULL, 1, 5),
(821, 'TRX-2509-0821', '0', '166000', '166000', '0', '2025-09-18 17:53:00', 20, NULL, 1, 5),
(822, 'TRX-2509-0822', '0', '77500', '77500', '0', '2025-09-18 21:09:00', 117, 'jamaah', 1, 5),
(823, 'TRX-2509-0823', '0', '28000', '28000', '0', '2025-09-18 22:00:00', 117, 'jamaah', 1, 5),
(824, 'TRX-2509-0824', '0', '18000', '18000', '0', '2025-09-21 12:41:18', 6, NULL, 1, 5),
(825, 'TRX-2509-0825', '0', '730000', '730000', '0', '2025-09-22 21:36:19', 117, 'BU KARYATI', 1, 5),
(826, 'TRX-2509-0826', '0', '136000', '200000', '64000', '2025-09-19 17:12:00', 117, 'mama ariq', 1, 5),
(827, 'TRX-2509-0827', '0', '18000', '18000', '0', '2025-09-19 17:48:00', 5, NULL, 1, 5),
(828, 'TRX-2509-0828', '0', '180000', '180000', '0', '2025-09-19 20:06:00', 42, NULL, 1, 5),
(829, 'TRX-2509-0829', '0', '117000', '117000', '0', '2025-09-19 20:13:00', 117, 'jamaah', 1, 5),
(830, 'TRX-2509-0830', '0', '25000', '25000', '0', '2025-09-19 20:16:00', 35, NULL, 1, 5),
(831, 'TRX-2509-0831', '0', '125000', '125000', '0', '2025-09-20 18:02:00', 74, NULL, 1, 5),
(832, 'TRX-2509-0832', '0', '78000', '78000', '0', '2025-09-20 18:03:00', 117, 'AJI RESPATI', 1, 5),
(833, 'TRX-2509-0833', '0', '10597500', '10597500', '0', '2025-09-22 14:25:00', 117, 'SEMBAKO ABK', 1, 5),
(834, 'TRX-2509-0834', '0', '125000', '125000', '0', '2025-09-22 16:17:00', 117, 'ibu ani', 1, 5),
(835, 'TRX-2509-0835', '0', '116000', '116000', '0', '2025-09-22 20:25:00', 13, NULL, 1, 5),
(836, 'TRX-2509-0836', '0', '246000', '246000', '0', '2025-09-22 21:35:00', 117, 'jamaah', 1, 5),
(837, 'TRX-2509-0837', '0', '180000', '180000', '0', '2025-09-23 18:11:03', 42, NULL, 1, 5),
(838, 'TRX-2509-0838', '0', '21000', '21000', '0', '2025-09-26 14:28:00', 117, 'mba kiki', 1, 5),
(839, 'TRX-2509-0839', '0', '119000', '119000', '0', '2025-09-23 17:42:00', 15, NULL, 1, 5),
(840, 'TRX-2509-0840', '0', '119500', '119500', '0', '2025-09-23 21:10:00', 117, 'JAMAAH', 1, 5),
(841, 'TRX-2509-0841', '0', '108000', '108000', '0', '2025-09-24 18:09:00', 42, NULL, 1, 5),
(842, 'TRX-2509-0842', '0', '250000', '250000', '0', '2025-09-24 20:30:00', 20, NULL, 1, 5),
(843, 'TRX-2509-0843', '0', '75000', '75000', '0', '2025-09-24 20:31:00', 117, 'JAMAAH', 1, 5),
(844, 'TRX-2509-0844', '0', '172500', '172500', '0', '2025-09-24 21:45:00', 117, 'jamaah', 1, 5),
(846, 'TRX-2509-0845', '0', '75000', '75000', '0', '2025-09-25 13:44:00', 117, 'jamaah', 1, 5),
(847, 'TRX-2509-0847', '0', '83000', '100000', '17000', '2025-09-25 17:06:00', 117, 'mama ariq', 1, 5),
(848, 'TRX-2509-0848', '0', '108000', '108000', '0', '2025-09-25 18:49:00', 42, NULL, 1, 5),
(849, 'TRX-2509-0849', '0', '40000', '40000', '0', '2025-09-25 20:11:00', 54, NULL, 1, 5),
(850, 'TRX-2509-0850', '0', '40000', '40000', '0', '2025-09-25 20:22:00', 93, NULL, 1, 5),
(851, 'TRX-2509-0851', '0', '126000', '126000', '0', '2025-09-26 17:51:00', 42, NULL, 1, 5),
(852, 'TRX-2509-0852', '0', '18000', '18000', '0', '2025-09-26 23:01:00', 117, 'lkucky', 1, 5),
(853, 'TRX-2509-0853', '0', '63000', '63000', '0', '2025-09-28 10:34:36', 117, 'jamaah ahad pagi', 1, 5),
(854, 'TRX-2509-0854', '0', '75000', '75000', '0', '2025-09-28 10:25:00', 117, 'jamaah ibu', 1, 5),
(855, 'TRX-2509-0855', '0', '75000', '75000', '0', '2025-09-28 10:29:00', 36, NULL, 1, 5),
(856, 'TRX-2509-0856', '0', '125000', '125000', '0', '2025-09-28 10:36:00', 40, NULL, 1, 5),
(857, 'TRX-2509-0857', '0', '125000', '125000', '0', '2025-09-28 10:37:00', 90, NULL, 1, 5),
(858, 'TRX-2509-0858', '0', '125000', '125000', '0', '2025-09-28 10:37:00', 28, NULL, 1, 5),
(859, 'TRX-2509-0859', '0', '105000', '105000', '0', '2025-09-28 10:55:00', 117, 'bu jamaah', 1, 5),
(860, 'TRX-2509-0860', '0', '125000', '125000', '0', '2025-09-29 18:24:00', 117, 'wali satri', 1, 5),
(861, 'TRX-2509-0861', '0', '73000', '73000', '0', '2025-09-29 18:39:00', 117, 'JAMAAH IKHWAN', 1, 5),
(862, 'TRX-2509-0862', '0', '78000', '78000', '0', '2025-09-29 18:57:00', 15, NULL, 1, 5),
(863, 'TRX-2509-0863', '0', '160000', '160000', '0', '2025-09-30 21:25:12', 6, NULL, 1, 5),
(864, 'TRX-2509-0864', '0', '41000', '41000', '0', '2025-09-29 20:32:00', 117, 'jamaah', 1, 5),
(865, 'TRX-2509-0865', '0', '730000', '730000', '0', '2025-10-06 18:18:33', 117, 'karyati', 1, 5),
(866, 'TRX-2509-0866', '0', '411500', '411500', '0', '2025-09-29 21:08:00', 117, 'jamaah', 1, 5),
(867, 'TRX-2509-0867', '0', '125000', '125000', '0', '2025-10-02 20:27:56', 117, 'mas toni', 1, 5),
(869, 'TRX-2509-0869', '0', '252000', '252000', '0', '2025-09-30 21:06:00', 42, NULL, 1, 5),
(870, 'TRX-2509-0870', '0', '75000', '75000', '0', '2025-09-30 21:08:00', 13, NULL, 1, 5),
(872, 'TRX-2509-0872', '0', '120000', '120000', '0', '2025-09-30 21:11:00', 58, NULL, 1, 5),
(873, 'TRX-2509-0873', '0', '44000', '44000', '0', '2025-09-30 21:26:00', 117, 'jamaah', 1, 5),
(874, 'TRX-2509-0874', '0', '39000', '39000', '0', '2025-09-28 10:28:00', 117, 'jamaah', 1, 5),
(875, 'TRX-2509-0875', '0', '21000', '21000', '0', '2025-09-27 21:33:00', 117, 'jamaah', 1, 5),
(876, 'TRX-2509-0876', '0', '42000', '42000', '0', '2025-10-06 18:17:56', 117, 'mba kiki', 1, 5),
(877, 'TRX-2509-0877', '0', '35000', '35000', '0', '2025-09-30 21:37:00', 58, NULL, 1, 5),
(878, 'TRX-2509-0878', '0', '30000', '30000', '0', '2025-09-30 22:43:00', 117, 'KONSUMSI MAJELIS', 1, 5),
(879, 'TRX-2509-0879', '0', '12000', '12000', '0', '2025-09-30 22:50:00', 24, NULL, 1, 5),
(880, 'TRX-2510-0880', '0', '125000', '125000', '0', '2025-10-01 19:42:00', 86, NULL, 1, 5),
(881, 'TRX-2510-0881', '0', '125000', '125000', '0', '2025-10-01 20:38:00', 117, 'GURU AKHWAT', 1, 5),
(882, 'TRX-2510-0882', '0', '78000', '78000', '0', '2025-10-01 20:41:00', 35, NULL, 1, 5),
(883, 'TRX-2510-0883', '0', '75000', '75000', '0', '2025-10-01 20:42:00', 95, NULL, 1, 5),
(884, 'TRX-2510-0884', '0', '150000', '150000', '0', '2025-10-01 20:47:00', 13, NULL, 1, 5),
(886, 'TRX-2510-0886', '0', '173500', '173500', '0', '2025-10-01 22:24:00', 117, 'jamaah', 1, 5),
(887, 'TRX-2510-0887', '0', '230000', '230000', '0', '2025-10-02 20:34:00', 117, 'mama ariq', 1, 5),
(888, 'TRX-2510-0888', '0', '86000', '86000', '0', '2025-10-02 21:03:00', 117, 'JAMAAH', 1, 5),
(889, 'TRX-2510-0889', '0', '125000', '125000', '0', '2025-10-02 21:04:00', 117, 'bu ani', 1, 5),
(890, 'TRX-2510-0890', '0', '75000', '75000', '0', '2025-10-02 21:04:00', 117, 'mama fahrah', 1, 5),
(891, 'TRX-2510-0891', '0', '2000', '2000', '0', '2025-10-02 21:05:00', 117, 'jamaah', 1, 5),
(892, 'TRX-2510-0892', '0', '75000', '75000', '0', '2025-10-02 21:07:00', 117, 'wali santri', 1, 5),
(893, 'TRX-2510-0893', '0', '125000', '125000', '0', '2025-10-06 18:17:35', 20, NULL, 1, 5),
(894, 'TRX-2510-0894', '0', '35000', '35000', '0', '2025-10-03 17:48:00', 16, NULL, 1, 5),
(895, 'TRX-2510-0895', '0', '116500', '116500', '0', '2025-10-03 20:53:00', 117, 'jamaah', 1, 5),
(896, 'TRX-2510-0896', '0', '85000', '100000', '15000', '2025-10-06 16:32:00', 117, 'mama ariq', 1, 5),
(897, 'TRX-2510-0897', '0', '41000', '41000', '0', '2025-10-06 17:46:00', 20, NULL, 1, 5),
(898, 'TRX-2510-0898', '0', '180000', '180000', '0', '2025-10-06 18:27:00', 67, NULL, 1, 5),
(899, 'TRX-2510-0899', '0', '218000', '218000', '0', '2025-10-06 19:34:00', 117, 'MBA NINA', 1, 5),
(900, 'TRX-2510-0900', '0', '75000', '75000', '0', '2025-10-06 20:10:00', 13, NULL, 1, 5),
(901, 'TRX-2510-0901', '0', '23500', '23500', '0', '2025-10-06 20:19:00', 117, 'majelis', 1, 5),
(902, 'TRX-2510-0902', '0', '180000', '0', '-180000', '2025-10-06 20:28:00', 42, NULL, 2, 5),
(903, 'TRX-2510-0903', '0', '21000', '0', '-21000', '2025-10-06 20:52:00', 117, 'jamaah malem selasa', 2, 5),
(904, 'TRX-2510-0904', '0', '256500', '256500', '0', '2025-10-06 20:59:00', 117, 'jamaah', 1, 5),
(905, 'TRX-2510-0905', '0', '16000', '0', '-16000', '2025-10-06 21:00:00', 117, 'mas ikhlas', 2, 5);

-- --------------------------------------------------------

--
-- Table structure for table `tbl_uom`
--

CREATE TABLE `tbl_uom` (
  `id` int NOT NULL,
  `kode` varchar(255) COLLATE utf8mb4_general_ci DEFAULT NULL,
  `uom` varchar(255) COLLATE utf8mb4_general_ci DEFAULT NULL
) ENGINE=InnoDB DEFAULT CHARSET=utf8mb4 COLLATE=utf8mb4_general_ci ROW_FORMAT=DYNAMIC;

--
-- Dumping data for table `tbl_uom`
--

INSERT INTO `tbl_uom` (`id`, `kode`, `uom`) VALUES
(1, 'Kg', 'Kilogram'),
(2, 'KRAT', 'Krat'),
(3, 'DOS', 'Karton'),
(4, 'Pcs', 'Pieces'),
(5, 'Ml', 'Mililiter'),
(6, 'L', 'Liter'),
(7, 'Pack', 'Pack'),
(8, 'karung', '50 kg'),
(9, 'BTL', 'BOTOL'),
(10, 'Rp', 'Rupiah');

-- --------------------------------------------------------

--
-- Table structure for table `tbl_user`
--

CREATE TABLE `tbl_user` (
  `id` int NOT NULL,
  `nama_user` varchar(100) DEFAULT NULL,
  `username` varchar(100) DEFAULT NULL,
  `password` text,
  `level` int DEFAULT NULL,
  `status` int DEFAULT NULL
) ENGINE=MyISAM DEFAULT CHARSET=latin1;

--
-- Dumping data for table `tbl_user`
--

INSERT INTO `tbl_user` (`id`, `nama_user`, `username`, `password`, `level`, `status`) VALUES
(5, 'Kasir', 'kasir', 'c7911af3adbd12a035b289556d96470a', 3, 1),
(4, 'Admin', 'admin', '18c6d818ae35a3e8279b5330eda01498', 2, 1),
(3, 'Administrator', 'administrator', '541148c1d85372981e35cb463cfa7c09', 1, 1),
(6, 'sysadmin', 'sysadmin', 'f1ebe52413f3c04502a702492039e7a7', 1, 1);

--
-- Indexes for dumped tables
--

--
-- Indexes for table `tbl_anggota`
--
ALTER TABLE `tbl_anggota`
  ADD PRIMARY KEY (`id`) USING BTREE;

--
-- Indexes for table `tbl_barang`
--
ALTER TABLE `tbl_barang`
  ADD PRIMARY KEY (`id`) USING BTREE;

--
-- Indexes for table `tbl_deposit`
--
ALTER TABLE `tbl_deposit`
  ADD PRIMARY KEY (`id`) USING BTREE;

--
-- Indexes for table `tbl_dtl_trans`
--
ALTER TABLE `tbl_dtl_trans`
  ADD PRIMARY KEY (`id`) USING BTREE;

--
-- Indexes for table `tbl_history_barang`
--
ALTER TABLE `tbl_history_barang`
  ADD PRIMARY KEY (`id`) USING BTREE;

--
-- Indexes for table `tbl_iuran`
--
ALTER TABLE `tbl_iuran`
  ADD PRIMARY KEY (`id`) USING BTREE;

--
-- Indexes for table `tbl_kategori`
--
ALTER TABLE `tbl_kategori`
  ADD PRIMARY KEY (`id`) USING BTREE;

--
-- Indexes for table `tbl_kateg_trans`
--
ALTER TABLE `tbl_kateg_trans`
  ADD PRIMARY KEY (`id`) USING BTREE;

--
-- Indexes for table `tbl_keuangan`
--
ALTER TABLE `tbl_keuangan`
  ADD PRIMARY KEY (`id`) USING BTREE;

--
-- Indexes for table `tbl_level`
--
ALTER TABLE `tbl_level`
  ADD PRIMARY KEY (`id`) USING BTREE;

--
-- Indexes for table `tbl_pemasukan`
--
ALTER TABLE `tbl_pemasukan`
  ADD PRIMARY KEY (`id`) USING BTREE;

--
-- Indexes for table `tbl_pengeluaran`
--
ALTER TABLE `tbl_pengeluaran`
  ADD PRIMARY KEY (`id`) USING BTREE;

--
-- Indexes for table `tbl_transaksi`
--
ALTER TABLE `tbl_transaksi`
  ADD PRIMARY KEY (`id`) USING BTREE;

--
-- Indexes for table `tbl_uom`
--
ALTER TABLE `tbl_uom`
  ADD PRIMARY KEY (`id`) USING BTREE;

--
-- Indexes for table `tbl_user`
--
ALTER TABLE `tbl_user`
  ADD PRIMARY KEY (`id`);

--
-- AUTO_INCREMENT for dumped tables
--

--
-- AUTO_INCREMENT for table `tbl_anggota`
--
ALTER TABLE `tbl_anggota`
  MODIFY `id` int NOT NULL AUTO_INCREMENT, AUTO_INCREMENT=118;

--
-- AUTO_INCREMENT for table `tbl_barang`
--
ALTER TABLE `tbl_barang`
  MODIFY `id` int NOT NULL AUTO_INCREMENT, AUTO_INCREMENT=83;

--
-- AUTO_INCREMENT for table `tbl_deposit`
--
ALTER TABLE `tbl_deposit`
  MODIFY `id` int NOT NULL AUTO_INCREMENT, AUTO_INCREMENT=113;

--
-- AUTO_INCREMENT for table `tbl_dtl_trans`
--
ALTER TABLE `tbl_dtl_trans`
  MODIFY `id` int NOT NULL AUTO_INCREMENT, AUTO_INCREMENT=1690;

--
-- AUTO_INCREMENT for table `tbl_history_barang`
--
ALTER TABLE `tbl_history_barang`
  MODIFY `id` int NOT NULL AUTO_INCREMENT, AUTO_INCREMENT=436;

--
-- AUTO_INCREMENT for table `tbl_iuran`
--
ALTER TABLE `tbl_iuran`
  MODIFY `id` int NOT NULL AUTO_INCREMENT, AUTO_INCREMENT=1569;

--
-- AUTO_INCREMENT for table `tbl_kategori`
--
ALTER TABLE `tbl_kategori`
  MODIFY `id` int NOT NULL AUTO_INCREMENT, AUTO_INCREMENT=4;

--
-- AUTO_INCREMENT for table `tbl_kateg_trans`
--
ALTER TABLE `tbl_kateg_trans`
  MODIFY `id` int NOT NULL AUTO_INCREMENT, AUTO_INCREMENT=15;

--
-- AUTO_INCREMENT for table `tbl_keuangan`
--
ALTER TABLE `tbl_keuangan`
  MODIFY `id` int NOT NULL AUTO_INCREMENT, AUTO_INCREMENT=117;

--
-- AUTO_INCREMENT for table `tbl_level`
--
ALTER TABLE `tbl_level`
  MODIFY `id` int NOT NULL AUTO_INCREMENT, AUTO_INCREMENT=4;

--
-- AUTO_INCREMENT for table `tbl_pemasukan`
--
ALTER TABLE `tbl_pemasukan`
  MODIFY `id` int NOT NULL AUTO_INCREMENT, AUTO_INCREMENT=7;

--
-- AUTO_INCREMENT for table `tbl_pengeluaran`
--
ALTER TABLE `tbl_pengeluaran`
  MODIFY `id` int NOT NULL AUTO_INCREMENT, AUTO_INCREMENT=102;

--
-- AUTO_INCREMENT for table `tbl_transaksi`
--
ALTER TABLE `tbl_transaksi`
  MODIFY `id` int NOT NULL AUTO_INCREMENT, AUTO_INCREMENT=906;

--
-- AUTO_INCREMENT for table `tbl_uom`
--
ALTER TABLE `tbl_uom`
  MODIFY `id` int NOT NULL AUTO_INCREMENT, AUTO_INCREMENT=11;

--
-- AUTO_INCREMENT for table `tbl_user`
--
ALTER TABLE `tbl_user`
  MODIFY `id` int NOT NULL AUTO_INCREMENT, AUTO_INCREMENT=7;
COMMIT;

/*!40101 SET CHARACTER_SET_CLIENT=@OLD_CHARACTER_SET_CLIENT */;
/*!40101 SET CHARACTER_SET_RESULTS=@OLD_CHARACTER_SET_RESULTS */;
/*!40101 SET COLLATION_CONNECTION=@OLD_COLLATION_CONNECTION */;
